2026-07-18 08:10:08.635 - RealTimeSTT: realtimestt - INFO - Starting RealTimeSTT
2026-07-18 08:10:08.638 - RealTimeSTT: realtimestt - INFO - Initializing audio recording (creating pyAudio input stream, sample rate: 16000 buffer size: 512
2026-07-18 08:10:08.638 - RealTimeSTT: realtimestt - INFO - Initializing faster_whisper realtime transcription model tiny.en, default device: cpu, compute type: default, device index: 0, download root: None
2026-07-18 08:10:08.645 - RealTimeSTT: realtimestt - DEBUG - Starting audio data worker with target_sample_rate=16000, buffer_size=512, input_device_index=None
2026-07-18 08:10:08.645 - RealTimeSTT: realtimestt - DEBUG - Creating PyAudio interface...
2026-07-18 08:10:08.935 - RealTimeSTT: realtimestt - DEBUG - No device index supplied; using default device 12
2026-07-18 08:10:08.935 - RealTimeSTT: realtimestt - DEBUG - Retrieving highest sample rate for device index 12: {'index': 12, 'structVersion': 2, 'name': 'default', 'hostApi': 0, 'maxInputChannels': 64, 'maxOutputChannels': 64, 'defaultLowInputLatency': 0.008707482993197279, 'defaultLowOutputLatency': 0.008707482993197279, 'defaultHighInputLatency': 0.034829931972789115, 'defaultHighOutputLatency': 0.034829931972789115, 'defaultSampleRate': 44100.0}
2026-07-18 08:10:08.935 - RealTimeSTT: realtimestt - DEBUG - Highest supported sample rate for device index 12 is 44100
2026-07-18 08:10:08.935 - RealTimeSTT: realtimestt - DEBUG - Sample rates to try for device 12: [16000, 44100]
2026-07-18 08:10:08.935 - RealTimeSTT: realtimestt - DEBUG - Attempting to initialize audio stream at 16000 Hz.
2026-07-18 08:10:08.935 - RealTimeSTT: realtimestt - DEBUG - Found 19 total audio devices on the system.
2026-07-18 08:10:08.936 - RealTimeSTT: realtimestt - DEBUG - Available input devices with input channels: [1, 3, 10, 12, 13, 14, 15, 16, 17, 18]
2026-07-18 08:10:08.936 - RealTimeSTT: realtimestt - DEBUG - Validating device index 12 with info: {'index': 12, 'structVersion': 2, 'name': 'default', 'hostApi': 0, 'maxInputChannels': 64, 'maxOutputChannels': 64, 'defaultLowInputLatency': 0.008707482993197279, 'defaultLowOutputLatency': 0.008707482993197279, 'defaultHighInputLatency': 0.034829931972789115, 'defaultHighOutputLatency': 0.034829931972789115, 'defaultSampleRate': 44100.0}
2026-07-18 08:10:09.107 - RealTimeSTT: realtimestt - DEBUG - Device index 12 successfully validated.
2026-07-18 08:10:09.107 - RealTimeSTT: realtimestt - DEBUG - Opening stream with device index 12, sample_rate=16000, chunk_size=1024
2026-07-18 08:10:09.157 - RealTimeSTT: realtimestt - INFO - Microphone connected and validated (device index: 12, sample rate: 16000, chunk size: 1024)
2026-07-18 08:10:09.157 - RealTimeSTT: realtimestt - DEBUG - Audio recording initialized successfully at 16000 Hz, reading 1024 frames at a time
2026-07-18 08:10:10.254 - RealTimeSTT: realtimestt - DEBUG - _audio_data_worker writing audio data into queue.
2026-07-18 08:10:10.678 - RealTimeSTT: realtimestt - DEBUG - faster_whisper realtime speech to text transcription model initialized successfully
2026-07-18 08:10:10.678 - RealTimeSTT: realtimestt - INFO - Initializing WebRTC voice with Sensitivity 3
2026-07-18 08:10:10.679 - RealTimeSTT: realtimestt - DEBUG - WebRTC VAD voice activity detection engine initialized successfully
2026-07-18 08:10:10.694 - RealTimeSTT: realtimestt - DEBUG - Silero VAD voice activity detection engine initialized successfully with backend raw_onnx_ifless
2026-07-18 08:10:10.697 - RealTimeSTT: realtimestt - DEBUG - Starting realtime worker
2026-07-18 08:10:10.698 - RealTimeSTT: realtimestt - DEBUG - Waiting for main transcription model to start
2026-07-18 08:10:10.711 - RealTimeSTT: realtimestt - DEBUG - Main transcription model ready
2026-07-18 08:10:10.712 - RealTimeSTT: realtimestt - DEBUG - RealtimeSTT initialization completed successfully
2026-07-18 08:10:10.712 - RealTimeSTT: realtimestt - INFO - Setting listen time
2026-07-18 08:10:10.712 - RealTimeSTT: realtimestt - INFO - State changed from 'inactive' to 'listening'
2026-07-18 08:10:10.713 - RealTimeSTT: realtimestt - DEBUG - Waiting for recording start
2026-07-18 08:10:11.278 - RealTimeSTT: realtimestt - DEBUG - _audio_data_worker writing audio data into queue.
2026-07-18 08:10:12.302 - RealTimeSTT: realtimestt - DEBUG - _audio_data_worker writing audio data into queue.
2026-07-18 08:10:13.326 - RealTimeSTT: realtimestt - DEBUG - _audio_data_worker writing audio data into queue.
2026-07-18 08:10:14.350 - RealTimeSTT: realtimestt - DEBUG - _audio_data_worker writing audio data into queue.
2026-07-18 08:10:15.374 - RealTimeSTT: realtimestt - DEBUG - _audio_data_worker writing audio data into queue.
2026-07-18 08:10:16.398 - RealTimeSTT: realtimestt - DEBUG - _audio_data_worker writing audio data into queue.
2026-07-18 08:10:17.422 - RealTimeSTT: realtimestt - DEBUG - _audio_data_worker writing audio data into queue.
2026-07-18 08:10:18.446 - RealTimeSTT: realtimestt - DEBUG - _audio_data_worker writing audio data into queue.
2026-07-18 08:10:19.470 - RealTimeSTT: realtimestt - DEBUG - _audio_data_worker writing audio data into queue.
2026-07-18 08:10:20.494 - RealTimeSTT: realtimestt - DEBUG - _audio_data_worker writing audio data into queue.
2026-07-18 08:10:21.518 - RealTimeSTT: realtimestt - DEBUG - _audio_data_worker writing audio data into queue.
2026-07-18 08:10:22.542 - RealTimeSTT: realtimestt - DEBUG - _audio_data_worker writing audio data into queue.
2026-07-18 08:10:23.566 - RealTimeSTT: realtimestt - DEBUG - _audio_data_worker writing audio data into queue.
2026-07-18 08:10:24.590 - RealTimeSTT: realtimestt - DEBUG - _audio_data_worker writing audio data into queue.
2026-07-18 08:10:25.614 - RealTimeSTT: realtimestt - DEBUG - _audio_data_worker writing audio data into queue.
2026-07-18 08:10:26.638 - RealTimeSTT: realtimestt - DEBUG - _audio_data_worker writing audio data into queue.
2026-07-18 08:10:27.662 - RealTimeSTT: realtimestt - DEBUG - _audio_data_worker writing audio data into queue.
2026-07-18 08:10:28.686 - RealTimeSTT: realtimestt - DEBUG - _audio_data_worker writing audio data into queue.
2026-07-18 08:10:29.710 - RealTimeSTT: realtimestt - DEBUG - _audio_data_worker writing audio data into queue.
2026-07-18 08:10:30.734 - RealTimeSTT: realtimestt - DEBUG - _audio_data_worker writing audio data into queue.
2026-07-18 08:10:31.758 - RealTimeSTT: realtimestt - DEBUG - _audio_data_worker writing audio data into queue.
2026-07-18 08:10:32.782 - RealTimeSTT: realtimestt - DEBUG - _audio_data_worker writing audio data into queue.
2026-07-18 08:10:33.806 - RealTimeSTT: realtimestt - DEBUG - _audio_data_worker writing audio data into queue.
2026-07-18 08:10:34.830 - RealTimeSTT: realtimestt - DEBUG - _audio_data_worker writing audio data into queue.
2026-07-18 08:10:35.854 - RealTimeSTT: realtimestt - DEBUG - _audio_data_worker writing audio data into queue.
2026-07-18 08:10:36.878 - RealTimeSTT: realtimestt - DEBUG - _audio_data_worker writing audio data into queue.
2026-07-18 08:10:37.902 - RealTimeSTT: realtimestt - DEBUG - _audio_data_worker writing audio data into queue.
2026-07-18 08:10:38.926 - RealTimeSTT: realtimestt - DEBUG - _audio_data_worker writing audio data into queue.
2026-07-18 08:10:39.950 - RealTimeSTT: realtimestt - DEBUG - _audio_data_worker writing audio data into queue.
2026-07-18 08:10:40.974 - RealTimeSTT: realtimestt - DEBUG - _audio_data_worker writing audio data into queue.
2026-07-18 08:10:41.998 - RealTimeSTT: realtimestt - DEBUG - _audio_data_worker writing audio data into queue.
2026-07-18 08:10:43.022 - RealTimeSTT: realtimestt - DEBUG - _audio_data_worker writing audio data into queue.
2026-07-18 08:10:44.046 - RealTimeSTT: realtimestt - DEBUG - _audio_data_worker writing audio data into queue.
2026-07-18 08:10:45.070 - RealTimeSTT: realtimestt - DEBUG - _audio_data_worker writing audio data into queue.
2026-07-18 08:10:46.094 - RealTimeSTT: realtimestt - DEBUG - _audio_data_worker writing audio data into queue.
2026-07-18 08:10:47.118 - RealTimeSTT: realtimestt - DEBUG - _audio_data_worker writing audio data into queue.
2026-07-18 08:10:48.141 - RealTimeSTT: realtimestt - DEBUG - _audio_data_worker writing audio data into queue.
2026-07-18 08:10:48.142 - RealTimeSTT: realtimestt - INFO - voice activity detected
2026-07-18 08:10:48.142 - RealTimeSTT: realtimestt - INFO - recording started
2026-07-18 08:10:48.142 - RealTimeSTT: realtimestt - INFO - State changed from 'listening' to 'recording'
2026-07-18 08:10:48.143 - RealTimeSTT: realtimestt - DEBUG - Waiting for recording stop
2026-07-18 08:10:48.632 - RealTimeSTT: realtimestt - DEBUG - Current realtime buffer size: 24064
2026-07-18 08:10:49.166 - RealTimeSTT: realtimestt - DEBUG - _audio_data_worker writing audio data into queue.
2026-07-18 08:10:49.503 - RealTimeSTT: realtimestt - DEBUG - Realtime text detected (timer): Yeah.
2026-07-18 08:10:49.508 - RealTimeSTT: realtimestt - INFO - recording stopped
2026-07-18 08:10:49.511 - RealTimeSTT: realtimestt - DEBUG - No samples removed, final audio length: 38912
2026-07-18 08:10:49.511 - RealTimeSTT: realtimestt - INFO - State changed from 'recording' to 'inactive'
2026-07-18 08:10:49.577 - RealTimeSTT: realtimestt - INFO - State changed from 'inactive' to 'transcribing'
2026-07-18 08:10:49.578 - RealTimeSTT: realtimestt - DEBUG - Adding transcription request, no early transcription started
2026-07-18 08:10:49.579 - RealTimeSTT: realtimestt - DEBUG - Receive from parent_transcription_pipe after sendiung transcription request, transcribe_count: 1
2026-07-18 08:10:49.682 - RealTimeSTT: realtimestt - DEBUG - Receive from parent_transcription_pipe after sendiung transcription request, transcribe_count: 1
2026-07-18 08:10:49.783 - RealTimeSTT: realtimestt - DEBUG - Receive from parent_transcription_pipe after sendiung transcription request, transcribe_count: 1
2026-07-18 08:10:49.884 - RealTimeSTT: realtimestt - DEBUG - Receive from parent_transcription_pipe after sendiung transcription request, transcribe_count: 1
2026-07-18 08:10:49.985 - RealTimeSTT: realtimestt - DEBUG - Receive from parent_transcription_pipe after sendiung transcription request, transcribe_count: 1
2026-07-18 08:10:50.085 - RealTimeSTT: realtimestt - DEBUG - Receive from parent_transcription_pipe after sendiung transcription request, transcribe_count: 1
2026-07-18 08:10:50.186 - RealTimeSTT: realtimestt - DEBUG - Receive from parent_transcription_pipe after sendiung transcription request, transcribe_count: 1
2026-07-18 08:10:50.190 - RealTimeSTT: realtimestt - DEBUG - _audio_data_worker writing audio data into queue.
2026-07-18 08:10:50.287 - RealTimeSTT: realtimestt - DEBUG - Receive from parent_transcription_pipe after sendiung transcription request, transcribe_count: 1
2026-07-18 08:10:50.322 - RealTimeSTT: realtimestt - INFO - State changed from 'transcribing' to 'inactive'
2026-07-18 08:10:50.335 - RealTimeSTT: realtimestt - DEBUG - Model tiny.en completed transcription in 0.76 seconds
2026-07-18 08:10:50.335 - RealTimeSTT: realtimestt - INFO - Setting listen time
2026-07-18 08:10:50.335 - RealTimeSTT: realtimestt - INFO - State changed from 'inactive' to 'listening'
2026-07-18 08:10:50.337 - RealTimeSTT: realtimestt - DEBUG - Waiting for recording start
2026-07-18 08:10:51.214 - RealTimeSTT: realtimestt - DEBUG - _audio_data_worker writing audio data into queue.
2026-07-18 08:10:52.238 - RealTimeSTT: realtimestt - DEBUG - _audio_data_worker writing audio data into queue.
2026-07-18 08:10:53.261 - RealTimeSTT: realtimestt - DEBUG - _audio_data_worker writing audio data into queue.
2026-07-18 08:10:54.286 - RealTimeSTT: realtimestt - DEBUG - _audio_data_worker writing audio data into queue.
2026-07-18 08:10:55.310 - RealTimeSTT: realtimestt - DEBUG - _audio_data_worker writing audio data into queue.
2026-07-18 08:10:56.334 - RealTimeSTT: realtimestt - DEBUG - _audio_data_worker writing audio data into queue.
2026-07-18 08:10:57.357 - RealTimeSTT: realtimestt - DEBUG - _audio_data_worker writing audio data into queue.
2026-07-18 08:10:58.381 - RealTimeSTT: realtimestt - DEBUG - _audio_data_worker writing audio data into queue.
2026-07-18 08:10:59.405 - RealTimeSTT: realtimestt - DEBUG - _audio_data_worker writing audio data into queue.
2026-07-18 08:11:00.429 - RealTimeSTT: realtimestt - DEBUG - _audio_data_worker writing audio data into queue.
2026-07-18 08:11:01.454 - RealTimeSTT: realtimestt - DEBUG - _audio_data_worker writing audio data into queue.
2026-07-18 08:11:02.478 - RealTimeSTT: realtimestt - DEBUG - _audio_data_worker writing audio data into queue.
2026-07-18 08:11:03.501 - RealTimeSTT: realtimestt - DEBUG - _audio_data_worker writing audio data into queue.
2026-07-18 08:11:04.525 - RealTimeSTT: realtimestt - DEBUG - _audio_data_worker writing audio data into queue.
2026-07-18 08:11:05.549 - RealTimeSTT: realtimestt - DEBUG - _audio_data_worker writing audio data into queue.
2026-07-18 08:11:06.573 - RealTimeSTT: realtimestt - DEBUG - _audio_data_worker writing audio data into queue.
2026-07-18 08:11:07.597 - RealTimeSTT: realtimestt - DEBUG - _audio_data_worker writing audio data into queue.
2026-07-18 08:11:08.621 - RealTimeSTT: realtimestt - DEBUG - _audio_data_worker writing audio data into queue.
2026-07-18 08:11:09.646 - RealTimeSTT: realtimestt - DEBUG - _audio_data_worker writing audio data into queue.
2026-07-18 08:11:10.669 - RealTimeSTT: realtimestt - DEBUG - _audio_data_worker writing audio data into queue.
2026-07-18 08:11:11.693 - RealTimeSTT: realtimestt - DEBUG - _audio_data_worker writing audio data into queue.
2026-07-18 08:11:12.717 - RealTimeSTT: realtimestt - DEBUG - _audio_data_worker writing audio data into queue.
2026-07-18 08:11:13.741 - RealTimeSTT: realtimestt - DEBUG - _audio_data_worker writing audio data into queue.
2026-07-18 08:11:14.765 - RealTimeSTT: realtimestt - DEBUG - _audio_data_worker writing audio data into queue.
2026-07-18 08:11:15.789 - RealTimeSTT: realtimestt - DEBUG - _audio_data_worker writing audio data into queue.
2026-07-18 08:11:16.813 - RealTimeSTT: realtimestt - DEBUG - _audio_data_worker writing audio data into queue.
2026-07-18 08:11:17.837 - RealTimeSTT: realtimestt - DEBUG - _audio_data_worker writing audio data into queue.
2026-07-18 08:11:18.861 - RealTimeSTT: realtimestt - DEBUG - _audio_data_worker writing audio data into queue.
2026-07-18 08:11:19.885 - RealTimeSTT: realtimestt - DEBUG - _audio_data_worker writing audio data into queue.
2026-07-18 08:11:20.909 - RealTimeSTT: realtimestt - DEBUG - _audio_data_worker writing audio data into queue.
2026-07-18 08:11:21.933 - RealTimeSTT: realtimestt - DEBUG - _audio_data_worker writing audio data into queue.
2026-07-18 08:11:22.957 - RealTimeSTT: realtimestt - DEBUG - _audio_data_worker writing audio data into queue.
2026-07-18 08:11:23.981 - RealTimeSTT: realtimestt - DEBUG - _audio_data_worker writing audio data into queue.
2026-07-18 08:11:25.005 - RealTimeSTT: realtimestt - DEBUG - _audio_data_worker writing audio data into queue.
2026-07-18 08:11:26.029 - RealTimeSTT: realtimestt - DEBUG - _audio_data_worker writing audio data into queue.
2026-07-18 08:11:27.053 - RealTimeSTT: realtimestt - DEBUG - _audio_data_worker writing audio data into queue.
2026-07-18 08:11:28.077 - RealTimeSTT: realtimestt - DEBUG - _audio_data_worker writing audio data into queue.
2026-07-18 08:11:29.101 - RealTimeSTT: realtimestt - DEBUG - _audio_data_worker writing audio data into queue.
2026-07-18 08:11:30.125 - RealTimeSTT: realtimestt - DEBUG - _audio_data_worker writing audio data into queue.
2026-07-18 08:11:31.149 - RealTimeSTT: realtimestt - DEBUG - _audio_data_worker writing audio data into queue.
2026-07-18 08:11:32.173 - RealTimeSTT: realtimestt - DEBUG - _audio_data_worker writing audio data into queue.
2026-07-18 08:11:33.197 - RealTimeSTT: realtimestt - DEBUG - _audio_data_worker writing audio data into queue.
2026-07-18 08:11:34.221 - RealTimeSTT: realtimestt - DEBUG - _audio_data_worker writing audio data into queue.
2026-07-18 08:11:35.245 - RealTimeSTT: realtimestt - DEBUG - _audio_data_worker writing audio data into queue.
2026-07-18 08:11:36.269 - RealTimeSTT: realtimestt - DEBUG - _audio_data_worker writing audio data into queue.
2026-07-18 08:11:37.293 - RealTimeSTT: realtimestt - DEBUG - _audio_data_worker writing audio data into queue.
2026-07-18 08:11:38.317 - RealTimeSTT: realtimestt - DEBUG - _audio_data_worker writing audio data into queue.
2026-07-18 08:11:39.341 - RealTimeSTT: realtimestt - DEBUG - _audio_data_worker writing audio data into queue.
2026-07-18 08:11:40.365 - RealTimeSTT: realtimestt - DEBUG - _audio_data_worker writing audio data into queue.
2026-07-18 08:11:41.389 - RealTimeSTT: realtimestt - DEBUG - _audio_data_worker writing audio data into queue.
2026-07-18 08:11:42.413 - RealTimeSTT: realtimestt - DEBUG - _audio_data_worker writing audio data into queue.
2026-07-18 08:11:43.437 - RealTimeSTT: realtimestt - DEBUG - _audio_data_worker writing audio data into queue.
2026-07-18 08:11:44.461 - RealTimeSTT: realtimestt - DEBUG - _audio_data_worker writing audio data into queue.
2026-07-18 08:11:45.485 - RealTimeSTT: realtimestt - DEBUG - _audio_data_worker writing audio data into queue.
2026-07-18 08:11:46.509 - RealTimeSTT: realtimestt - DEBUG - _audio_data_worker writing audio data into queue.
2026-07-18 08:11:47.533 - RealTimeSTT: realtimestt - DEBUG - _audio_data_worker writing audio data into queue.
2026-07-18 08:11:48.557 - RealTimeSTT: realtimestt - DEBUG - _audio_data_worker writing audio data into queue.
2026-07-18 08:11:49.581 - RealTimeSTT: realtimestt - DEBUG - _audio_data_worker writing audio data into queue.
2026-07-18 08:11:50.605 - RealTimeSTT: realtimestt - DEBUG - _audio_data_worker writing audio data into queue.
2026-07-18 08:11:51.629 - RealTimeSTT: realtimestt - DEBUG - _audio_data_worker writing audio data into queue.
2026-07-18 08:11:52.653 - RealTimeSTT: realtimestt - DEBUG - _audio_data_worker writing audio data into queue.
2026-07-18 08:11:53.677 - RealTimeSTT: realtimestt - DEBUG - _audio_data_worker writing audio data into queue.
2026-07-18 08:11:54.701 - RealTimeSTT: realtimestt - DEBUG - _audio_data_worker writing audio data into queue.
2026-07-18 08:11:55.725 - RealTimeSTT: realtimestt - DEBUG - _audio_data_worker writing audio data into queue.
2026-07-18 08:11:56.749 - RealTimeSTT: realtimestt - DEBUG - _audio_data_worker writing audio data into queue.
2026-07-18 08:11:57.773 - RealTimeSTT: realtimestt - DEBUG - _audio_data_worker writing audio data into queue.
2026-07-18 08:11:58.797 - RealTimeSTT: realtimestt - DEBUG - _audio_data_worker writing audio data into queue.
2026-07-18 08:11:59.821 - RealTimeSTT: realtimestt - DEBUG - _audio_data_worker writing audio data into queue.
2026-07-18 08:12:00.845 - RealTimeSTT: realtimestt - DEBUG - _audio_data_worker writing audio data into queue.
2026-07-18 08:12:01.272 - RealTimeSTT: realtimestt - INFO - voice activity detected
2026-07-18 08:12:01.272 - RealTimeSTT: realtimestt - INFO - recording started
2026-07-18 08:12:01.273 - RealTimeSTT: realtimestt - INFO - State changed from 'listening' to 'recording'
2026-07-18 08:12:01.273 - RealTimeSTT: realtimestt - DEBUG - Waiting for recording stop
2026-07-18 08:12:01.772 - RealTimeSTT: realtimestt - DEBUG - Current realtime buffer size: 24064
2026-07-18 08:12:01.869 - RealTimeSTT: realtimestt - DEBUG - _audio_data_worker writing audio data into queue.
2026-07-18 08:12:02.621 - RealTimeSTT: realtimestt - DEBUG - Realtime text detected (timer): Remember Jesus Christ.
2026-07-18 08:12:02.893 - RealTimeSTT: realtimestt - DEBUG - _audio_data_worker writing audio data into queue.
2026-07-18 08:12:02.979 - RealTimeSTT: realtimestt - INFO - recording stopped
2026-07-18 08:12:02.982 - RealTimeSTT: realtimestt - DEBUG - No samples removed, final audio length: 44032
2026-07-18 08:12:02.982 - RealTimeSTT: realtimestt - INFO - State changed from 'recording' to 'inactive'
2026-07-18 08:12:03.005 - RealTimeSTT: realtimestt - INFO - State changed from 'inactive' to 'transcribing'
2026-07-18 08:12:03.006 - RealTimeSTT: realtimestt - DEBUG - Adding transcription request, no early transcription started
2026-07-18 08:12:03.007 - RealTimeSTT: realtimestt - DEBUG - Receive from parent_transcription_pipe after sendiung transcription request, transcribe_count: 1
2026-07-18 08:12:03.108 - RealTimeSTT: realtimestt - DEBUG - Receive from parent_transcription_pipe after sendiung transcription request, transcribe_count: 1
2026-07-18 08:12:03.209 - RealTimeSTT: realtimestt - DEBUG - Receive from parent_transcription_pipe after sendiung transcription request, transcribe_count: 1
2026-07-18 08:12:03.310 - RealTimeSTT: realtimestt - DEBUG - Receive from parent_transcription_pipe after sendiung transcription request, transcribe_count: 1
2026-07-18 08:12:03.411 - RealTimeSTT: realtimestt - DEBUG - Receive from parent_transcription_pipe after sendiung transcription request, transcribe_count: 1
2026-07-18 08:12:03.512 - RealTimeSTT: realtimestt - DEBUG - Receive from parent_transcription_pipe after sendiung transcription request, transcribe_count: 1
2026-07-18 08:12:03.612 - RealTimeSTT: realtimestt - DEBUG - Receive from parent_transcription_pipe after sendiung transcription request, transcribe_count: 1
2026-07-18 08:12:03.713 - RealTimeSTT: realtimestt - DEBUG - Receive from parent_transcription_pipe after sendiung transcription request, transcribe_count: 1
2026-07-18 08:12:03.814 - RealTimeSTT: realtimestt - DEBUG - Receive from parent_transcription_pipe after sendiung transcription request, transcribe_count: 1
2026-07-18 08:12:03.915 - RealTimeSTT: realtimestt - DEBUG - Receive from parent_transcription_pipe after sendiung transcription request, transcribe_count: 1
2026-07-18 08:12:03.917 - RealTimeSTT: realtimestt - DEBUG - _audio_data_worker writing audio data into queue.
2026-07-18 08:12:04.016 - RealTimeSTT: realtimestt - DEBUG - Receive from parent_transcription_pipe after sendiung transcription request, transcribe_count: 1
2026-07-18 08:12:04.118 - RealTimeSTT: realtimestt - DEBUG - Receive from parent_transcription_pipe after sendiung transcription request, transcribe_count: 1
2026-07-18 08:12:04.140 - RealTimeSTT: realtimestt - INFO - State changed from 'transcribing' to 'inactive'
2026-07-18 08:12:04.170 - RealTimeSTT: realtimestt - DEBUG - Model tiny.en completed transcription in 1.16 seconds
2026-07-18 08:12:04.172 - RealTimeSTT: realtimestt - INFO - Setting listen time
2026-07-18 08:12:04.172 - RealTimeSTT: realtimestt - INFO - State changed from 'inactive' to 'listening'
2026-07-18 08:12:04.177 - RealTimeSTT: realtimestt - DEBUG - Waiting for recording start
2026-07-18 08:12:04.941 - RealTimeSTT: realtimestt - DEBUG - _audio_data_worker writing audio data into queue.
2026-07-18 08:12:05.965 - RealTimeSTT: realtimestt - DEBUG - _audio_data_worker writing audio data into queue.
2026-07-18 08:12:06.989 - RealTimeSTT: realtimestt - DEBUG - _audio_data_worker writing audio data into queue.
2026-07-18 08:12:08.012 - RealTimeSTT: realtimestt - DEBUG - _audio_data_worker writing audio data into queue.
2026-07-18 08:12:09.037 - RealTimeSTT: realtimestt - DEBUG - _audio_data_worker writing audio data into queue.
2026-07-18 08:12:10.060 - RealTimeSTT: realtimestt - DEBUG - _audio_data_worker writing audio data into queue.
2026-07-18 08:12:11.085 - RealTimeSTT: realtimestt - DEBUG - _audio_data_worker writing audio data into queue.
2026-07-18 08:12:12.109 - RealTimeSTT: realtimestt - DEBUG - _audio_data_worker writing audio data into queue.
2026-07-18 08:12:13.132 - RealTimeSTT: realtimestt - DEBUG - _audio_data_worker writing audio data into queue.
2026-07-18 08:12:14.156 - RealTimeSTT: realtimestt - DEBUG - _audio_data_worker writing audio data into queue.
2026-07-18 08:12:15.181 - RealTimeSTT: realtimestt - DEBUG - _audio_data_worker writing audio data into queue.
2026-07-18 08:12:16.204 - RealTimeSTT: realtimestt - DEBUG - _audio_data_worker writing audio data into queue.
2026-07-18 08:12:17.228 - RealTimeSTT: realtimestt - DEBUG - _audio_data_worker writing audio data into queue.
2026-07-18 08:12:18.253 - RealTimeSTT: realtimestt - DEBUG - _audio_data_worker writing audio data into queue.
2026-07-18 08:12:19.276 - RealTimeSTT: realtimestt - DEBUG - _audio_data_worker writing audio data into queue.
2026-07-18 08:12:20.301 - RealTimeSTT: realtimestt - DEBUG - _audio_data_worker writing audio data into queue.
2026-07-18 08:12:21.324 - RealTimeSTT: realtimestt - DEBUG - _audio_data_worker writing audio data into queue.
2026-07-18 08:12:22.348 - RealTimeSTT: realtimestt - DEBUG - _audio_data_worker writing audio data into queue.
2026-07-18 08:12:23.372 - RealTimeSTT: realtimestt - DEBUG - _audio_data_worker writing audio data into queue.
2026-07-18 08:12:24.396 - RealTimeSTT: realtimestt - DEBUG - _audio_data_worker writing audio data into queue.
2026-07-18 08:12:25.420 - RealTimeSTT: realtimestt - DEBUG - _audio_data_worker writing audio data into queue.
2026-07-18 08:12:26.444 - RealTimeSTT: realtimestt - DEBUG - _audio_data_worker writing audio data into queue.
2026-07-18 08:12:27.468 - RealTimeSTT: realtimestt - DEBUG - _audio_data_worker writing audio data into queue.
2026-07-18 08:12:28.492 - RealTimeSTT: realtimestt - DEBUG - _audio_data_worker writing audio data into queue.
2026-07-18 08:12:29.516 - RealTimeSTT: realtimestt - DEBUG - _audio_data_worker writing audio data into queue.
2026-07-18 08:12:30.540 - RealTimeSTT: realtimestt - DEBUG - _audio_data_worker writing audio data into queue.
2026-07-18 08:12:31.564 - RealTimeSTT: realtimestt - DEBUG - _audio_data_worker writing audio data into queue.
2026-07-18 08:12:32.588 - RealTimeSTT: realtimestt - DEBUG - _audio_data_worker writing audio data into queue.
2026-07-18 08:12:33.612 - RealTimeSTT: realtimestt - DEBUG - _audio_data_worker writing audio data into queue.
2026-07-18 08:12:34.636 - RealTimeSTT: realtimestt - DEBUG - _audio_data_worker writing audio data into queue.
2026-07-18 08:12:35.660 - RealTimeSTT: realtimestt - DEBUG - _audio_data_worker writing audio data into queue.
2026-07-18 08:12:36.684 - RealTimeSTT: realtimestt - DEBUG - _audio_data_worker writing audio data into queue.
2026-07-18 08:12:37.708 - RealTimeSTT: realtimestt - DEBUG - _audio_data_worker writing audio data into queue.
2026-07-18 08:12:38.732 - RealTimeSTT: realtimestt - DEBUG - _audio_data_worker writing audio data into queue.
2026-07-18 08:12:39.756 - RealTimeSTT: realtimestt - DEBUG - _audio_data_worker writing audio data into queue.
2026-07-18 08:12:40.780 - RealTimeSTT: realtimestt - DEBUG - _audio_data_worker writing audio data into queue.
2026-07-18 08:12:41.804 - RealTimeSTT: realtimestt - DEBUG - _audio_data_worker writing audio data into queue.
2026-07-18 08:12:42.828 - RealTimeSTT: realtimestt - DEBUG - _audio_data_worker writing audio data into queue.
2026-07-18 08:12:43.852 - RealTimeSTT: realtimestt - DEBUG - _audio_data_worker writing audio data into queue.
2026-07-18 08:12:44.876 - RealTimeSTT: realtimestt - DEBUG - _audio_data_worker writing audio data into queue.
2026-07-18 08:12:45.900 - RealTimeSTT: realtimestt - DEBUG - _audio_data_worker writing audio data into queue.
2026-07-18 08:12:46.924 - RealTimeSTT: realtimestt - DEBUG - _audio_data_worker writing audio data into queue.
2026-07-18 08:12:47.948 - RealTimeSTT: realtimestt - DEBUG - _audio_data_worker writing audio data into queue.
2026-07-18 08:12:48.972 - RealTimeSTT: realtimestt - DEBUG - _audio_data_worker writing audio data into queue.
2026-07-18 08:12:49.996 - RealTimeSTT: realtimestt - DEBUG - _audio_data_worker writing audio data into queue.
2026-07-18 08:12:51.020 - RealTimeSTT: realtimestt - DEBUG - _audio_data_worker writing audio data into queue.
2026-07-18 08:12:52.044 - RealTimeSTT: realtimestt - DEBUG - _audio_data_worker writing audio data into queue.
2026-07-18 08:12:53.068 - RealTimeSTT: realtimestt - DEBUG - _audio_data_worker writing audio data into queue.
2026-07-18 08:12:54.092 - RealTimeSTT: realtimestt - DEBUG - _audio_data_worker writing audio data into queue.
2026-07-18 08:12:55.116 - RealTimeSTT: realtimestt - DEBUG - _audio_data_worker writing audio data into queue.
2026-07-18 08:12:56.140 - RealTimeSTT: realtimestt - DEBUG - _audio_data_worker writing audio data into queue.
2026-07-18 08:12:57.164 - RealTimeSTT: realtimestt - DEBUG - _audio_data_worker writing audio data into queue.
2026-07-18 08:12:58.188 - RealTimeSTT: realtimestt - DEBUG - _audio_data_worker writing audio data into queue.
2026-07-18 08:12:59.212 - RealTimeSTT: realtimestt - DEBUG - _audio_data_worker writing audio data into queue.
2026-07-18 08:13:00.236 - RealTimeSTT: realtimestt - DEBUG - _audio_data_worker writing audio data into queue.
2026-07-18 08:13:01.260 - RealTimeSTT: realtimestt - DEBUG - _audio_data_worker writing audio data into queue.
2026-07-18 08:13:02.284 - RealTimeSTT: realtimestt - DEBUG - _audio_data_worker writing audio data into queue.
2026-07-18 08:13:03.308 - RealTimeSTT: realtimestt - DEBUG - _audio_data_worker writing audio data into queue.
2026-07-18 08:13:04.332 - RealTimeSTT: realtimestt - DEBUG - _audio_data_worker writing audio data into queue.
2026-07-18 08:13:05.356 - RealTimeSTT: realtimestt - DEBUG - _audio_data_worker writing audio data into queue.
2026-07-18 08:13:06.380 - RealTimeSTT: realtimestt - DEBUG - _audio_data_worker writing audio data into queue.
2026-07-18 08:13:07.404 - RealTimeSTT: realtimestt - DEBUG - _audio_data_worker writing audio data into queue.
2026-07-18 08:13:08.428 - RealTimeSTT: realtimestt - DEBUG - _audio_data_worker writing audio data into queue.
2026-07-18 08:13:09.452 - RealTimeSTT: realtimestt - DEBUG - _audio_data_worker writing audio data into queue.
2026-07-18 08:13:10.476 - RealTimeSTT: realtimestt - DEBUG - _audio_data_worker writing audio data into queue.
2026-07-18 08:13:11.500 - RealTimeSTT: realtimestt - DEBUG - _audio_data_worker writing audio data into queue.
2026-07-18 08:13:12.524 - RealTimeSTT: realtimestt - DEBUG - _audio_data_worker writing audio data into queue.
2026-07-18 08:13:13.548 - RealTimeSTT: realtimestt - DEBUG - _audio_data_worker writing audio data into queue.
2026-07-18 08:13:14.572 - RealTimeSTT: realtimestt - DEBUG - _audio_data_worker writing audio data into queue.
2026-07-18 08:13:15.596 - RealTimeSTT: realtimestt - DEBUG - _audio_data_worker writing audio data into queue.
2026-07-18 08:13:16.620 - RealTimeSTT: realtimestt - DEBUG - _audio_data_worker writing audio data into queue.
2026-07-18 08:13:17.644 - RealTimeSTT: realtimestt - DEBUG - _audio_data_worker writing audio data into queue.
2026-07-18 08:13:18.668 - RealTimeSTT: realtimestt - DEBUG - _audio_data_worker writing audio data into queue.
2026-07-18 08:13:19.692 - RealTimeSTT: realtimestt - DEBUG - _audio_data_worker writing audio data into queue.
2026-07-18 08:13:20.716 - RealTimeSTT: realtimestt - DEBUG - _audio_data_worker writing audio data into queue.
2026-07-18 08:13:21.740 - RealTimeSTT: realtimestt - DEBUG - _audio_data_worker writing audio data into queue.
2026-07-18 08:13:22.764 - RealTimeSTT: realtimestt - DEBUG - _audio_data_worker writing audio data into queue.
2026-07-18 08:13:23.788 - RealTimeSTT: realtimestt - DEBUG - _audio_data_worker writing audio data into queue.
2026-07-18 08:13:24.812 - RealTimeSTT: realtimestt - DEBUG - _audio_data_worker writing audio data into queue.
2026-07-18 08:13:25.836 - RealTimeSTT: realtimestt - DEBUG - _audio_data_worker writing audio data into queue.
2026-07-18 08:13:26.860 - RealTimeSTT: realtimestt - DEBUG - _audio_data_worker writing audio data into queue.
2026-07-18 08:13:27.884 - RealTimeSTT: realtimestt - DEBUG - _audio_data_worker writing audio data into queue.
2026-07-18 08:13:28.908 - RealTimeSTT: realtimestt - DEBUG - _audio_data_worker writing audio data into queue.
2026-07-18 08:13:29.932 - RealTimeSTT: realtimestt - DEBUG - _audio_data_worker writing audio data into queue.
2026-07-18 08:13:30.956 - RealTimeSTT: realtimestt - DEBUG - _audio_data_worker writing audio data into queue.
2026-07-18 08:13:31.980 - RealTimeSTT: realtimestt - DEBUG - _audio_data_worker writing audio data into queue.
2026-07-18 08:13:33.004 - RealTimeSTT: realtimestt - DEBUG - _audio_data_worker writing audio data into queue.
2026-07-18 08:13:34.027 - RealTimeSTT: realtimestt - DEBUG - _audio_data_worker writing audio data into queue.
2026-07-18 08:13:35.052 - RealTimeSTT: realtimestt - DEBUG - _audio_data_worker writing audio data into queue.
2026-07-18 08:13:36.075 - RealTimeSTT: realtimestt - DEBUG - _audio_data_worker writing audio data into queue.
2026-07-18 08:13:37.100 - RealTimeSTT: realtimestt - DEBUG - _audio_data_worker writing audio data into queue.
2026-07-18 08:13:38.123 - RealTimeSTT: realtimestt - DEBUG - _audio_data_worker writing audio data into queue.
2026-07-18 08:13:39.147 - RealTimeSTT: realtimestt - DEBUG - _audio_data_worker writing audio data into queue.
2026-07-18 08:13:40.171 - RealTimeSTT: realtimestt - DEBUG - _audio_data_worker writing audio data into queue.
2026-07-18 08:13:41.196 - RealTimeSTT: realtimestt - DEBUG - _audio_data_worker writing audio data into queue.
2026-07-18 08:13:42.219 - RealTimeSTT: realtimestt - DEBUG - _audio_data_worker writing audio data into queue.
2026-07-18 08:13:43.243 - RealTimeSTT: realtimestt - DEBUG - _audio_data_worker writing audio data into queue.
2026-07-18 08:13:44.267 - RealTimeSTT: realtimestt - DEBUG - _audio_data_worker writing audio data into queue.
2026-07-18 08:13:45.291 - RealTimeSTT: realtimestt - DEBUG - _audio_data_worker writing audio data into queue.
2026-07-18 08:13:46.315 - RealTimeSTT: realtimestt - DEBUG - _audio_data_worker writing audio data into queue.
2026-07-18 08:13:47.339 - RealTimeSTT: realtimestt - DEBUG - _audio_data_worker writing audio data into queue.
2026-07-18 08:13:48.363 - RealTimeSTT: realtimestt - DEBUG - _audio_data_worker writing audio data into queue.
2026-07-18 08:13:49.387 - RealTimeSTT: realtimestt - DEBUG - _audio_data_worker writing audio data into queue.
2026-07-18 08:13:50.411 - RealTimeSTT: realtimestt - DEBUG - _audio_data_worker writing audio data into queue.
2026-07-18 08:13:51.435 - RealTimeSTT: realtimestt - DEBUG - _audio_data_worker writing audio data into queue.
2026-07-18 08:13:52.459 - RealTimeSTT: realtimestt - DEBUG - _audio_data_worker writing audio data into queue.
2026-07-18 08:13:53.483 - RealTimeSTT: realtimestt - DEBUG - _audio_data_worker writing audio data into queue.
2026-07-18 08:13:54.507 - RealTimeSTT: realtimestt - DEBUG - _audio_data_worker writing audio data into queue.
2026-07-18 08:13:55.531 - RealTimeSTT: realtimestt - DEBUG - _audio_data_worker writing audio data into queue.
2026-07-18 08:13:56.555 - RealTimeSTT: realtimestt - DEBUG - _audio_data_worker writing audio data into queue.
2026-07-18 08:13:57.579 - RealTimeSTT: realtimestt - DEBUG - _audio_data_worker writing audio data into queue.
2026-07-18 08:13:58.603 - RealTimeSTT: realtimestt - DEBUG - _audio_data_worker writing audio data into queue.
2026-07-18 08:13:59.627 - RealTimeSTT: realtimestt - DEBUG - _audio_data_worker writing audio data into queue.
2026-07-18 08:14:00.651 - RealTimeSTT: realtimestt - DEBUG - _audio_data_worker writing audio data into queue.
2026-07-18 08:14:01.676 - RealTimeSTT: realtimestt - DEBUG - _audio_data_worker writing audio data into queue.
2026-07-18 08:14:02.699 - RealTimeSTT: realtimestt - DEBUG - _audio_data_worker writing audio data into queue.
2026-07-18 08:14:03.724 - RealTimeSTT: realtimestt - DEBUG - _audio_data_worker writing audio data into queue.
2026-07-18 08:14:04.747 - RealTimeSTT: realtimestt - DEBUG - _audio_data_worker writing audio data into queue.
2026-07-18 08:14:05.771 - RealTimeSTT: realtimestt - DEBUG - _audio_data_worker writing audio data into queue.
2026-07-18 08:14:06.795 - RealTimeSTT: realtimestt - DEBUG - _audio_data_worker writing audio data into queue.
2026-07-18 08:14:07.819 - RealTimeSTT: realtimestt - DEBUG - _audio_data_worker writing audio data into queue.
2026-07-18 08:14:08.843 - RealTimeSTT: realtimestt - DEBUG - _audio_data_worker writing audio data into queue.
2026-07-18 08:14:09.867 - RealTimeSTT: realtimestt - DEBUG - _audio_data_worker writing audio data into queue.
2026-07-18 08:14:10.891 - RealTimeSTT: realtimestt - DEBUG - _audio_data_worker writing audio data into queue.
2026-07-18 08:14:11.915 - RealTimeSTT: realtimestt - DEBUG - _audio_data_worker writing audio data into queue.
2026-07-18 08:14:12.939 - RealTimeSTT: realtimestt - DEBUG - _audio_data_worker writing audio data into queue.
2026-07-18 08:14:13.963 - RealTimeSTT: realtimestt - DEBUG - _audio_data_worker writing audio data into queue.
2026-07-18 08:14:14.987 - RealTimeSTT: realtimestt - DEBUG - _audio_data_worker writing audio data into queue.
2026-07-18 08:14:16.011 - RealTimeSTT: realtimestt - DEBUG - _audio_data_worker writing audio data into queue.
2026-07-18 08:14:17.035 - RealTimeSTT: realtimestt - DEBUG - _audio_data_worker writing audio data into queue.
2026-07-18 08:14:18.059 - RealTimeSTT: realtimestt - DEBUG - _audio_data_worker writing audio data into queue.
2026-07-18 08:14:19.083 - RealTimeSTT: realtimestt - DEBUG - _audio_data_worker writing audio data into queue.
2026-07-18 08:14:20.107 - RealTimeSTT: realtimestt - DEBUG - _audio_data_worker writing audio data into queue.
2026-07-18 08:14:21.131 - RealTimeSTT: realtimestt - DEBUG - _audio_data_worker writing audio data into queue.
2026-07-18 08:14:22.155 - RealTimeSTT: realtimestt - DEBUG - _audio_data_worker writing audio data into queue.
2026-07-18 08:14:23.179 - RealTimeSTT: realtimestt - DEBUG - _audio_data_worker writing audio data into queue.
2026-07-18 08:14:24.203 - RealTimeSTT: realtimestt - DEBUG - _audio_data_worker writing audio data into queue.
2026-07-18 08:14:25.227 - RealTimeSTT: realtimestt - DEBUG - _audio_data_worker writing audio data into queue.
2026-07-18 08:14:26.251 - RealTimeSTT: realtimestt - DEBUG - _audio_data_worker writing audio data into queue.
2026-07-18 08:14:27.275 - RealTimeSTT: realtimestt - DEBUG - _audio_data_worker writing audio data into queue.
2026-07-18 08:14:28.299 - RealTimeSTT: realtimestt - DEBUG - _audio_data_worker writing audio data into queue.
2026-07-18 08:14:29.323 - RealTimeSTT: realtimestt - DEBUG - _audio_data_worker writing audio data into queue.
2026-07-18 08:14:30.347 - RealTimeSTT: realtimestt - DEBUG - _audio_data_worker writing audio data into queue.
2026-07-18 08:14:31.371 - RealTimeSTT: realtimestt - DEBUG - _audio_data_worker writing audio data into queue.
2026-07-18 08:14:32.395 - RealTimeSTT: realtimestt - DEBUG - _audio_data_worker writing audio data into queue.
2026-07-18 08:14:33.419 - RealTimeSTT: realtimestt - DEBUG - _audio_data_worker writing audio data into queue.
2026-07-18 08:14:33.885 - RealTimeSTT: realtimestt - DEBUG - Debug: Caught exception in main try block
2026-07-18 08:14:38.613 - RealTimeSTT: realtimestt - INFO - Starting RealTimeSTT
2026-07-18 08:14:38.616 - RealTimeSTT: realtimestt - INFO - Initializing audio recording (creating pyAudio input stream, sample rate: 16000 buffer size: 512
2026-07-18 08:14:38.617 - RealTimeSTT: realtimestt - INFO - Initializing faster_whisper realtime transcription model tiny.en, default device: cpu, compute type: default, device index: 0, download root: None
2026-07-18 08:14:38.624 - RealTimeSTT: realtimestt - DEBUG - Starting audio data worker with target_sample_rate=16000, buffer_size=512, input_device_index=None
2026-07-18 08:14:38.624 - RealTimeSTT: realtimestt - DEBUG - Creating PyAudio interface...
2026-07-18 08:14:38.807 - RealTimeSTT: realtimestt - DEBUG - No device index supplied; using default device 11
2026-07-18 08:14:38.808 - RealTimeSTT: realtimestt - DEBUG - Retrieving highest sample rate for device index 11: {'index': 11, 'structVersion': 2, 'name': 'default', 'hostApi': 0, 'maxInputChannels': 64, 'maxOutputChannels': 64, 'defaultLowInputLatency': 0.008707482993197279, 'defaultLowOutputLatency': 0.008707482993197279, 'defaultHighInputLatency': 0.034829931972789115, 'defaultHighOutputLatency': 0.034829931972789115, 'defaultSampleRate': 44100.0}
2026-07-18 08:14:38.808 - RealTimeSTT: realtimestt - DEBUG - Highest supported sample rate for device index 11 is 44100
2026-07-18 08:14:38.808 - RealTimeSTT: realtimestt - DEBUG - Sample rates to try for device 11: [16000, 44100]
2026-07-18 08:14:38.808 - RealTimeSTT: realtimestt - DEBUG - Attempting to initialize audio stream at 16000 Hz.
2026-07-18 08:14:38.808 - RealTimeSTT: realtimestt - DEBUG - Found 18 total audio devices on the system.
2026-07-18 08:14:38.808 - RealTimeSTT: realtimestt - DEBUG - Available input devices with input channels: [1, 9, 11, 12, 13, 14, 15, 16, 17]
2026-07-18 08:14:38.808 - RealTimeSTT: realtimestt - DEBUG - Validating device index 11 with info: {'index': 11, 'structVersion': 2, 'name': 'default', 'hostApi': 0, 'maxInputChannels': 64, 'maxOutputChannels': 64, 'defaultLowInputLatency': 0.008707482993197279, 'defaultLowOutputLatency': 0.008707482993197279, 'defaultHighInputLatency': 0.034829931972789115, 'defaultHighOutputLatency': 0.034829931972789115, 'defaultSampleRate': 44100.0}
2026-07-18 08:14:38.886 - RealTimeSTT: realtimestt - DEBUG - Device index 11 successfully validated.
2026-07-18 08:14:38.886 - RealTimeSTT: realtimestt - DEBUG - Opening stream with device index 11, sample_rate=16000, chunk_size=1024
2026-07-18 08:14:38.915 - RealTimeSTT: realtimestt - INFO - Microphone connected and validated (device index: 11, sample rate: 16000, chunk size: 1024)
2026-07-18 08:14:38.915 - RealTimeSTT: realtimestt - DEBUG - Audio recording initialized successfully at 16000 Hz, reading 1024 frames at a time
2026-07-18 08:14:39.989 - RealTimeSTT: realtimestt - DEBUG - _audio_data_worker writing audio data into queue.
2026-07-18 08:14:41.013 - RealTimeSTT: realtimestt - DEBUG - _audio_data_worker writing audio data into queue.
2026-07-18 08:14:41.149 - RealTimeSTT: realtimestt - DEBUG - faster_whisper realtime speech to text transcription model initialized successfully
2026-07-18 08:14:41.149 - RealTimeSTT: realtimestt - INFO - Initializing WebRTC voice with Sensitivity 3
2026-07-18 08:14:41.149 - RealTimeSTT: realtimestt - DEBUG - WebRTC VAD voice activity detection engine initialized successfully
2026-07-18 08:14:41.166 - RealTimeSTT: realtimestt - DEBUG - Silero VAD voice activity detection engine initialized successfully with backend raw_onnx_ifless
2026-07-18 08:14:41.169 - RealTimeSTT: realtimestt - DEBUG - Starting realtime worker
2026-07-18 08:14:41.170 - RealTimeSTT: realtimestt - DEBUG - Waiting for main transcription model to start
2026-07-18 08:14:41.170 - RealTimeSTT: realtimestt - DEBUG - Main transcription model ready
2026-07-18 08:14:41.172 - RealTimeSTT: realtimestt - DEBUG - RealtimeSTT initialization completed successfully
2026-07-18 08:14:41.172 - RealTimeSTT: realtimestt - INFO - Setting listen time
2026-07-18 08:14:41.172 - RealTimeSTT: realtimestt - INFO - State changed from 'inactive' to 'listening'
2026-07-18 08:14:41.174 - RealTimeSTT: realtimestt - DEBUG - Waiting for recording start
2026-07-18 08:14:42.037 - RealTimeSTT: realtimestt - DEBUG - _audio_data_worker writing audio data into queue.
2026-07-18 08:14:43.061 - RealTimeSTT: realtimestt - DEBUG - _audio_data_worker writing audio data into queue.
2026-07-18 08:14:44.085 - RealTimeSTT: realtimestt - DEBUG - _audio_data_worker writing audio data into queue.
2026-07-18 08:14:45.109 - RealTimeSTT: realtimestt - DEBUG - _audio_data_worker writing audio data into queue.
2026-07-18 08:14:46.021 - RealTimeSTT: realtimestt - DEBUG - Finishing recording thread
2026-07-18 08:14:46.022 - RealTimeSTT: realtimestt - DEBUG - No samples removed, final audio length: 0
2026-07-18 08:14:46.022 - RealTimeSTT: realtimestt - INFO - State changed from 'listening' to 'inactive'
2026-07-18 08:14:46.025 - RealTimeSTT: realtimestt - DEBUG - Terminating reader process
2026-07-18 08:14:46.035 - RealTimeSTT: realtimestt - DEBUG - Realtime worker stopped
2026-07-18 08:14:46.065 - RealTimeSTT: realtimestt - DEBUG - Terminating transcription process
2026-07-18 08:14:46.091 - RealTimeSTT: realtimestt - DEBUG - Receive from stdout pipe
2026-07-18 08:14:46.092 - RealTimeSTT: realtimestt - INFO - None
2026-07-18 08:14:46.147 - RealTimeSTT: realtimestt - DEBUG - Finishing realtime thread
2026-08-06 14:57:23.322 - RealTimeSTT: realtimestt - INFO - Starting RealTimeSTT
2026-08-06 14:57:23.324 - RealTimeSTT: realtimestt - INFO - Initializing audio recording (creating pyAudio input stream, sample rate: 16000 buffer size: 512
2026-08-06 14:57:23.325 - RealTimeSTT: realtimestt - INFO - Initializing faster_whisper realtime transcription model tiny.en, default device: cpu, compute type: default, device index: 0, download root: None
2026-08-06 14:57:23.335 - RealTimeSTT: realtimestt - DEBUG - Starting audio data worker with target_sample_rate=16000, buffer_size=512, input_device_index=None
2026-08-06 14:57:23.335 - RealTimeSTT: realtimestt - DEBUG - Creating PyAudio interface...
2026-08-06 14:57:23.740 - RealTimeSTT: realtimestt - DEBUG - No device index supplied; using default device 12
2026-08-06 14:57:23.743 - RealTimeSTT: realtimestt - DEBUG - Retrieving highest sample rate for device index 12: {'index': 12, 'structVersion': 2, 'name': 'default', 'hostApi': 0, 'maxInputChannels': 128, 'maxOutputChannels': 128, 'defaultLowInputLatency': 0.008707482993197279, 'defaultLowOutputLatency': 0.008707482993197279, 'defaultHighInputLatency': 0.034829931972789115, 'defaultHighOutputLatency': 0.034829931972789115, 'defaultSampleRate': 44100.0}
2026-08-06 14:57:23.743 - RealTimeSTT: realtimestt - DEBUG - Highest supported sample rate for device index 12 is 44100
2026-08-06 14:57:23.744 - RealTimeSTT: realtimestt - DEBUG - Sample rates to try for device 12: [16000, 44100]
2026-08-06 14:57:23.744 - RealTimeSTT: realtimestt - DEBUG - Attempting to initialize audio stream at 16000 Hz.
2026-08-06 14:57:23.745 - RealTimeSTT: realtimestt - DEBUG - Found 20 total audio devices on the system.
2026-08-06 14:57:23.745 - RealTimeSTT: realtimestt - DEBUG - Available input devices with input channels: [1, 3, 10, 12, 13, 14, 15, 16, 17, 18, 19]
2026-08-06 14:57:23.745 - RealTimeSTT: realtimestt - DEBUG - Validating device index 12 with info: {'index': 12, 'structVersion': 2, 'name': 'default', 'hostApi': 0, 'maxInputChannels': 128, 'maxOutputChannels': 128, 'defaultLowInputLatency': 0.008707482993197279, 'defaultLowOutputLatency': 0.008707482993197279, 'defaultHighInputLatency': 0.034829931972789115, 'defaultHighOutputLatency': 0.034829931972789115, 'defaultSampleRate': 44100.0}
2026-08-06 14:57:23.916 - RealTimeSTT: realtimestt - DEBUG - Device index 12 successfully validated.
2026-08-06 14:57:23.917 - RealTimeSTT: realtimestt - DEBUG - Opening stream with device index 12, sample_rate=16000, chunk_size=1024
2026-08-06 14:57:23.952 - RealTimeSTT: realtimestt - INFO - Microphone connected and validated (device index: 12, sample rate: 16000, chunk size: 1024)
2026-08-06 14:57:23.952 - RealTimeSTT: realtimestt - DEBUG - Audio recording initialized successfully at 16000 Hz, reading 1024 frames at a time
2026-08-06 14:57:25.091 - RealTimeSTT: realtimestt - DEBUG - _audio_data_worker writing audio data into queue.
2026-08-06 14:57:26.019 - RealTimeSTT: realtimestt - DEBUG - faster_whisper realtime speech to text transcription model initialized successfully
2026-08-06 14:57:26.020 - RealTimeSTT: realtimestt - INFO - Initializing WebRTC voice with Sensitivity 3
2026-08-06 14:57:26.020 - RealTimeSTT: realtimestt - DEBUG - WebRTC VAD voice activity detection engine initialized successfully
2026-08-06 14:57:26.043 - RealTimeSTT: realtimestt - DEBUG - Silero VAD voice activity detection engine initialized successfully with backend raw_onnx_ifless
2026-08-06 14:57:26.046 - RealTimeSTT: realtimestt - DEBUG - Starting realtime worker
2026-08-06 14:57:26.046 - RealTimeSTT: realtimestt - DEBUG - Waiting for main transcription model to start
2026-08-06 14:57:26.172 - RealTimeSTT: realtimestt - DEBUG - _audio_data_worker writing audio data into queue.
2026-08-06 14:57:26.205 - RealTimeSTT: realtimestt - DEBUG - Main transcription model ready
2026-08-06 14:57:26.206 - RealTimeSTT: realtimestt - DEBUG - RealtimeSTT initialization completed successfully
2026-08-06 14:57:26.206 - RealTimeSTT: realtimestt - INFO - Setting listen time
2026-08-06 14:57:26.206 - RealTimeSTT: realtimestt - INFO - State changed from 'inactive' to 'listening'
2026-08-06 14:57:26.207 - RealTimeSTT: realtimestt - DEBUG - Waiting for recording start
2026-08-06 14:57:27.196 - RealTimeSTT: realtimestt - DEBUG - _audio_data_worker writing audio data into queue.
2026-08-06 14:57:27.282 - RealTimeSTT: realtimestt - INFO - voice activity detected
2026-08-06 14:57:27.283 - RealTimeSTT: realtimestt - INFO - recording started
2026-08-06 14:57:27.283 - RealTimeSTT: realtimestt - INFO - State changed from 'listening' to 'recording'
2026-08-06 14:57:27.283 - RealTimeSTT: realtimestt - DEBUG - Waiting for recording stop
2026-08-06 14:57:27.778 - RealTimeSTT: realtimestt - DEBUG - Current realtime buffer size: 24064
2026-08-06 14:57:28.220 - RealTimeSTT: realtimestt - DEBUG - _audio_data_worker writing audio data into queue.
2026-08-06 14:57:28.747 - RealTimeSTT: realtimestt - DEBUG - Realtime text detected (timer): Let's move again.
2026-08-06 14:57:28.748 - RealTimeSTT: realtimestt - DEBUG - Current realtime buffer size: 40448
2026-08-06 14:57:29.244 - RealTimeSTT: realtimestt - DEBUG - _audio_data_worker writing audio data into queue.
2026-08-06 14:57:29.550 - RealTimeSTT: realtimestt - DEBUG - Realtime text detected (timer): Let's work a little bit more immediately.
2026-08-06 14:57:29.551 - RealTimeSTT: realtimestt - DEBUG - Current realtime buffer size: 52736
2026-08-06 14:57:30.268 - RealTimeSTT: realtimestt - DEBUG - _audio_data_worker writing audio data into queue.
2026-08-06 14:57:30.445 - RealTimeSTT: realtimestt - DEBUG - Realtime text detected (timer): Let's work it's a little more convenient because I deserve it in charge.
2026-08-06 14:57:30.446 - RealTimeSTT: realtimestt - DEBUG - Current realtime buffer size: 67072
2026-08-06 14:57:31.292 - RealTimeSTT: realtimestt - DEBUG - _audio_data_worker writing audio data into queue.
2026-08-06 14:57:31.377 - RealTimeSTT: realtimestt - DEBUG - Realtime text detected (timer): Let's work a little bit more convenient to consider the child small child.
2026-08-06 14:57:31.378 - RealTimeSTT: realtimestt - DEBUG - Current realtime buffer size: 81408
2026-08-06 14:57:32.316 - RealTimeSTT: realtimestt - DEBUG - _audio_data_worker writing audio data into queue.
2026-08-06 14:57:32.416 - RealTimeSTT: realtimestt - DEBUG - Realtime text detected (timer): Let's work a little bit more with the unique concern in the child small child, which is tape.
2026-08-06 14:57:32.417 - RealTimeSTT: realtimestt - DEBUG - Current realtime buffer size: 98816
2026-08-06 14:57:33.340 - RealTimeSTT: realtimestt - DEBUG - _audio_data_worker writing audio data into queue.
2026-08-06 14:57:33.536 - RealTimeSTT: realtimestt - DEBUG - Realtime text detected (timer): Let's work a little bit more immediately because I'm just going to try small tries, just take it into the kitchen.
2026-08-06 14:57:33.538 - RealTimeSTT: realtimestt - DEBUG - Current realtime buffer size: 116224
2026-08-06 14:57:34.364 - RealTimeSTT: realtimestt - DEBUG - _audio_data_worker writing audio data into queue.
2026-08-06 14:57:34.526 - RealTimeSTT: realtimestt - DEBUG - Realtime text detected (timer): It looks more difficult and more convenient because it's really a child small child. Just take it and run it. Just put it in the back.
2026-08-06 14:57:34.530 - RealTimeSTT: realtimestt - DEBUG - Current realtime buffer size: 131584
2026-08-06 14:57:35.388 - RealTimeSTT: realtimestt - DEBUG - _audio_data_worker writing audio data into queue.
2026-08-06 14:57:35.989 - RealTimeSTT: realtimestt - DEBUG - Realtime text detected (timer): It looks more difficult and more convenient because it's really a child small child. Just take it and go. Just put it in a bag.
2026-08-06 14:57:35.992 - RealTimeSTT: realtimestt - DEBUG - Current realtime buffer size: 156160
2026-08-06 14:57:36.412 - RealTimeSTT: realtimestt - DEBUG - _audio_data_worker writing audio data into queue.
2026-08-06 14:57:37.407 - RealTimeSTT: realtimestt - DEBUG - Realtime text detected (timer): What's more, it's looking more convenient because it's really a child small child. Just take it and go, just put it in a bag. Like, waddling.
2026-08-06 14:57:37.410 - RealTimeSTT: realtimestt - DEBUG - Current realtime buffer size: 177664
2026-08-06 14:57:37.436 - RealTimeSTT: realtimestt - DEBUG - _audio_data_worker writing audio data into queue.
2026-08-06 14:57:38.460 - RealTimeSTT: realtimestt - DEBUG - _audio_data_worker writing audio data into queue.
2026-08-06 14:57:38.971 - RealTimeSTT: realtimestt - DEBUG - Realtime text detected (timer): It was more difficult and more convenient because it was really a child small child. Just take it and go, just put it in a bag. Like, what? The link prepared.
2026-08-06 14:57:38.975 - RealTimeSTT: realtimestt - DEBUG - Current realtime buffer size: 202240
2026-08-06 14:57:39.484 - RealTimeSTT: realtimestt - DEBUG - _audio_data_worker writing audio data into queue.
2026-08-06 14:57:40.410 - RealTimeSTT: realtimestt - DEBUG - Realtime text detected (timer): It was more difficult and more convenient because it was really a child small child. Just take it and go, just put it in a bag. Like, what? The link prepared.
2026-08-06 14:57:40.412 - RealTimeSTT: realtimestt - DEBUG - Current realtime buffer size: 225792
2026-08-06 14:57:40.508 - RealTimeSTT: realtimestt - DEBUG - _audio_data_worker writing audio data into queue.
2026-08-06 14:57:41.532 - RealTimeSTT: realtimestt - DEBUG - _audio_data_worker writing audio data into queue.
2026-08-06 14:57:41.723 - RealTimeSTT: realtimestt - DEBUG - Realtime text detected (timer): What's more if it's a more immediate concern than a child small child? Just take it and go, just put it in a bag. Like, what? The link prepared.
2026-08-06 14:57:41.732 - RealTimeSTT: realtimestt - DEBUG - Current realtime buffer size: 247296
2026-08-06 14:57:42.556 - RealTimeSTT: realtimestt - DEBUG - _audio_data_worker writing audio data into queue.
2026-08-06 14:57:43.478 - RealTimeSTT: realtimestt - DEBUG - Realtime text detected (timer): What's more if it's more unique because it's really a child small child, just take it into it. Just put it in a bag. Like what? It's a link for Peter. We have a real good looking fantasy.
2026-08-06 14:57:43.480 - RealTimeSTT: realtimestt - DEBUG - Current realtime buffer size: 274944
2026-08-06 14:57:43.580 - RealTimeSTT: realtimestt - DEBUG - _audio_data_worker writing audio data into queue.
2026-08-06 14:57:44.604 - RealTimeSTT: realtimestt - DEBUG - _audio_data_worker writing audio data into queue.
2026-08-06 14:57:44.977 - RealTimeSTT: realtimestt - DEBUG - Realtime text detected (timer): What's more if it's more convenient because it's really a child small child, just take it into it. Just put it in a bag. Like, what? The link prepared. We have a real good cooking. That's a confusing ad.
2026-08-06 14:57:44.979 - RealTimeSTT: realtimestt - DEBUG - Current realtime buffer size: 299520
2026-08-06 14:57:45.628 - RealTimeSTT: realtimestt - DEBUG - _audio_data_worker writing audio data into queue.
2026-08-06 14:57:46.652 - RealTimeSTT: realtimestt - DEBUG - _audio_data_worker writing audio data into queue.
2026-08-06 14:57:46.761 - RealTimeSTT: realtimestt - DEBUG - Realtime text detected (timer): What's more, it's a little more convenient because it's really a child small child. Just take it and go, just put it in a bag. Like, what? It's a link for Peter. Oh, yeah, that feels really good for me. That's a confusing ad. It's a perfect ad.
2026-08-06 14:57:46.773 - RealTimeSTT: realtimestt - DEBUG - Current realtime buffer size: 328192
2026-08-06 14:57:47.676 - RealTimeSTT: realtimestt - DEBUG - _audio_data_worker writing audio data into queue.
2026-08-06 14:57:48.700 - RealTimeSTT: realtimestt - DEBUG - _audio_data_worker writing audio data into queue.
2026-08-06 14:57:48.733 - RealTimeSTT: realtimestt - DEBUG - Realtime text detected (timer): What's more, it's a little more convenient because it's really a child small child. Just take it and go, just put it in a bag. Like, what? It's a link for Peter. Oh, yeah, that feels really good for me. That's a confusing ad. It's a perfect ad.
2026-08-06 14:57:48.737 - RealTimeSTT: realtimestt - DEBUG - Current realtime buffer size: 359936
2026-08-06 14:57:49.724 - RealTimeSTT: realtimestt - DEBUG - _audio_data_worker writing audio data into queue.
2026-08-06 14:57:50.731 - RealTimeSTT: realtimestt - DEBUG - Realtime text detected (timer): What's more if it's more unique because it's really a child small child, just take it into it. Just put it in a bag. Like, what? The link for Peter. We have a real good cookie. That's a confusing ad. It's the perfect ad. Just grab it.
2026-08-06 14:57:50.741 - RealTimeSTT: realtimestt - DEBUG - Current realtime buffer size: 390656
2026-08-06 14:57:50.748 - RealTimeSTT: realtimestt - DEBUG - _audio_data_worker writing audio data into queue.
2026-08-06 14:57:51.772 - RealTimeSTT: realtimestt - DEBUG - _audio_data_worker writing audio data into queue.
2026-08-06 14:57:52.796 - RealTimeSTT: realtimestt - DEBUG - _audio_data_worker writing audio data into queue.
2026-08-06 14:57:52.966 - RealTimeSTT: realtimestt - DEBUG - Realtime text detected (timer): What's more, it's a little more convenient because it's really a child small child. Just take it and go, just put it in a bag. Like, what? It's a link for Peter. We have a real good cookie, and it's a confusing ad. It's a perfect ad. Just grab it. Just grab it.
2026-08-06 14:57:52.976 - RealTimeSTT: realtimestt - DEBUG - Current realtime buffer size: 426496
2026-08-06 14:57:53.820 - RealTimeSTT: realtimestt - DEBUG - _audio_data_worker writing audio data into queue.
2026-08-06 14:57:54.844 - RealTimeSTT: realtimestt - DEBUG - _audio_data_worker writing audio data into queue.
2026-08-06 14:57:55.291 - RealTimeSTT: realtimestt - DEBUG - Realtime text detected (timer): What's more, it's looking more convenient because it's really a child small child. Just take it and go, just put it in a bag. Like, what? It's a link for Peter. We have a real good cooking, and it's a confusing effort. It's a perfect good. Just grab it. It's good. It's better than like, I don't know. I really just say it.
2026-08-06 14:57:55.293 - RealTimeSTT: realtimestt - DEBUG - Current realtime buffer size: 464384
2026-08-06 14:57:55.868 - RealTimeSTT: realtimestt - DEBUG - _audio_data_worker writing audio data into queue.
2026-08-06 14:57:56.892 - RealTimeSTT: realtimestt - DEBUG - _audio_data_worker writing audio data into queue.
2026-08-06 14:57:57.792 - RealTimeSTT: realtimestt - DEBUG - Realtime text detected (timer): It was more difficult and more convenient because it was really a child small child. Just take it and go, just put it in a bag. Like, what? The link prepared. We have a real good cookie. That's a confusing ad. It's a perfect good. Just grab it. It's better than like, I don't know. I really just say it twice.
2026-08-06 14:57:57.798 - RealTimeSTT: realtimestt - DEBUG - Current realtime buffer size: 504320
2026-08-06 14:57:57.916 - RealTimeSTT: realtimestt - DEBUG - _audio_data_worker writing audio data into queue.
2026-08-06 14:57:58.697 - RealTimeSTT: realtimestt - DEBUG - Realtime text detected (timer): What are you guys working on right now
2026-08-06 14:57:58.699 - RealTimeSTT: realtimestt - DEBUG - Current realtime buffer size: 519680
2026-08-06 14:57:58.940 - RealTimeSTT: realtimestt - DEBUG - _audio_data_worker writing audio data into queue.
2026-08-06 14:57:59.537 - RealTimeSTT: realtimestt - DEBUG - Realtime text detected (timer): What are you guys working on right now
2026-08-06 14:57:59.540 - RealTimeSTT: realtimestt - DEBUG - Current realtime buffer size: 531968
2026-08-06 14:57:59.964 - RealTimeSTT: realtimestt - DEBUG - _audio_data_worker writing audio data into queue.
2026-08-06 14:58:00.495 - RealTimeSTT: realtimestt - DEBUG - Realtime text detected (timer): What are you guys working on right now
2026-08-06 14:58:00.497 - RealTimeSTT: realtimestt - DEBUG - Current realtime buffer size: 548352
2026-08-06 14:58:00.988 - RealTimeSTT: realtimestt - DEBUG - _audio_data_worker writing audio data into queue.
2026-08-06 14:58:01.305 - RealTimeSTT: realtimestt - DEBUG - Realtime text detected (timer): What are you guys working on right now
2026-08-06 14:58:01.307 - RealTimeSTT: realtimestt - DEBUG - Current realtime buffer size: 560640
2026-08-06 14:58:02.012 - RealTimeSTT: realtimestt - DEBUG - _audio_data_worker writing audio data into queue.
2026-08-06 14:58:02.140 - RealTimeSTT: realtimestt - DEBUG - Realtime text detected (timer): What are you guys working on right now
2026-08-06 14:58:02.142 - RealTimeSTT: realtimestt - DEBUG - Current realtime buffer size: 573952
2026-08-06 14:58:02.983 - RealTimeSTT: realtimestt - DEBUG - Realtime text detected (timer): What are you guys working on right now?
2026-08-06 14:58:02.985 - RealTimeSTT: realtimestt - DEBUG - Current realtime buffer size: 587264
2026-08-06 14:58:03.036 - RealTimeSTT: realtimestt - DEBUG - _audio_data_worker writing audio data into queue.
2026-08-06 14:58:04.019 - RealTimeSTT: realtimestt - DEBUG - Realtime text detected (timer): What are you guys working on right now?
2026-08-06 14:58:04.025 - RealTimeSTT: realtimestt - DEBUG - Current realtime buffer size: 603648
2026-08-06 14:58:04.060 - RealTimeSTT: realtimestt - DEBUG - _audio_data_worker writing audio data into queue.
2026-08-06 14:58:05.012 - RealTimeSTT: realtimestt - DEBUG - Realtime text detected (timer): What are you guys working on right now?
2026-08-06 14:58:05.018 - RealTimeSTT: realtimestt - DEBUG - Current realtime buffer size: 620032
2026-08-06 14:58:05.084 - RealTimeSTT: realtimestt - DEBUG - _audio_data_worker writing audio data into queue.
2026-08-06 14:58:05.951 - RealTimeSTT: realtimestt - DEBUG - Realtime text detected (timer): What are you guys working on right now?
2026-08-06 14:58:05.956 - RealTimeSTT: realtimestt - DEBUG - Current realtime buffer size: 635392
2026-08-06 14:58:06.108 - RealTimeSTT: realtimestt - DEBUG - _audio_data_worker writing audio data into queue.
2026-08-06 14:58:07.132 - RealTimeSTT: realtimestt - DEBUG - _audio_data_worker writing audio data into queue.
2026-08-06 14:58:07.146 - RealTimeSTT: realtimestt - DEBUG - Realtime text detected (timer): What are you guys working on right now?
2026-08-06 14:58:07.150 - RealTimeSTT: realtimestt - DEBUG - Current realtime buffer size: 654848
2026-08-06 14:58:08.079 - RealTimeSTT: realtimestt - DEBUG - Realtime text detected (timer): What are you guys working on right now?
2026-08-06 14:58:08.081 - RealTimeSTT: realtimestt - DEBUG - Current realtime buffer size: 669184
2026-08-06 14:58:08.156 - RealTimeSTT: realtimestt - DEBUG - _audio_data_worker writing audio data into queue.
2026-08-06 14:58:09.164 - RealTimeSTT: realtimestt - DEBUG - Realtime text detected (timer): What are you guys working on right now?
2026-08-06 14:58:09.166 - RealTimeSTT: realtimestt - DEBUG - Current realtime buffer size: 685568
2026-08-06 14:58:09.180 - RealTimeSTT: realtimestt - DEBUG - _audio_data_worker writing audio data into queue.
2026-08-06 14:58:09.934 - RealTimeSTT: realtimestt - DEBUG - Realtime text detected (timer): What are you guys working on right now?
2026-08-06 14:58:09.936 - RealTimeSTT: realtimestt - DEBUG - Current realtime buffer size: 697856
2026-08-06 14:58:10.204 - RealTimeSTT: realtimestt - DEBUG - _audio_data_worker writing audio data into queue.
2026-08-06 14:58:10.830 - RealTimeSTT: realtimestt - DEBUG - Realtime text detected (timer): What are you guys working on right now?
2026-08-06 14:58:10.832 - RealTimeSTT: realtimestt - DEBUG - Current realtime buffer size: 713216
2026-08-06 14:58:11.228 - RealTimeSTT: realtimestt - DEBUG - _audio_data_worker writing audio data into queue.
2026-08-06 14:58:11.799 - RealTimeSTT: realtimestt - DEBUG - Realtime text detected (timer): What are you guys working on right now?
2026-08-06 14:58:11.802 - RealTimeSTT: realtimestt - DEBUG - Current realtime buffer size: 728576
2026-08-06 14:58:12.252 - RealTimeSTT: realtimestt - DEBUG - _audio_data_worker writing audio data into queue.
2026-08-06 14:58:12.729 - RealTimeSTT: realtimestt - DEBUG - Realtime text detected (timer): What are you guys working on right now?
2026-08-06 14:58:12.731 - RealTimeSTT: realtimestt - ERROR - Realtime callback failed: unsupported operand type(s) for -: 'float' and 'NoneType'
Traceback (most recent call last):
  File "/home/mclemetsen/Code/SpeechScout/.venv/lib64/python3.11/site-packages/RealtimeSTT/core/realtime.py", line 505, in _safe_realtime_callback
    run_callback(self, callback, *args)
  File "/home/mclemetsen/Code/SpeechScout/.venv/lib64/python3.11/site-packages/RealtimeSTT/core/state.py", line 21, in run_callback
    cb(*args, **kwargs)
  File "/home/mclemetsen/Code/SpeechScout/.venv/lib64/python3.11/site-packages/RealtimeSTT/core/realtime_callbacks.py", line 23, in publish_realtime_transcription_update
    run_callback(recorder, recorder.on_realtime_transcription_update, text)
  File "/home/mclemetsen/Code/SpeechScout/.venv/lib64/python3.11/site-packages/RealtimeSTT/core/state.py", line 21, in run_callback
    cb(*args, **kwargs)
  File "/home/mclemetsen/Code/SpeechScout/TalkToScout/stt.py", line 20, in process_realtime_text
    self.on_chunk(text, False)
  File "/home/mclemetsen/Code/SpeechScout/TalkToScout/match_ui.py", line 371, in _process_chunk
    result = self.handler.process_chunk(transcript, is_final)
             ^^^^^^^^^^^^^^^^^^^^^^^^^^^^^^^^^^^^^^^^^^^^^^^^
  File "/home/mclemetsen/Code/SpeechScout/TalkToScout/match_handler.py", line 116, in process_chunk
    is_update = is_similar(parsed_transcript, parsed_last_transcript)
                ^^^^^^^^^^^^^^^^^^^^^^^^^^^^^^^^^^^^^^^^^^^^^^^^^^^^^
  File "/home/mclemetsen/Code/SpeechScout/TalkToScout/match_handler.py", line 114, in is_similar
    return (max(len(a), len(b)) - len(intersection) <= TRANSCRIPTION_SIMILARITY_THRESHOLD) and (self._last_note_chunk_at is not None and monotonic() - self._started_at - self._last_note_chunk_at < NOTE_MERGE_WINDOW_SECONDS and len(a) >= len(b) - 1)
                                                                                                                                         ~~~~~~~~~~~~^~~~~~~~~~~~~~~~~~
TypeError: unsupported operand type(s) for -: 'float' and 'NoneType'
2026-08-06 14:58:12.741 - RealTimeSTT: realtimestt - DEBUG - Current realtime buffer size: 742912
2026-08-06 14:58:13.276 - RealTimeSTT: realtimestt - DEBUG - _audio_data_worker writing audio data into queue.
2026-08-06 14:58:13.827 - RealTimeSTT: realtimestt - DEBUG - Realtime text detected (timer): What are you guys working on right now?
2026-08-06 14:58:13.828 - RealTimeSTT: realtimestt - ERROR - Realtime callback failed: unsupported operand type(s) for -: 'float' and 'NoneType'
Traceback (most recent call last):
  File "/home/mclemetsen/Code/SpeechScout/.venv/lib64/python3.11/site-packages/RealtimeSTT/core/realtime.py", line 505, in _safe_realtime_callback
    run_callback(self, callback, *args)
  File "/home/mclemetsen/Code/SpeechScout/.venv/lib64/python3.11/site-packages/RealtimeSTT/core/state.py", line 21, in run_callback
    cb(*args, **kwargs)
  File "/home/mclemetsen/Code/SpeechScout/.venv/lib64/python3.11/site-packages/RealtimeSTT/core/realtime_callbacks.py", line 23, in publish_realtime_transcription_update
    run_callback(recorder, recorder.on_realtime_transcription_update, text)
  File "/home/mclemetsen/Code/SpeechScout/.venv/lib64/python3.11/site-packages/RealtimeSTT/core/state.py", line 21, in run_callback
    cb(*args, **kwargs)
  File "/home/mclemetsen/Code/SpeechScout/TalkToScout/stt.py", line 20, in process_realtime_text
    self.on_chunk(text, False)
  File "/home/mclemetsen/Code/SpeechScout/TalkToScout/match_ui.py", line 371, in _process_chunk
    result = self.handler.process_chunk(transcript, is_final)
             ^^^^^^^^^^^^^^^^^^^^^^^^^^^^^^^^^^^^^^^^^^^^^^^^
  File "/home/mclemetsen/Code/SpeechScout/TalkToScout/match_handler.py", line 116, in process_chunk
    is_update = is_similar(parsed_transcript, parsed_last_transcript)
                ^^^^^^^^^^^^^^^^^^^^^^^^^^^^^^^^^^^^^^^^^^^^^^^^^^^^^
  File "/home/mclemetsen/Code/SpeechScout/TalkToScout/match_handler.py", line 114, in is_similar
    return (max(len(a), len(b)) - len(intersection) <= TRANSCRIPTION_SIMILARITY_THRESHOLD) and (self._last_note_chunk_at is not None and monotonic() - self._started_at - self._last_note_chunk_at < NOTE_MERGE_WINDOW_SECONDS and len(a) >= len(b) - 1)
                                                                                                                                         ~~~~~~~~~~~~^~~~~~~~~~~~~~~~~~
TypeError: unsupported operand type(s) for -: 'float' and 'NoneType'
2026-08-06 14:58:13.835 - RealTimeSTT: realtimestt - DEBUG - Current realtime buffer size: 761344
2026-08-06 14:58:14.300 - RealTimeSTT: realtimestt - DEBUG - _audio_data_worker writing audio data into queue.
2026-08-06 14:58:14.840 - RealTimeSTT: realtimestt - DEBUG - Realtime text detected (timer): What are you guys working on right now?
2026-08-06 14:58:14.841 - RealTimeSTT: realtimestt - ERROR - Realtime callback failed: unsupported operand type(s) for -: 'float' and 'NoneType'
Traceback (most recent call last):
  File "/home/mclemetsen/Code/SpeechScout/.venv/lib64/python3.11/site-packages/RealtimeSTT/core/realtime.py", line 505, in _safe_realtime_callback
    run_callback(self, callback, *args)
  File "/home/mclemetsen/Code/SpeechScout/.venv/lib64/python3.11/site-packages/RealtimeSTT/core/state.py", line 21, in run_callback
    cb(*args, **kwargs)
  File "/home/mclemetsen/Code/SpeechScout/.venv/lib64/python3.11/site-packages/RealtimeSTT/core/realtime_callbacks.py", line 23, in publish_realtime_transcription_update
    run_callback(recorder, recorder.on_realtime_transcription_update, text)
  File "/home/mclemetsen/Code/SpeechScout/.venv/lib64/python3.11/site-packages/RealtimeSTT/core/state.py", line 21, in run_callback
    cb(*args, **kwargs)
  File "/home/mclemetsen/Code/SpeechScout/TalkToScout/stt.py", line 20, in process_realtime_text
    self.on_chunk(text, False)
  File "/home/mclemetsen/Code/SpeechScout/TalkToScout/match_ui.py", line 371, in _process_chunk
    result = self.handler.process_chunk(transcript, is_final)
             ^^^^^^^^^^^^^^^^^^^^^^^^^^^^^^^^^^^^^^^^^^^^^^^^
  File "/home/mclemetsen/Code/SpeechScout/TalkToScout/match_handler.py", line 116, in process_chunk
    is_update = is_similar(parsed_transcript, parsed_last_transcript)
                ^^^^^^^^^^^^^^^^^^^^^^^^^^^^^^^^^^^^^^^^^^^^^^^^^^^^^
  File "/home/mclemetsen/Code/SpeechScout/TalkToScout/match_handler.py", line 114, in is_similar
    return (max(len(a), len(b)) - len(intersection) <= TRANSCRIPTION_SIMILARITY_THRESHOLD) and (self._last_note_chunk_at is not None and monotonic() - self._started_at - self._last_note_chunk_at < NOTE_MERGE_WINDOW_SECONDS and len(a) >= len(b) - 1)
                                                                                                                                         ~~~~~~~~~~~~^~~~~~~~~~~~~~~~~~
TypeError: unsupported operand type(s) for -: 'float' and 'NoneType'
2026-08-06 14:58:14.845 - RealTimeSTT: realtimestt - DEBUG - Current realtime buffer size: 777728
2026-08-06 14:58:15.324 - RealTimeSTT: realtimestt - DEBUG - _audio_data_worker writing audio data into queue.
2026-08-06 14:58:15.775 - RealTimeSTT: realtimestt - DEBUG - Realtime text detected (timer): What are you guys working on right now?
2026-08-06 14:58:15.777 - RealTimeSTT: realtimestt - ERROR - Realtime callback failed: unsupported operand type(s) for -: 'float' and 'NoneType'
Traceback (most recent call last):
  File "/home/mclemetsen/Code/SpeechScout/.venv/lib64/python3.11/site-packages/RealtimeSTT/core/realtime.py", line 505, in _safe_realtime_callback
    run_callback(self, callback, *args)
  File "/home/mclemetsen/Code/SpeechScout/.venv/lib64/python3.11/site-packages/RealtimeSTT/core/state.py", line 21, in run_callback
    cb(*args, **kwargs)
  File "/home/mclemetsen/Code/SpeechScout/.venv/lib64/python3.11/site-packages/RealtimeSTT/core/realtime_callbacks.py", line 23, in publish_realtime_transcription_update
    run_callback(recorder, recorder.on_realtime_transcription_update, text)
  File "/home/mclemetsen/Code/SpeechScout/.venv/lib64/python3.11/site-packages/RealtimeSTT/core/state.py", line 21, in run_callback
    cb(*args, **kwargs)
  File "/home/mclemetsen/Code/SpeechScout/TalkToScout/stt.py", line 20, in process_realtime_text
    self.on_chunk(text, False)
  File "/home/mclemetsen/Code/SpeechScout/TalkToScout/match_ui.py", line 371, in _process_chunk
    result = self.handler.process_chunk(transcript, is_final)
             ^^^^^^^^^^^^^^^^^^^^^^^^^^^^^^^^^^^^^^^^^^^^^^^^
  File "/home/mclemetsen/Code/SpeechScout/TalkToScout/match_handler.py", line 116, in process_chunk
    is_update = is_similar(parsed_transcript, parsed_last_transcript)
                ^^^^^^^^^^^^^^^^^^^^^^^^^^^^^^^^^^^^^^^^^^^^^^^^^^^^^
  File "/home/mclemetsen/Code/SpeechScout/TalkToScout/match_handler.py", line 114, in is_similar
    return (max(len(a), len(b)) - len(intersection) <= TRANSCRIPTION_SIMILARITY_THRESHOLD) and (self._last_note_chunk_at is not None and monotonic() - self._started_at - self._last_note_chunk_at < NOTE_MERGE_WINDOW_SECONDS and len(a) >= len(b) - 1)
                                                                                                                                         ~~~~~~~~~~~~^~~~~~~~~~~~~~~~~~
TypeError: unsupported operand type(s) for -: 'float' and 'NoneType'
2026-08-06 14:58:15.783 - RealTimeSTT: realtimestt - DEBUG - Current realtime buffer size: 792064
2026-08-06 14:58:16.348 - RealTimeSTT: realtimestt - DEBUG - _audio_data_worker writing audio data into queue.
2026-08-06 14:58:16.836 - RealTimeSTT: realtimestt - DEBUG - Realtime text detected (timer): What are you guys working on right now?
2026-08-06 14:58:16.838 - RealTimeSTT: realtimestt - ERROR - Realtime callback failed: unsupported operand type(s) for -: 'float' and 'NoneType'
Traceback (most recent call last):
  File "/home/mclemetsen/Code/SpeechScout/.venv/lib64/python3.11/site-packages/RealtimeSTT/core/realtime.py", line 505, in _safe_realtime_callback
    run_callback(self, callback, *args)
  File "/home/mclemetsen/Code/SpeechScout/.venv/lib64/python3.11/site-packages/RealtimeSTT/core/state.py", line 21, in run_callback
    cb(*args, **kwargs)
  File "/home/mclemetsen/Code/SpeechScout/.venv/lib64/python3.11/site-packages/RealtimeSTT/core/realtime_callbacks.py", line 23, in publish_realtime_transcription_update
    run_callback(recorder, recorder.on_realtime_transcription_update, text)
  File "/home/mclemetsen/Code/SpeechScout/.venv/lib64/python3.11/site-packages/RealtimeSTT/core/state.py", line 21, in run_callback
    cb(*args, **kwargs)
  File "/home/mclemetsen/Code/SpeechScout/TalkToScout/stt.py", line 20, in process_realtime_text
    self.on_chunk(text, False)
  File "/home/mclemetsen/Code/SpeechScout/TalkToScout/match_ui.py", line 371, in _process_chunk
    result = self.handler.process_chunk(transcript, is_final)
             ^^^^^^^^^^^^^^^^^^^^^^^^^^^^^^^^^^^^^^^^^^^^^^^^
  File "/home/mclemetsen/Code/SpeechScout/TalkToScout/match_handler.py", line 116, in process_chunk
    is_update = is_similar(parsed_transcript, parsed_last_transcript)
                ^^^^^^^^^^^^^^^^^^^^^^^^^^^^^^^^^^^^^^^^^^^^^^^^^^^^^
  File "/home/mclemetsen/Code/SpeechScout/TalkToScout/match_handler.py", line 114, in is_similar
    return (max(len(a), len(b)) - len(intersection) <= TRANSCRIPTION_SIMILARITY_THRESHOLD) and (self._last_note_chunk_at is not None and monotonic() - self._started_at - self._last_note_chunk_at < NOTE_MERGE_WINDOW_SECONDS and len(a) >= len(b) - 1)
                                                                                                                                         ~~~~~~~~~~~~^~~~~~~~~~~~~~~~~~
TypeError: unsupported operand type(s) for -: 'float' and 'NoneType'
2026-08-06 14:58:16.842 - RealTimeSTT: realtimestt - DEBUG - Current realtime buffer size: 808448
2026-08-06 14:58:17.372 - RealTimeSTT: realtimestt - DEBUG - _audio_data_worker writing audio data into queue.
2026-08-06 14:58:17.871 - RealTimeSTT: realtimestt - DEBUG - Finishing recording thread
2026-08-06 14:58:17.875 - RealTimeSTT: realtimestt - DEBUG - No samples removed, final audio length: 824832
2026-08-06 14:58:17.875 - RealTimeSTT: realtimestt - INFO - State changed from 'recording' to 'inactive'
2026-08-06 14:58:17.881 - RealTimeSTT: realtimestt - DEBUG - Terminating reader process
2026-08-06 14:58:17.902 - RealTimeSTT: realtimestt - DEBUG - Terminating transcription process
2026-08-06 14:58:17.920 - RealTimeSTT: realtimestt - DEBUG - Receive from stdout pipe
2026-08-06 14:58:17.921 - RealTimeSTT: realtimestt - INFO - None
2026-08-06 14:58:18.006 - RealTimeSTT: realtimestt - DEBUG - Realtime text detected (timer): What are you guys working on right now?
2026-08-06 14:58:18.007 - RealTimeSTT: realtimestt - DEBUG - Realtime worker stopped
2026-08-06 14:58:18.007 - RealTimeSTT: realtimestt - DEBUG - Finishing realtime thread
2026-08-07 15:29:23.015 - RealTimeSTT: realtimestt - INFO - Starting RealTimeSTT
2026-08-07 15:29:23.019 - RealTimeSTT: realtimestt - INFO - Initializing audio recording (creating pyAudio input stream, sample rate: 16000 buffer size: 512
2026-08-07 15:29:23.020 - RealTimeSTT: realtimestt - INFO - Initializing faster_whisper realtime transcription model tiny.en, default device: cpu, compute type: default, device index: 0, download root: None
2026-08-07 15:29:23.030 - RealTimeSTT: realtimestt - DEBUG - Starting audio data worker with target_sample_rate=16000, buffer_size=512, input_device_index=None
2026-08-07 15:29:23.030 - RealTimeSTT: realtimestt - DEBUG - Creating PyAudio interface...
2026-08-07 15:29:23.469 - RealTimeSTT: realtimestt - DEBUG - No device index supplied; using default device 12
2026-08-07 15:29:23.470 - RealTimeSTT: realtimestt - DEBUG - Retrieving highest sample rate for device index 12: {'index': 12, 'structVersion': 2, 'name': 'default', 'hostApi': 0, 'maxInputChannels': 128, 'maxOutputChannels': 128, 'defaultLowInputLatency': 0.008707482993197279, 'defaultLowOutputLatency': 0.008707482993197279, 'defaultHighInputLatency': 0.034829931972789115, 'defaultHighOutputLatency': 0.034829931972789115, 'defaultSampleRate': 44100.0}
2026-08-07 15:29:23.470 - RealTimeSTT: realtimestt - DEBUG - Highest supported sample rate for device index 12 is 44100
2026-08-07 15:29:23.470 - RealTimeSTT: realtimestt - DEBUG - Sample rates to try for device 12: [16000, 44100]
2026-08-07 15:29:23.470 - RealTimeSTT: realtimestt - DEBUG - Attempting to initialize audio stream at 16000 Hz.
2026-08-07 15:29:23.470 - RealTimeSTT: realtimestt - DEBUG - Found 20 total audio devices on the system.
2026-08-07 15:29:23.470 - RealTimeSTT: realtimestt - DEBUG - Available input devices with input channels: [1, 3, 10, 12, 13, 14, 15, 16, 17, 18, 19]
2026-08-07 15:29:23.471 - RealTimeSTT: realtimestt - DEBUG - Validating device index 12 with info: {'index': 12, 'structVersion': 2, 'name': 'default', 'hostApi': 0, 'maxInputChannels': 128, 'maxOutputChannels': 128, 'defaultLowInputLatency': 0.008707482993197279, 'defaultLowOutputLatency': 0.008707482993197279, 'defaultHighInputLatency': 0.034829931972789115, 'defaultHighOutputLatency': 0.034829931972789115, 'defaultSampleRate': 44100.0}
2026-08-07 15:29:23.663 - RealTimeSTT: realtimestt - DEBUG - Device index 12 successfully validated.
2026-08-07 15:29:23.663 - RealTimeSTT: realtimestt - DEBUG - Opening stream with device index 12, sample_rate=16000, chunk_size=1024
2026-08-07 15:29:23.691 - RealTimeSTT: realtimestt - INFO - Microphone connected and validated (device index: 12, sample rate: 16000, chunk size: 1024)
2026-08-07 15:29:23.692 - RealTimeSTT: realtimestt - DEBUG - Audio recording initialized successfully at 16000 Hz, reading 1024 frames at a time
2026-08-07 15:29:24.885 - RealTimeSTT: realtimestt - DEBUG - _audio_data_worker writing audio data into queue.
2026-08-07 15:29:25.858 - RealTimeSTT: realtimestt - DEBUG - faster_whisper realtime speech to text transcription model initialized successfully
2026-08-07 15:29:25.858 - RealTimeSTT: realtimestt - INFO - Initializing WebRTC voice with Sensitivity 3
2026-08-07 15:29:25.858 - RealTimeSTT: realtimestt - DEBUG - WebRTC VAD voice activity detection engine initialized successfully
2026-08-07 15:29:25.891 - RealTimeSTT: realtimestt - DEBUG - Silero VAD voice activity detection engine initialized successfully with backend raw_onnx_ifless
2026-08-07 15:29:25.897 - RealTimeSTT: realtimestt - DEBUG - Starting realtime worker
2026-08-07 15:29:25.899 - RealTimeSTT: realtimestt - DEBUG - Waiting for main transcription model to start
2026-08-07 15:29:25.900 - RealTimeSTT: realtimestt - DEBUG - Main transcription model ready
2026-08-07 15:29:25.901 - RealTimeSTT: realtimestt - DEBUG - RealtimeSTT initialization completed successfully
2026-08-07 15:29:25.901 - RealTimeSTT: realtimestt - INFO - Setting listen time
2026-08-07 15:29:25.902 - RealTimeSTT: realtimestt - INFO - State changed from 'inactive' to 'listening'
2026-08-07 15:29:25.907 - RealTimeSTT: realtimestt - DEBUG - Waiting for recording start
2026-08-07 15:29:25.910 - RealTimeSTT: realtimestt - DEBUG - _audio_data_worker writing audio data into queue.
2026-08-07 15:29:26.082 - RealTimeSTT: realtimestt - INFO - voice activity detected
2026-08-07 15:29:26.082 - RealTimeSTT: realtimestt - INFO - recording started
2026-08-07 15:29:26.082 - RealTimeSTT: realtimestt - INFO - State changed from 'listening' to 'recording'
2026-08-07 15:29:26.083 - RealTimeSTT: realtimestt - DEBUG - Waiting for recording stop
2026-08-07 15:29:26.580 - RealTimeSTT: realtimestt - DEBUG - Current realtime buffer size: 24064
2026-08-07 15:29:26.934 - RealTimeSTT: realtimestt - DEBUG - _audio_data_worker writing audio data into queue.
2026-08-07 15:29:27.350 - RealTimeSTT: realtimestt - DEBUG - Realtime text detected (timer): this sync schedule thing.
2026-08-07 15:29:27.352 - RealTimeSTT: realtimestt - DEBUG - Current realtime buffer size: 36352
2026-08-07 15:29:27.958 - RealTimeSTT: realtimestt - DEBUG - _audio_data_worker writing audio data into queue.
2026-08-07 15:29:28.435 - RealTimeSTT: realtimestt - DEBUG - Realtime text detected (timer): this sync schedule thing which
2026-08-07 15:29:28.437 - RealTimeSTT: realtimestt - DEBUG - Current realtime buffer size: 53760
2026-08-07 15:29:28.982 - RealTimeSTT: realtimestt - DEBUG - _audio_data_worker writing audio data into queue.
2026-08-07 15:29:29.269 - RealTimeSTT: realtimestt - DEBUG - Realtime text detected (timer): this sync schedule thing which we'll get.
2026-08-07 15:29:29.270 - RealTimeSTT: realtimestt - DEBUG - Current realtime buffer size: 68096
2026-08-07 15:29:30.006 - RealTimeSTT: realtimestt - DEBUG - _audio_data_worker writing audio data into queue.
2026-08-07 15:29:30.010 - RealTimeSTT: realtimestt - DEBUG - Realtime text detected (timer): this sync schedule thing which we'll get.
2026-08-07 15:29:30.011 - RealTimeSTT: realtimestt - DEBUG - Current realtime buffer size: 80384
2026-08-07 15:29:30.861 - RealTimeSTT: realtimestt - DEBUG - Realtime text detected (timer): this sync schedule thing which will get the schedule.
2026-08-07 15:29:30.863 - RealTimeSTT: realtimestt - DEBUG - Current realtime buffer size: 93696
2026-08-07 15:29:31.030 - RealTimeSTT: realtimestt - DEBUG - _audio_data_worker writing audio data into queue.
2026-08-07 15:29:31.947 - RealTimeSTT: realtimestt - DEBUG - Realtime text detected (timer): this sync schedule thing which will get the schedule from the lines.
2026-08-07 15:29:31.949 - RealTimeSTT: realtimestt - DEBUG - Current realtime buffer size: 110080
2026-08-07 15:29:32.054 - RealTimeSTT: realtimestt - DEBUG - _audio_data_worker writing audio data into queue.
2026-08-07 15:29:33.078 - RealTimeSTT: realtimestt - DEBUG - _audio_data_worker writing audio data into queue.
2026-08-07 15:29:33.164 - RealTimeSTT: realtimestt - DEBUG - Realtime text detected (timer): this sync schedule thing which will get the schedule from Blue Alliance and save it.
2026-08-07 15:29:33.165 - RealTimeSTT: realtimestt - DEBUG - Current realtime buffer size: 129536
2026-08-07 15:29:34.103 - RealTimeSTT: realtimestt - DEBUG - _audio_data_worker writing audio data into queue.
2026-08-07 15:29:34.237 - RealTimeSTT: realtimestt - DEBUG - Realtime text detected (timer): this sync schedule thing which will get the schedule from blue alliance and save it okay and then
2026-08-07 15:29:34.239 - RealTimeSTT: realtimestt - DEBUG - Current realtime buffer size: 146944
2026-08-07 15:29:35.126 - RealTimeSTT: realtimestt - DEBUG - _audio_data_worker writing audio data into queue.
2026-08-07 15:29:35.838 - RealTimeSTT: realtimestt - DEBUG - Realtime text detected (timer): this sync schedule thing which will get the schedule from Blue Alliance and save it. Okay, and then you just put in like match.
2026-08-07 15:29:35.841 - RealTimeSTT: realtimestt - DEBUG - Current realtime buffer size: 172544
2026-08-07 15:29:36.151 - RealTimeSTT: realtimestt - DEBUG - _audio_data_worker writing audio data into queue.
2026-08-07 15:29:37.174 - RealTimeSTT: realtimestt - DEBUG - _audio_data_worker writing audio data into queue.
2026-08-07 15:29:37.807 - RealTimeSTT: realtimestt - DEBUG - Realtime text detected (timer): this sync schedule thing, which will get the schedule from blue alliance and save it. Okay, and then you just put in like match. So how do you tell us which?
2026-08-07 15:29:37.810 - RealTimeSTT: realtimestt - DEBUG - Current realtime buffer size: 204288
2026-08-07 15:29:38.198 - RealTimeSTT: realtimestt - DEBUG - _audio_data_worker writing audio data into queue.
2026-08-07 15:29:39.222 - RealTimeSTT: realtimestt - DEBUG - _audio_data_worker writing audio data into queue.
2026-08-07 15:29:39.374 - RealTimeSTT: realtimestt - DEBUG - Realtime text detected (timer): this sync schedule thing, which will get the schedule from blue alliance and save it. Okay, and then you just put in like match. So how do you tell which comp you're at?
2026-08-07 15:29:39.378 - RealTimeSTT: realtimestt - DEBUG - Current realtime buffer size: 228864
2026-08-07 15:29:40.246 - RealTimeSTT: realtimestt - DEBUG - _audio_data_worker writing audio data into queue.
2026-08-07 15:29:41.023 - RealTimeSTT: realtimestt - DEBUG - Realtime text detected (timer): this sync schedule thing, which will get the schedule from blue alliance and save it. Okay, and then you just put in like match. So how do you tell which comp you're at? There's conflict.
2026-08-07 15:29:41.031 - RealTimeSTT: realtimestt - DEBUG - Current realtime buffer size: 256512
2026-08-07 15:29:41.270 - RealTimeSTT: realtimestt - DEBUG - _audio_data_worker writing audio data into queue.
2026-08-07 15:29:42.294 - RealTimeSTT: realtimestt - DEBUG - _audio_data_worker writing audio data into queue.
2026-08-07 15:29:42.750 - RealTimeSTT: realtimestt - DEBUG - Realtime text detected (timer): this sync schedule thing which will get the schedule from Blue Alliance and save it. Okay, and then you just put in like match. So how do you tell which comp you're at? There's config files, there's game.json.
2026-08-07 15:29:42.755 - RealTimeSTT: realtimestt - DEBUG - Current realtime buffer size: 283136
2026-08-07 15:29:43.318 - RealTimeSTT: realtimestt - DEBUG - _audio_data_worker writing audio data into queue.
2026-08-07 15:29:44.342 - RealTimeSTT: realtimestt - DEBUG - _audio_data_worker writing audio data into queue.
2026-08-07 15:29:44.647 - RealTimeSTT: realtimestt - DEBUG - Realtime text detected (timer): this sync schedule thing, which will get the schedule from blue alliance and save it. Okay, and then you just put in like match. So how do you tell which comp you're at? There's config files, there's game.json. Okay, so this is Python or music.
2026-08-07 15:29:44.654 - RealTimeSTT: realtimestt - DEBUG - Current realtime buffer size: 313856
2026-08-07 15:29:45.366 - RealTimeSTT: realtimestt - DEBUG - _audio_data_worker writing audio data into queue.
2026-08-07 15:29:46.391 - RealTimeSTT: realtimestt - DEBUG - _audio_data_worker writing audio data into queue.
2026-08-07 15:29:47.134 - RealTimeSTT: realtimestt - DEBUG - Realtime text detected (timer): this sync schedule thing, which will get the schedule from blue alliance and save it. Okay, and then you just put in like match. So how do you tell which comp you're at? There's config files, there's game.json. Okay, so this is Python or use the JSON file. Yeah.
2026-08-07 15:29:47.141 - RealTimeSTT: realtimestt - DEBUG - Current realtime buffer size: 352768
2026-08-07 15:29:47.414 - RealTimeSTT: realtimestt - DEBUG - _audio_data_worker writing audio data into queue.
2026-08-07 15:29:48.438 - RealTimeSTT: realtimestt - DEBUG - _audio_data_worker writing audio data into queue.
2026-08-07 15:29:49.462 - RealTimeSTT: realtimestt - DEBUG - _audio_data_worker writing audio data into queue.
2026-08-07 15:29:49.531 - RealTimeSTT: realtimestt - DEBUG - Realtime text detected (timer): this sync schedule thing, which will get the schedule from blue alliance and save it. Okay, and then you just put in like match. So how do you tell which comp you're at? There's config files, there's game.json. Okay, so this is Python or use the JSON file. Yeah, that's really common. And then so yeah, this
2026-08-07 15:29:49.538 - RealTimeSTT: realtimestt - DEBUG - Current realtime buffer size: 391680
2026-08-07 15:29:50.486 - RealTimeSTT: realtimestt - DEBUG - _audio_data_worker writing audio data into queue.
2026-08-07 15:29:51.511 - RealTimeSTT: realtimestt - DEBUG - _audio_data_worker writing audio data into queue.
2026-08-07 15:29:52.191 - RealTimeSTT: realtimestt - DEBUG - Realtime text detected (timer): this sync schedule thing, which will get the schedule from blue alliance and save it. Okay, and then you just put in like match. So how do you tell which comp you're at? There's config files, there's game.json. Okay, so this is Python or use the JSON file. Yeah, that's really common. And then so yeah, this is where like all the paths are and stuff.
2026-08-07 15:29:52.200 - RealTimeSTT: realtimestt - DEBUG - Current realtime buffer size: 433664
2026-08-07 15:29:52.534 - RealTimeSTT: realtimestt - DEBUG - _audio_data_worker writing audio data into queue.
2026-08-07 15:29:53.558 - RealTimeSTT: realtimestt - DEBUG - _audio_data_worker writing audio data into queue.
2026-08-07 15:29:54.582 - RealTimeSTT: realtimestt - DEBUG - _audio_data_worker writing audio data into queue.
2026-08-07 15:29:54.920 - RealTimeSTT: realtimestt - DEBUG - Realtime text detected (timer): this sync schedule thing, which will get the schedule from blue alliance and save it. Okay, and then you just put in like match. So how do you tell which comp you're at? There's config files, there's game.json. Okay, so this is Python or user JSON. Yeah, that's really common. And then so yeah, this is where like all the paths are and stuff. And then
2026-08-07 15:29:54.929 - RealTimeSTT: realtimestt - DEBUG - Current realtime buffer size: 478720
2026-08-07 15:29:55.606 - RealTimeSTT: realtimestt - DEBUG - _audio_data_worker writing audio data into queue.
2026-08-07 15:29:56.630 - RealTimeSTT: realtimestt - DEBUG - _audio_data_worker writing audio data into queue.
2026-08-07 15:29:57.655 - RealTimeSTT: realtimestt - DEBUG - _audio_data_worker writing audio data into queue.
2026-08-07 15:29:57.861 - RealTimeSTT: realtimestt - DEBUG - Realtime text detected (timer): this sync schedule thing, which will get the schedule from blue alliance and save it. Okay, and then you just put in like match. So how do you tell which comp you're at? There's config files, there's game.json. Okay, so this is Python or user JSON. Yeah, that's really common. And then, so yeah, this is where like all the paths are and stuff. And then, so we can use this in cat city.
2026-08-07 15:29:57.868 - RealTimeSTT: realtimestt - DEBUG - Current realtime buffer size: 524800
2026-08-07 15:29:58.678 - RealTimeSTT: realtimestt - DEBUG - _audio_data_worker writing audio data into queue.
2026-08-07 15:29:59.702 - RealTimeSTT: realtimestt - DEBUG - _audio_data_worker writing audio data into queue.
2026-08-07 15:30:00.726 - RealTimeSTT: realtimestt - DEBUG - _audio_data_worker writing audio data into queue.
2026-08-07 15:30:01.218 - RealTimeSTT: realtimestt - DEBUG - Realtime text detected (timer): this sync schedule thing, which will get the schedule from blue alliance and save it. Okay, and then you just put in like match. So how do you tell which comp you're at? There's config files, there's game.json. Okay, so this is Python or user JSON. Yeah, that's really common. And then, so yeah, this is where like all the paths are and stuff. And then, so we can use this in cat city.  Yeah, go for it
2026-08-07 15:30:01.220 - RealTimeSTT: realtimestt - DEBUG - Current realtime buffer size: 578048
2026-08-07 15:30:01.750 - RealTimeSTT: realtimestt - DEBUG - _audio_data_worker writing audio data into queue.
2026-08-07 15:30:02.774 - RealTimeSTT: realtimestt - DEBUG - _audio_data_worker writing audio data into queue.
2026-08-07 15:30:03.798 - RealTimeSTT: realtimestt - DEBUG - _audio_data_worker writing audio data into queue.
2026-08-07 15:30:04.157 - RealTimeSTT: realtimestt - DEBUG - Realtime text detected (timer): this sync schedule thing, which will get the schedule from blue alliance and save it. Okay, and then you just put in like match. So how do you tell which comp you're at? There's config files, there's game.json. Okay, so this is Python or user JSON. Yeah, that's really common. And then, so yeah, this is where like all the paths are and stuff. And then, so we can use this in cat city.  Yeah, go for it. Do you want to take the time to show people this tomorrow? Yeah, I'd love to.
2026-08-07 15:30:04.164 - RealTimeSTT: realtimestt - DEBUG - Current realtime buffer size: 626176
2026-08-07 15:30:04.822 - RealTimeSTT: realtimestt - DEBUG - _audio_data_worker writing audio data into queue.
2026-08-07 15:30:05.846 - RealTimeSTT: realtimestt - DEBUG - _audio_data_worker writing audio data into queue.
2026-08-07 15:30:06.870 - RealTimeSTT: realtimestt - DEBUG - _audio_data_worker writing audio data into queue.
2026-08-07 15:30:07.372 - RealTimeSTT: realtimestt - DEBUG - Realtime text detected (timer): this sync schedule thing, which will get the schedule from blue alliance and save it. Okay, and then you just put in like match. So how do you tell which comp you're at? There's config files, there's game.json. Okay, so this is Python or user JSON. Yeah, that's really common. And then, so yeah, this is where like all the paths are and stuff. And then, so we can use this in cat city.  Yeah, go for it. Do you want to take some time to show people this tomorrow? Yeah, I'd love to. Okay, great. Let me put that on again now.
2026-08-07 15:30:07.378 - RealTimeSTT: realtimestt - DEBUG - Current realtime buffer size: 676352
2026-08-07 15:30:07.894 - RealTimeSTT: realtimestt - DEBUG - _audio_data_worker writing audio data into queue.
2026-08-07 15:30:08.918 - RealTimeSTT: realtimestt - DEBUG - _audio_data_worker writing audio data into queue.
2026-08-07 15:30:09.942 - RealTimeSTT: realtimestt - DEBUG - _audio_data_worker writing audio data into queue.
2026-08-07 15:30:10.966 - RealTimeSTT: realtimestt - DEBUG - _audio_data_worker writing audio data into queue.
2026-08-07 15:30:11.000 - RealTimeSTT: realtimestt - DEBUG - Realtime text detected (timer): this sync schedule thing, which will get the schedule from blue alliance and save it. Okay, and then you just put in like match. So how do you tell which comp you're at? There's config files, there's game.json. Okay, so this is Python or user JSON. Yeah, that's really common. And then, so yeah, this is where like all the paths are and stuff. And then, so we can use this in cat city.  Yeah, go for it. Do you want to take some time to show people this tomorrow? Yeah, I'd love to. Okay, great. Let me put that on again. Alright. Yeah.
2026-08-07 15:30:11.009 - RealTimeSTT: realtimestt - DEBUG - Current realtime buffer size: 735744
2026-08-07 15:30:11.990 - RealTimeSTT: realtimestt - DEBUG - _audio_data_worker writing audio data into queue.
2026-08-07 15:30:13.014 - RealTimeSTT: realtimestt - DEBUG - _audio_data_worker writing audio data into queue.
2026-08-07 15:30:14.038 - RealTimeSTT: realtimestt - DEBUG - _audio_data_worker writing audio data into queue.
2026-08-07 15:30:14.239 - RealTimeSTT: realtimestt - DEBUG - Realtime text detected (timer): this sync schedule thing, which will get the schedule from blue alliance and save it. Okay, and then you just put in like match. So how do you tell which comp you're at? There's config files, there's game.json. Okay, so this is Python or user JSON. Yeah, that's really common. And then, so yeah, this is where like all the paths are and stuff. And then, so we can use this in cat city.  Yeah, go for it. Do you want to take some time to show people this tomorrow? Yeah, I'd love to. Okay, great. Let me put that on again. Alright. Yeah.
2026-08-07 15:30:14.247 - RealTimeSTT: realtimestt - DEBUG - Current realtime buffer size: 786944
2026-08-07 15:30:15.062 - RealTimeSTT: realtimestt - DEBUG - _audio_data_worker writing audio data into queue.
2026-08-07 15:30:16.086 - RealTimeSTT: realtimestt - DEBUG - _audio_data_worker writing audio data into queue.
2026-08-07 15:30:17.110 - RealTimeSTT: realtimestt - DEBUG - _audio_data_worker writing audio data into queue.
2026-08-07 15:30:17.895 - RealTimeSTT: realtimestt - DEBUG - Realtime text detected (timer): this sync schedule thing, which will get the schedule from blue alliance and save it. Okay, and then you just put in like match. So how do you tell which comp you're at? There's config files, there's game.json. Okay, so this is Python or user JSON. Yeah, that's really common. And then, so yeah, this is where like all the paths are and stuff. And then, so we can use this in cat city.  Yeah, go for it. Do you want to take some time to show people this tomorrow? Yeah, I'd love to. Okay, great. Let me put that on again. Alright. Yeah. That's on you big dog.
2026-08-07 15:30:17.904 - RealTimeSTT: realtimestt - DEBUG - Current realtime buffer size: 846336
2026-08-07 15:30:18.134 - RealTimeSTT: realtimestt - DEBUG - _audio_data_worker writing audio data into queue.
2026-08-07 15:30:19.158 - RealTimeSTT: realtimestt - DEBUG - _audio_data_worker writing audio data into queue.
2026-08-07 15:30:20.182 - RealTimeSTT: realtimestt - DEBUG - _audio_data_worker writing audio data into queue.
2026-08-07 15:30:21.206 - RealTimeSTT: realtimestt - DEBUG - _audio_data_worker writing audio data into queue.
2026-08-07 15:30:21.529 - RealTimeSTT: realtimestt - DEBUG - Realtime text detected (timer): this sync schedule thing, which will get the schedule from blue alliance and save it. Okay, and then you just put in like match. So how do you tell which comp you're at? There's config files, there's game.json. Okay, so this is Python or user JSON. Yeah, that's really common. And then, so yeah, this is where like all the paths are and stuff. And then, so we can use this in cat city.  Yeah, go for it Do you want to take some time to show people this tomorrow? Yeah, I'd love to. Okay, great. Let me put that on again. Alright. Yeah That's on you big dog
2026-08-07 15:30:21.536 - RealTimeSTT: realtimestt - DEBUG - Current realtime buffer size: 903680
2026-08-07 15:30:22.230 - RealTimeSTT: realtimestt - DEBUG - _audio_data_worker writing audio data into queue.
2026-08-07 15:30:23.254 - RealTimeSTT: realtimestt - DEBUG - _audio_data_worker writing audio data into queue.
2026-08-07 15:30:24.278 - RealTimeSTT: realtimestt - DEBUG - _audio_data_worker writing audio data into queue.
2026-08-07 15:30:25.302 - RealTimeSTT: realtimestt - DEBUG - _audio_data_worker writing audio data into queue.
2026-08-07 15:30:25.520 - RealTimeSTT: realtimestt - DEBUG - Realtime text detected (timer): this sync schedule thing, which will get the schedule from blue alliance and save it. Okay, and then you just put in like match. So how do you tell which comp you're at? There's config files, there's game.json. Okay, so this is Python or user JSON. Yeah, that's really common. And then, so yeah, this is where like all the paths are and stuff. And then, so we can use this in cat city.  Yeah, go for it Do you want to take some time to show people this tomorrow? Yeah, I'd love to. Okay, great. Let me put that on again again. All right. Yeah That's on you big dog
2026-08-07 15:30:25.532 - RealTimeSTT: realtimestt - DEBUG - Current realtime buffer size: 967168
2026-08-07 15:30:26.326 - RealTimeSTT: realtimestt - DEBUG - _audio_data_worker writing audio data into queue.
2026-08-07 15:30:27.350 - RealTimeSTT: realtimestt - DEBUG - _audio_data_worker writing audio data into queue.
2026-08-07 15:30:28.374 - RealTimeSTT: realtimestt - DEBUG - _audio_data_worker writing audio data into queue.
2026-08-07 15:30:29.398 - RealTimeSTT: realtimestt - DEBUG - _audio_data_worker writing audio data into queue.
2026-08-07 15:30:29.952 - RealTimeSTT: realtimestt - DEBUG - Realtime text detected (timer): this sync schedule thing, which will get the schedule from blue alliance and save it. Okay, and then you just put in like match. So how do you tell which comp you're at? There's config files, there's game.json. Okay, so this is Python or user JSON. Yeah, that's really common. And then, so yeah, this is where like all the paths are and stuff. And then, so we can use this in cat city.  Yeah, go for it. Do you want to take some time to show people this tomorrow? Yeah, I'd love to. Okay, great. Let me put that on again. Alright. Yeah. That's on you big dog.  So we need an owner for it.
2026-08-07 15:30:29.956 - RealTimeSTT: realtimestt - DEBUG - Current realtime buffer size: 1038848
2026-08-07 15:30:30.422 - RealTimeSTT: realtimestt - DEBUG - _audio_data_worker writing audio data into queue.
2026-08-07 15:30:31.446 - RealTimeSTT: realtimestt - DEBUG - _audio_data_worker writing audio data into queue.
2026-08-07 15:30:32.470 - RealTimeSTT: realtimestt - DEBUG - _audio_data_worker writing audio data into queue.
2026-08-07 15:30:33.494 - RealTimeSTT: realtimestt - DEBUG - _audio_data_worker writing audio data into queue.
2026-08-07 15:30:34.033 - RealTimeSTT: realtimestt - DEBUG - Realtime text detected (timer): this sync schedule thing, which will get the schedule from blue alliance and save it. Okay, and then you just put in like match. So how do you tell which comp you're at? There's config files, there's game.json. Okay, so this is Python or user JSON. Yeah, that's really common. And then, so yeah, this is where like all the paths are and stuff. And then, so we can use this in cat city.  Yeah, go for it. Do you want to take some time to show people this tomorrow? Yeah, I'd love to. Okay, great. Let me put that on again. Alright. Yeah. That's on you big dog.  So we need an owner for it too. Like, don't just get rasped gee whiz.
2026-08-07 15:30:34.037 - RealTimeSTT: realtimestt - DEBUG - Current realtime buffer size: 1104384
2026-08-07 15:30:34.518 - RealTimeSTT: realtimestt - DEBUG - _audio_data_worker writing audio data into queue.
2026-08-07 15:30:35.542 - RealTimeSTT: realtimestt - DEBUG - _audio_data_worker writing audio data into queue.
2026-08-07 15:30:36.566 - RealTimeSTT: realtimestt - DEBUG - _audio_data_worker writing audio data into queue.
2026-08-07 15:30:37.590 - RealTimeSTT: realtimestt - DEBUG - _audio_data_worker writing audio data into queue.
2026-08-07 15:30:38.285 - RealTimeSTT: realtimestt - DEBUG - Realtime text detected (timer): this sync schedule thing, which will get the schedule from blue alliance and save it. Okay, and then you just put in like match. So how do you tell which comp you're at? There's config files, there's game.json. Okay, so this is Python or user JSON. Yeah, that's really common. And then, so yeah, this is where like all the paths are and stuff. And then, so we can use this in cat city.  Yeah, go for it. Do you want to take some time to show people this tomorrow? Yeah, I'd love to. Okay, great. Let me put that on again. Alright. Yeah. That's on you big dog.  So we need an owner for it, too. Like, don't just get asked the gwiz. I think it's a good bike.
2026-08-07 15:30:38.290 - RealTimeSTT: realtimestt - DEBUG - Current realtime buffer size: 1171968
2026-08-07 15:30:38.614 - RealTimeSTT: realtimestt - DEBUG - _audio_data_worker writing audio data into queue.
2026-08-07 15:30:39.639 - RealTimeSTT: realtimestt - DEBUG - _audio_data_worker writing audio data into queue.
2026-08-07 15:30:40.662 - RealTimeSTT: realtimestt - DEBUG - _audio_data_worker writing audio data into queue.
2026-08-07 15:30:41.686 - RealTimeSTT: realtimestt - DEBUG - _audio_data_worker writing audio data into queue.
2026-08-07 15:30:42.710 - RealTimeSTT: realtimestt - DEBUG - _audio_data_worker writing audio data into queue.
2026-08-07 15:30:42.892 - RealTimeSTT: realtimestt - DEBUG - Realtime text detected (timer): this sync schedule thing, which will get the schedule from blue alliance and save it. Okay, and then you just put in like match. So how do you tell which comp you're at? There's config files, there's game.json. Okay, so this is Python or user JSON. Yeah, that's really common. And then, so yeah, this is where like all the paths are and stuff. And then, so we can use this in cat city.  Yeah, go for it. Do you want to take some time to show people this tomorrow? Yeah, I'd love to. Okay, great. Let me put that on again. Alright. Yeah. That's on you big dog.  So we need an owner for it, too. Like, don't just get asked the gwiz. I think it's not here. So it's coming back. Either this weekend or next.
2026-08-07 15:30:42.897 - RealTimeSTT: realtimestt - DEBUG - Current realtime buffer size: 1245696
2026-08-07 15:30:43.734 - RealTimeSTT: realtimestt - DEBUG - _audio_data_worker writing audio data into queue.
2026-08-07 15:30:44.758 - RealTimeSTT: realtimestt - DEBUG - _audio_data_worker writing audio data into queue.
2026-08-07 15:30:45.782 - RealTimeSTT: realtimestt - DEBUG - _audio_data_worker writing audio data into queue.
2026-08-07 15:30:46.806 - RealTimeSTT: realtimestt - DEBUG - _audio_data_worker writing audio data into queue.
2026-08-07 15:30:47.397 - RealTimeSTT: realtimestt - DEBUG - Realtime text detected (timer): this sync schedule thing, which will get the schedule from blue alliance and save it. Okay, and then you just put in like match. So how do you tell which comp you're at? There's config files, there's game.json. Okay, so this is Python or user JSON. Yeah, that's really common. And then, so yeah, this is where like all the paths are and stuff. And then, so we can use this in cat city.  Yeah, go for it. Do you want to take some time to show people this tomorrow? Yeah, I'd love to. Okay, great. Let me put that on again. Alright. Yeah. That's on you big dog.  So we need an owner for it too. Like, don't just get asked the gwiz. I think it's not here. So it's coming back. Either this weekend or next. Oh, so it did be. This school starts. So funny.
2026-08-07 15:30:47.403 - RealTimeSTT: realtimestt - DEBUG - Current realtime buffer size: 1317376
2026-08-07 15:30:47.830 - RealTimeSTT: realtimestt - DEBUG - _audio_data_worker writing audio data into queue.
2026-08-07 15:30:48.854 - RealTimeSTT: realtimestt - DEBUG - _audio_data_worker writing audio data into queue.
2026-08-07 15:30:49.878 - RealTimeSTT: realtimestt - DEBUG - _audio_data_worker writing audio data into queue.
2026-08-07 15:30:50.902 - RealTimeSTT: realtimestt - DEBUG - _audio_data_worker writing audio data into queue.
2026-08-07 15:30:51.863 - RealTimeSTT: realtimestt - DEBUG - Realtime text detected (timer): this sync schedule thing, which will get the schedule from blue alliance and save it. Okay, and then you just put in like match. So how do you tell which comp you're at? There's config files, there's game.json. Okay, so this is Python or user JSON. Yeah, that's really common. And then, so yeah, this is where like all the paths are and stuff. And then, so we can use this in cat city.  Yeah, go for it. Do you want to take some time to show people this tomorrow? Yeah, I'd love to. Okay, great. Let me put that on again. Alright. Yeah. That's on you big dog.  So we need an owner for it too. Like, don't just get asked the gwiz. I think it's not here. So it's coming back. Either this weekend or next year. Oh, so it did be. This school starts. So funny how that works. Yeah, he's got to be.
2026-08-07 15:30:51.868 - RealTimeSTT: realtimestt - DEBUG - Current realtime buffer size: 1389056
2026-08-07 15:30:51.926 - RealTimeSTT: realtimestt - DEBUG - _audio_data_worker writing audio data into queue.
2026-08-07 15:30:52.950 - RealTimeSTT: realtimestt - DEBUG - _audio_data_worker writing audio data into queue.
2026-08-07 15:30:53.974 - RealTimeSTT: realtimestt - DEBUG - _audio_data_worker writing audio data into queue.
2026-08-07 15:30:54.998 - RealTimeSTT: realtimestt - DEBUG - _audio_data_worker writing audio data into queue.
2026-08-07 15:30:56.022 - RealTimeSTT: realtimestt - DEBUG - _audio_data_worker writing audio data into queue.
2026-08-07 15:30:56.323 - RealTimeSTT: realtimestt - DEBUG - Realtime text detected (timer): this sync schedule thing, which will get the schedule from blue alliance and save it. Okay, and then you just put in like match. So how do you tell which comp you're at? There's config files, there's game.json. Okay, so this is Python or user JSON. Yeah, that's really common. And then, so yeah, this is where like all the paths are and stuff. And then, so we can use this in cat city.  Yeah, go for it. Do you want to take some time to show people this tomorrow? Yeah, I'd love to. Okay, great. Let me put that on again. Alright. Yeah. That's on you big dog.  So we need an owner for it, too. Like, don't just get asked the gwiz. I think it's not here. So it's coming back. Either this weekend or next. Oh, so it did be. This school starts. So funny how that works. Yeah, he's got to be. He's been working on other scouting algorithms. Next up that he might want to integrate with this.
2026-08-07 15:30:56.329 - RealTimeSTT: realtimestt - DEBUG - Current realtime buffer size: 1460736
2026-08-07 15:30:57.046 - RealTimeSTT: realtimestt - DEBUG - _audio_data_worker writing audio data into queue.
2026-08-07 15:30:58.070 - RealTimeSTT: realtimestt - DEBUG - _audio_data_worker writing audio data into queue.
2026-08-07 15:30:59.094 - RealTimeSTT: realtimestt - DEBUG - _audio_data_worker writing audio data into queue.
2026-08-07 15:31:00.118 - RealTimeSTT: realtimestt - DEBUG - _audio_data_worker writing audio data into queue.
2026-08-07 15:31:01.142 - RealTimeSTT: realtimestt - DEBUG - _audio_data_worker writing audio data into queue.
2026-08-07 15:31:01.619 - RealTimeSTT: realtimestt - DEBUG - Realtime text detected (timer): this sync schedule thing, which will get the schedule from blue alliance and save it. Okay, and then you just put in like match. So how do you tell which comp you're at? There's config files, there's game.json. Okay, so this is Python or user JSON. Yeah, that's really common. And then, so yeah, this is where like all the paths are and stuff. And then, so we can use this in cat city.  Yeah, go for it. Do you want to take some time to show people this tomorrow? Yeah, I'd love to. Okay, great. Let me put that on again. Alright. Yeah. That's on you big dog.  So we need an owner for it, too. Like, don't just get rasped gee whiz. I think it's a good bike.  It's coming back either this weekend or next school starts Yeah, he's got to be He's been working on others like scouting algorithm mixed up that he might want to integrate that could be like really oh my gosh that would be cool
2026-08-07 15:31:01.625 - RealTimeSTT: realtimestt - DEBUG - Current realtime buffer size: 1544704
2026-08-07 15:31:02.166 - RealTimeSTT: realtimestt - DEBUG - _audio_data_worker writing audio data into queue.
2026-08-07 15:31:03.190 - RealTimeSTT: realtimestt - DEBUG - _audio_data_worker writing audio data into queue.
2026-08-07 15:31:04.214 - RealTimeSTT: realtimestt - DEBUG - _audio_data_worker writing audio data into queue.
2026-08-07 15:31:05.239 - RealTimeSTT: realtimestt - DEBUG - _audio_data_worker writing audio data into queue.
2026-08-07 15:31:06.262 - RealTimeSTT: realtimestt - DEBUG - _audio_data_worker writing audio data into queue.
2026-08-07 15:31:07.286 - RealTimeSTT: realtimestt - DEBUG - _audio_data_worker writing audio data into queue.
2026-08-07 15:31:07.368 - RealTimeSTT: realtimestt - DEBUG - Realtime text detected (timer): this sync schedule thing, which will get the schedule from blue alliance and save it. Okay, and then you just put in like match. So how do you tell which comp you're at? There's config files, there's game.json. Okay, so this is Python or user JSON. Yeah, that's really common. And then, so yeah, this is where like all the paths are and stuff. And then, so we can use this in cat city.  Yeah, go for it. Do you want to take some time to show people this tomorrow? Yeah, I'd love to. Okay, great. Let me put that on again. Alright. Yeah. That's on you big dog.  So we need an owner for it, too. Like, don't just get rasped gee whiz. I think it's a good bike.  It's coming back either this weekend or next school starts Yeah, he's got to be He's been working on others like scouting algorithm mixed up that he might want to integrate that could be like really oh my gosh That would be cool. Is it like predicts what you're gonna do? Predicts performance, which isn't exactly something to drive team
2026-08-07 15:31:07.375 - RealTimeSTT: realtimestt - DEBUG - Current realtime buffer size: 1636864
2026-08-07 15:31:08.310 - RealTimeSTT: realtimestt - DEBUG - _audio_data_worker writing audio data into queue.
2026-08-07 15:31:09.334 - RealTimeSTT: realtimestt - DEBUG - _audio_data_worker writing audio data into queue.
2026-08-07 15:31:10.358 - RealTimeSTT: realtimestt - DEBUG - _audio_data_worker writing audio data into queue.
2026-08-07 15:31:11.382 - RealTimeSTT: realtimestt - DEBUG - _audio_data_worker writing audio data into queue.
2026-08-07 15:31:12.406 - RealTimeSTT: realtimestt - DEBUG - _audio_data_worker writing audio data into queue.
2026-08-07 15:31:13.430 - RealTimeSTT: realtimestt - DEBUG - _audio_data_worker writing audio data into queue.
2026-08-07 15:31:13.494 - RealTimeSTT: realtimestt - DEBUG - Realtime text detected (timer): this sync schedule thing, which will get the schedule from blue alliance and save it. Okay, and then you just put in like match. So how do you tell which comp you're at? There's config files, there's game.json. Okay, so this is Python or user JSON. Yeah, that's really common. And then, so yeah, this is where like all the paths are and stuff. And then, so we can use this in cat city.  Yeah, go for it. Do you want to take some time to show people this tomorrow? Yeah, I'd love to. Okay, great. Let me put that on again. Alright. Yeah. That's on you big dog.  So we need an owner for it, too. Like, don't just get rasped gee whiz. I think it's a good bike.  It's coming back either this weekend or next school starts Yeah, he's got to be He's been working on others like scouting algorithm mixed up that he might want to integrate that could be like really oh my gosh  That would be cool. Is it like predicts what you're going to do in your physics performance? Which isn't exactly something the drive team wants to see. Well, maybe we can figure out how we do that. Yeah.
2026-08-07 15:31:13.507 - RealTimeSTT: realtimestt - DEBUG - Current realtime buffer size: 1735168
2026-08-07 15:31:14.454 - RealTimeSTT: realtimestt - DEBUG - _audio_data_worker writing audio data into queue.
2026-08-07 15:31:15.478 - RealTimeSTT: realtimestt - DEBUG - _audio_data_worker writing audio data into queue.
2026-08-07 15:31:16.502 - RealTimeSTT: realtimestt - DEBUG - _audio_data_worker writing audio data into queue.
2026-08-07 15:31:17.526 - RealTimeSTT: realtimestt - DEBUG - _audio_data_worker writing audio data into queue.
2026-08-07 15:31:18.550 - RealTimeSTT: realtimestt - DEBUG - _audio_data_worker writing audio data into queue.
2026-08-07 15:31:19.560 - RealTimeSTT: realtimestt - DEBUG - Realtime text detected (timer): this sync schedule thing, which will get the schedule from blue alliance and save it. Okay, and then you just put in like match. So how do you tell which comp you're at? There's config files, there's game.json. Okay, so this is Python or user JSON. Yeah, that's really common. And then, so yeah, this is where like all the paths are and stuff. And then, so we can use this in cat city.  Yeah, go for it. Do you want to take some time to show people this tomorrow? Yeah, I'd love to. Okay, great. Let me put that on again. Alright. Yeah. That's on you big dog.  So we need an owner for it, too. Like, don't just get rasped gee whiz. I think it's a good bike.  It's coming back either this weekend or next school starts Yeah, he's got to be He's been working on others like scouting algorithm mixed up that he might want to integrate that could be like really oh my gosh  That would be cool. Is it like predicts what you're going to do in your physics performance? Which isn't exactly something the drive team wants to see. Well maybe we can figure out how we do that. Yeah. So yeah in this you just configure it different types of scoring like what I put.
2026-08-07 15:31:19.576 - RealTimeSTT: realtimestt - DEBUG - _audio_data_worker writing audio data into queue.
2026-08-07 15:31:19.576 - RealTimeSTT: realtimestt - DEBUG - Current realtime buffer size: 1831424
2026-08-07 15:31:20.598 - RealTimeSTT: realtimestt - DEBUG - _audio_data_worker writing audio data into queue.
2026-08-07 15:31:21.622 - RealTimeSTT: realtimestt - DEBUG - _audio_data_worker writing audio data into queue.
2026-08-07 15:31:22.646 - RealTimeSTT: realtimestt - DEBUG - _audio_data_worker writing audio data into queue.
2026-08-07 15:31:23.670 - RealTimeSTT: realtimestt - DEBUG - _audio_data_worker writing audio data into queue.
2026-08-07 15:31:24.694 - RealTimeSTT: realtimestt - DEBUG - _audio_data_worker writing audio data into queue.
2026-08-07 15:31:25.718 - RealTimeSTT: realtimestt - DEBUG - _audio_data_worker writing audio data into queue.
2026-08-07 15:31:26.019 - RealTimeSTT: realtimestt - DEBUG - Realtime text detected (timer): this sync schedule thing, which will get the schedule from blue alliance and save it. Okay, and then you just put in like match. So how do you tell which comp you're at? There's config files, there's game.json. Okay, so this is Python or user JSON. Yeah, that's really common. And then, so yeah, this is where like all the paths are and stuff. And then, so we can use this in cat city.  Yeah, go for it. Do you want to take some time to show people this tomorrow? Yeah, I'd love to. Okay, great. Let me put that on again. Alright. Yeah. That's on you big dog.  So we need an owner for it, too. Like, don't just get rasped gee whiz. I think it's a good bike.  It's coming back either this weekend or next school starts Yeah, he's got to be He's been working on others like scouting algorithm mixed up that he might want to integrate that could be like really oh my gosh  That would be cool. Is it like predicts what you're going to do in your physics performance, which isn't exactly something the drive team wants to see. Well, maybe we can figure out how we do that. Yeah. So yeah, in this, you just configure it. Different types of scoring. Like, well, I put it in for like level one, level two, level three, and then words that would be like keywords that you would extract for each
2026-08-07 15:31:26.036 - RealTimeSTT: realtimestt - DEBUG - Current realtime buffer size: 1935872
2026-08-07 15:31:26.742 - RealTimeSTT: realtimestt - DEBUG - _audio_data_worker writing audio data into queue.
2026-08-07 15:31:27.766 - RealTimeSTT: realtimestt - DEBUG - _audio_data_worker writing audio data into queue.
2026-08-07 15:31:28.790 - RealTimeSTT: realtimestt - DEBUG - _audio_data_worker writing audio data into queue.
2026-08-07 15:31:29.814 - RealTimeSTT: realtimestt - DEBUG - _audio_data_worker writing audio data into queue.
2026-08-07 15:31:30.838 - RealTimeSTT: realtimestt - DEBUG - _audio_data_worker writing audio data into queue.
2026-08-07 15:31:31.862 - RealTimeSTT: realtimestt - DEBUG - _audio_data_worker writing audio data into queue.
2026-08-07 15:31:32.886 - RealTimeSTT: realtimestt - DEBUG - _audio_data_worker writing audio data into queue.
2026-08-07 15:31:33.448 - RealTimeSTT: realtimestt - DEBUG - Realtime text detected (timer): this sync schedule thing, which will get the schedule from blue alliance and save it. Okay, and then you just put in like match. So how do you tell which comp you're at? There's config files, there's game.json. Okay, so this is Python or user JSON. Yeah, that's really common. And then, so yeah, this is where like all the paths are and stuff. And then, so we can use this in cat city.  Yeah, go for it. Do you want to take some time to show people this tomorrow? Yeah, I'd love to. Okay, great. Let me put that on again. Alright. Yeah. That's on you big dog.  So we need an owner for it, too. Like, don't just get rasped gee whiz. I think it's a good bike.  It's coming back either this weekend or next school starts Yeah, he's got to be He's been working on others like scouting algorithm mixed up that he might want to integrate that could be like really oh my gosh  That would be cool. Is it like predicts what you're going to do in your... predicts performance, which isn't exactly something the drive team wants to see. Well, maybe we can figure out how we do that. Yeah. So yeah, in this, you just configure it. Different types of scoring. Like, well, I put it in for like level one, level two, level three, and then words that would be like keywords that you would extract for each one points.  And then also I added this thing called alternate points like if you wanted to use like a defensive.
2026-08-07 15:31:33.464 - RealTimeSTT: realtimestt - DEBUG - Current realtime buffer size: 2054656
2026-08-07 15:31:33.912 - RealTimeSTT: realtimestt - DEBUG - _audio_data_worker writing audio data into queue.
2026-08-07 15:31:34.934 - RealTimeSTT: realtimestt - DEBUG - _audio_data_worker writing audio data into queue.
2026-08-07 15:31:35.958 - RealTimeSTT: realtimestt - DEBUG - _audio_data_worker writing audio data into queue.
2026-08-07 15:31:36.981 - RealTimeSTT: realtimestt - DEBUG - _audio_data_worker writing audio data into queue.
2026-08-07 15:31:38.006 - RealTimeSTT: realtimestt - DEBUG - _audio_data_worker writing audio data into queue.
2026-08-07 15:31:39.030 - RealTimeSTT: realtimestt - DEBUG - _audio_data_worker writing audio data into queue.
2026-08-07 15:31:40.054 - RealTimeSTT: realtimestt - DEBUG - _audio_data_worker writing audio data into queue.
2026-08-07 15:31:40.948 - RealTimeSTT: realtimestt - DEBUG - Realtime text detected (timer): this sync schedule thing, which will get the schedule from blue alliance and save it. Okay, and then you just put in like match. So how do you tell which comp you're at? There's config files, there's game.json. Okay, so this is Python or user JSON. Yeah, that's really common. And then, so yeah, this is where like all the paths are and stuff. And then, so we can use this in cat city.  Yeah, go for it. Do you want to take some time to show people this tomorrow? Yeah, I'd love to. Okay, great. Let me put that on again. Alright. Yeah. That's on you big dog.  So we need an owner for it, too. Like, don't just get rasped gee whiz. I think it's a good bike.  It's coming back either this weekend or next school starts Yeah, he's got to be He's been working on others like scouting algorithm mixed up that he might want to integrate that could be like really oh my gosh  That would be cool. Is it like predicts what you're going to do in your... predicts performance, which isn't exactly something the drive team wants to see. Well, maybe we can figure out how we do that. Yeah. So yeah, in this, you just configure it. Different types of scoring. Like, well, I put it in for like level one, level two, level three, and then words that would be like keywords that you would extract for each one points.  and then also I added this thing called alternate points like if you wanted to use like a defensive system to work how they're playing defense you could create like a defense point system that you could keep track of too I don't know if it would be of any use
2026-08-07 15:31:40.965 - RealTimeSTT: realtimestt - DEBUG - Current realtime buffer size: 2174464
2026-08-07 15:31:41.077 - RealTimeSTT: realtimestt - DEBUG - _audio_data_worker writing audio data into queue.
2026-08-07 15:31:42.101 - RealTimeSTT: realtimestt - DEBUG - _audio_data_worker writing audio data into queue.
2026-08-07 15:31:43.126 - RealTimeSTT: realtimestt - DEBUG - _audio_data_worker writing audio data into queue.
2026-08-07 15:31:44.150 - RealTimeSTT: realtimestt - DEBUG - _audio_data_worker writing audio data into queue.
2026-08-07 15:31:45.173 - RealTimeSTT: realtimestt - DEBUG - _audio_data_worker writing audio data into queue.
2026-08-07 15:31:46.197 - RealTimeSTT: realtimestt - DEBUG - _audio_data_worker writing audio data into queue.
2026-08-07 15:31:47.221 - RealTimeSTT: realtimestt - DEBUG - _audio_data_worker writing audio data into queue.
2026-08-07 15:31:48.246 - RealTimeSTT: realtimestt - DEBUG - _audio_data_worker writing audio data into queue.
2026-08-07 15:31:49.012 - RealTimeSTT: realtimestt - DEBUG - Realtime text detected (timer): this sync schedule thing, which will get the schedule from blue alliance and save it. Okay, and then you just put in like match. So how do you tell which comp you're at? There's config files, there's game.json. Okay, so this is Python or user JSON. Yeah, that's really common. And then, so yeah, this is where like all the paths are and stuff. And then, so we can use this in cat city.  Yeah, go for it. Do you want to take some time to show people this tomorrow? Yeah, I'd love to. Okay, great. Let me put that on again. Alright. Yeah. That's on you big dog.  So we need an owner for it, too. Like, don't just get rasped gee whiz. I think it's a good bike.  It's coming back either this weekend or next school starts Yeah, he's got to be He's been working on others like scouting algorithm mixed up that he might want to integrate that could be like really oh my gosh  That would be cool. Is it like predicts what you're going to do in your... predicts performance, which isn't exactly something the drive team wants to see. Well, maybe we can figure out how we do that. Yeah. So yeah, in this, you just configure it. Different types of scoring. Like, well, I put it in for like level one, level two, level three, and then words that would be like keywords that you would extract for each one points.  and then also I added this thing called alternate points like if you wanted to use like a defensive system to work how they're playing defense you could create like a defense point system that you could keep track of too I don't know if it would be of any use you don't have to use it but it's there if someone were to want to and then penalty is as well and then robots broken
2026-08-07 15:31:49.021 - RealTimeSTT: realtimestt - DEBUG - Current realtime buffer size: 2302464
2026-08-07 15:31:49.269 - RealTimeSTT: realtimestt - DEBUG - _audio_data_worker writing audio data into queue.
2026-08-07 15:31:50.294 - RealTimeSTT: realtimestt - DEBUG - _audio_data_worker writing audio data into queue.
2026-08-07 15:31:51.318 - RealTimeSTT: realtimestt - DEBUG - _audio_data_worker writing audio data into queue.
2026-08-07 15:31:52.341 - RealTimeSTT: realtimestt - DEBUG - _audio_data_worker writing audio data into queue.
2026-08-07 15:31:53.366 - RealTimeSTT: realtimestt - DEBUG - _audio_data_worker writing audio data into queue.
2026-08-07 15:31:54.389 - RealTimeSTT: realtimestt - DEBUG - _audio_data_worker writing audio data into queue.
2026-08-07 15:31:55.413 - RealTimeSTT: realtimestt - DEBUG - _audio_data_worker writing audio data into queue.
2026-08-07 15:31:56.438 - RealTimeSTT: realtimestt - DEBUG - _audio_data_worker writing audio data into queue.
2026-08-07 15:31:57.137 - RealTimeSTT: realtimestt - DEBUG - Realtime text detected (timer): this sync schedule thing, which will get the schedule from blue alliance and save it. Okay, and then you just put in like match. So how do you tell which comp you're at? There's config files, there's game.json. Okay, so this is Python or user JSON. Yeah, that's really common. And then, so yeah, this is where like all the paths are and stuff. And then, so we can use this in cat city.  Yeah, go for it. Do you want to take some time to show people this tomorrow? Yeah, I'd love to. Okay, great. Let me put that on again. Alright. Yeah. That's on you big dog.  So we need an owner for it, too. Like, don't just get rasped gee whiz. I think it's a good bike.  It's coming back either this weekend or next school starts Yeah, he's got to be He's been working on others like scouting algorithm mixed up that he might want to integrate that could be like really oh my gosh  That would be cool. Is it like predicts what you're going to do in your... predicts performance, which isn't exactly something the drive team wants to see. Well, maybe we can figure out how we do that. Yeah. So yeah, in this, you just configure it. Different types of scoring. Like, well, I put it in for like level one, level two, level three, and then words that would be like keywords that you would extract for each one points.  And then also I added this thing called alternate points, like if you wanted to use like a defensive system to work how they're playing defense, you could create like a defense point system that you could keep track of too. I don't know if it would be of any use, you don't have to use it, but it's there if someone were to want to. And then penalty is as well. And then robots broken. And then words to like ignore, these are just like words that we would care about.
2026-08-07 15:31:57.154 - RealTimeSTT: realtimestt - DEBUG - Current realtime buffer size: 2433536
2026-08-07 15:31:57.461 - RealTimeSTT: realtimestt - DEBUG - _audio_data_worker writing audio data into queue.
2026-08-07 15:31:58.486 - RealTimeSTT: realtimestt - DEBUG - _audio_data_worker writing audio data into queue.
2026-08-07 15:31:59.509 - RealTimeSTT: realtimestt - DEBUG - _audio_data_worker writing audio data into queue.
2026-08-07 15:32:00.533 - RealTimeSTT: realtimestt - DEBUG - _audio_data_worker writing audio data into queue.
2026-08-07 15:32:01.557 - RealTimeSTT: realtimestt - DEBUG - _audio_data_worker writing audio data into queue.
2026-08-07 15:32:02.581 - RealTimeSTT: realtimestt - DEBUG - _audio_data_worker writing audio data into queue.
2026-08-07 15:32:03.605 - RealTimeSTT: realtimestt - DEBUG - _audio_data_worker writing audio data into queue.
2026-08-07 15:32:04.629 - RealTimeSTT: realtimestt - DEBUG - _audio_data_worker writing audio data into queue.
2026-08-07 15:32:05.170 - RealTimeSTT: realtimestt - DEBUG - Realtime text detected (timer): this sync schedule thing, which will get the schedule from blue alliance and save it. Okay, and then you just put in like match. So how do you tell which comp you're at? There's config files, there's game.json. Okay, so this is Python or user JSON. Yeah, that's really common. And then, so yeah, this is where like all the paths are and stuff. And then, so we can use this in cat city.  Yeah, go for it. Do you want to take some time to show people this tomorrow? Yeah, I'd love to. Okay, great. Let me put that on again. Alright. Yeah. That's on you big dog.  So we need an owner for it, too. Like, don't just get rasped gee whiz. I think it's a good bike.  It's coming back either this weekend or next school starts Yeah, he's got to be He's been working on others like scouting algorithm mixed up that he might want to integrate that could be like really oh my gosh  That would be cool. Is it like predicts what you're going to do in your... predicts performance, which isn't exactly something the drive team wants to see. Well, maybe we can figure out how we do that. Yeah. So yeah, in this, you just configure it. Different types of scoring. Like, well, I put it in for like level one, level two, level three, and then words that would be like keywords that you would extract for each one points.  and then also I added this thing called alternate points like if you wanted to use like a defensive system to work how they're playing defense you could create like a defense point system that you could keep track of too I don't know if it would be of any use you don't have to use it but it's there if someone were to want to and then penalty is as well and then robots broken  And then words to like ignore these are just like words that we would care about. It doesn't matter. And then we'll say like it's that's just like other config stuff. Yeah, but here's where you put the event in. This is the blue line.
2026-08-07 15:32:05.334 - RealTimeSTT: realtimestt - DEBUG - Current realtime buffer size: 2563072
2026-08-07 15:32:05.653 - RealTimeSTT: realtimestt - DEBUG - _audio_data_worker writing audio data into queue.
2026-08-07 15:32:06.677 - RealTimeSTT: realtimestt - DEBUG - _audio_data_worker writing audio data into queue.
2026-08-07 15:32:07.701 - RealTimeSTT: realtimestt - DEBUG - _audio_data_worker writing audio data into queue.
2026-08-07 15:32:08.725 - RealTimeSTT: realtimestt - DEBUG - _audio_data_worker writing audio data into queue.
2026-08-07 15:32:09.749 - RealTimeSTT: realtimestt - DEBUG - _audio_data_worker writing audio data into queue.
2026-08-07 15:32:10.773 - RealTimeSTT: realtimestt - DEBUG - _audio_data_worker writing audio data into queue.
2026-08-07 15:32:11.797 - RealTimeSTT: realtimestt - DEBUG - _audio_data_worker writing audio data into queue.
2026-08-07 15:32:12.821 - RealTimeSTT: realtimestt - DEBUG - _audio_data_worker writing audio data into queue.
2026-08-07 15:32:13.026 - RealTimeSTT: realtimestt - DEBUG - Realtime text detected (timer): this sync schedule thing, which will get the schedule from blue alliance and save it. Okay, and then you just put in like match. So how do you tell which comp you're at? There's config files, there's game.json. Okay, so this is Python or user JSON. Yeah, that's really common. And then, so yeah, this is where like all the paths are and stuff. And then, so we can use this in cat city.  Yeah, go for it. Do you want to take some time to show people this tomorrow? Yeah, I'd love to. Okay, great. Let me put that on again. Alright. Yeah. That's on you big dog.  So we need an owner for it, too. Like, don't just get rasped gee whiz. I think it's a good bike.  It's coming back either this weekend or next school starts Yeah, he's got to be He's been working on others like scouting algorithm mixed up that he might want to integrate that could be like really oh my gosh  That would be cool. Is it like predicts what you're going to do in your... predicts performance, which isn't exactly something the drive team wants to see. Well, maybe we can figure out how we do that. Yeah. So yeah, in this, you just configure it. Different types of scoring. Like, well, I put it in for like level one, level two, level three, and then words that would be like keywords that you would extract for each one points.  and then also I added this thing called alternate points like if you wanted to use like a defensive system to work how they're playing defense you could create like a defense point system that you could keep track of too I don't know if it would be of any use you don't have to use it but it's there if someone were to want to and then penalty is as well and then robots broken  And then words to like ignore these are just like words that we would care about. It doesn't matter. And then we'll say like it's that's just like other config stuff. Yeah, but here's where you put the event in. This is the blue alliance of it. And then the competition name this would be this actually might be deprecated to be to be honest.
2026-08-07 15:32:13.037 - RealTimeSTT: realtimestt - DEBUG - Current realtime buffer size: 2687488
2026-08-07 15:32:13.845 - RealTimeSTT: realtimestt - DEBUG - _audio_data_worker writing audio data into queue.
2026-08-07 15:32:14.869 - RealTimeSTT: realtimestt - DEBUG - _audio_data_worker writing audio data into queue.
2026-08-07 15:32:15.893 - RealTimeSTT: realtimestt - DEBUG - _audio_data_worker writing audio data into queue.
2026-08-07 15:32:16.917 - RealTimeSTT: realtimestt - DEBUG - _audio_data_worker writing audio data into queue.
2026-08-07 15:32:17.941 - RealTimeSTT: realtimestt - DEBUG - _audio_data_worker writing audio data into queue.
2026-08-07 15:32:18.965 - RealTimeSTT: realtimestt - DEBUG - _audio_data_worker writing audio data into queue.
2026-08-07 15:32:19.989 - RealTimeSTT: realtimestt - DEBUG - _audio_data_worker writing audio data into queue.
2026-08-07 15:32:21.013 - RealTimeSTT: realtimestt - DEBUG - _audio_data_worker writing audio data into queue.
2026-08-07 15:32:21.634 - RealTimeSTT: realtimestt - DEBUG - Realtime text detected (timer): this sync schedule thing, which will get the schedule from blue alliance and save it. Okay, and then you just put in like match. So how do you tell which comp you're at? There's config files, there's game.json. Okay, so this is Python or user JSON. Yeah, that's really common. And then, so yeah, this is where like all the paths are and stuff. And then, so we can use this in cat city.  Yeah, go for it. Do you want to take some time to show people this tomorrow? Yeah, I'd love to. Okay, great. Let me put that on again. Alright. Yeah. That's on you big dog.  So we need an owner for it, too. Like, don't just get rasped gee whiz. I think it's a good bike.  It's coming back either this weekend or next school starts Yeah, he's got to be He's been working on others like scouting algorithm mixed up that he might want to integrate that could be like really oh my gosh  That would be cool. Is it like predicts what you're going to do in your... predicts performance, which isn't exactly something the drive team wants to see. Well, maybe we can figure out how we do that. Yeah. So yeah, in this, you just configure it. Different types of scoring. Like, well, I put it in for like level one, level two, level three, and then words that would be like keywords that you would extract for each one points.  and then also I added this thing called alternate points like if you wanted to use like a defensive system to work how they're playing defense you could create like a defense point system that you could keep track of too I don't know if it would be of any use you don't have to use it but it's there if someone were to want to and then penalty is as well and then robots broken  And then words to like ignore these are just like words that we don't care about. It doesn't matter. And then we'll say like it's that's just like other config stuff. Yeah, but here's where you put the event in. This is the blue alliance event. And then the competition name this would be this actually might be deprecated to be to be honest. I don't know. I have to look. But then we also have okay yet. So when you start the match it'll run
2026-08-07 15:32:21.645 - RealTimeSTT: realtimestt - DEBUG - Current realtime buffer size: 2825728
2026-08-07 15:32:22.037 - RealTimeSTT: realtimestt - DEBUG - _audio_data_worker writing audio data into queue.
2026-08-07 15:32:23.061 - RealTimeSTT: realtimestt - DEBUG - _audio_data_worker writing audio data into queue.
2026-08-07 15:32:24.085 - RealTimeSTT: realtimestt - DEBUG - _audio_data_worker writing audio data into queue.
2026-08-07 15:32:25.109 - RealTimeSTT: realtimestt - DEBUG - _audio_data_worker writing audio data into queue.
2026-08-07 15:32:26.133 - RealTimeSTT: realtimestt - DEBUG - _audio_data_worker writing audio data into queue.
2026-08-07 15:32:27.157 - RealTimeSTT: realtimestt - DEBUG - _audio_data_worker writing audio data into queue.
2026-08-07 15:32:28.181 - RealTimeSTT: realtimestt - DEBUG - _audio_data_worker writing audio data into queue.
2026-08-07 15:32:29.205 - RealTimeSTT: realtimestt - DEBUG - _audio_data_worker writing audio data into queue.
2026-08-07 15:32:30.229 - RealTimeSTT: realtimestt - DEBUG - _audio_data_worker writing audio data into queue.
2026-08-07 15:32:30.486 - RealTimeSTT: realtimestt - DEBUG - Realtime text detected (timer): this sync schedule thing, which will get the schedule from blue alliance and save it. Okay, and then you just put in like match. So how do you tell which comp you're at? There's config files, there's game.json. Okay, so this is Python or user JSON. Yeah, that's really common. And then, so yeah, this is where like all the paths are and stuff. And then, so we can use this in cat city.  Yeah, go for it. Do you want to take some time to show people this tomorrow? Yeah, I'd love to. Okay, great. Let me put that on again. Alright. Yeah. That's on you big dog.  So we need an owner for it, too. Like, don't just get rasped gee whiz. I think it's a good bike.  It's coming back either this weekend or next school starts Yeah, he's got to be He's been working on others like scouting algorithm mixed up that he might want to integrate that could be like really oh my gosh  That would be cool. Is it like predicts what you're going to do in your... predicts performance, which isn't exactly something the drive team wants to see. Well, maybe we can figure out how we do that. Yeah. So yeah, in this, you just configure it. Different types of scoring. Like, well, I put it in for like level one, level two, level three, and then words that would be like keywords that you would extract for each one points.  and then also I added this thing called alternate points like if you wanted to use like a defensive system to work how they're playing defense you could create like a defense point system that you could keep track of too I don't know if it would be of any use you don't have to use it but it's there if someone were to want to and then penalty is as well and then robots broken  And then words to like ignore these are just like words that we don't care about. It doesn't matter. And then we'll say like it's that's just like other config stuff. Yeah, but here's where you put the event in. This is the blue alliance of it. And then the competition name this would be this actually might be deprecated to be to be honest. I don't know. I have to look.  But then we also have, okay, so when you start the match, it'll run timers for this long, so you can just change that as well.
2026-08-07 15:32:30.499 - RealTimeSTT: realtimestt - DEBUG - Current realtime buffer size: 2968064
2026-08-07 15:32:31.253 - RealTimeSTT: realtimestt - DEBUG - _audio_data_worker writing audio data into queue.
2026-08-07 15:32:32.277 - RealTimeSTT: realtimestt - DEBUG - _audio_data_worker writing audio data into queue.
2026-08-07 15:32:33.301 - RealTimeSTT: realtimestt - DEBUG - _audio_data_worker writing audio data into queue.
2026-08-07 15:32:34.325 - RealTimeSTT: realtimestt - DEBUG - _audio_data_worker writing audio data into queue.
2026-08-07 15:32:35.349 - RealTimeSTT: realtimestt - DEBUG - _audio_data_worker writing audio data into queue.
2026-08-07 15:32:36.373 - RealTimeSTT: realtimestt - DEBUG - _audio_data_worker writing audio data into queue.
2026-08-07 15:32:37.397 - RealTimeSTT: realtimestt - DEBUG - _audio_data_worker writing audio data into queue.
2026-08-07 15:32:38.421 - RealTimeSTT: realtimestt - DEBUG - _audio_data_worker writing audio data into queue.
2026-08-07 15:32:39.115 - RealTimeSTT: realtimestt - DEBUG - Realtime text detected (timer): this sync schedule thing, which will get the schedule from blue alliance and save it. Okay, and then you just put in like match. So how do you tell which comp you're at? There's config files, there's game.json. Okay, so this is Python or user JSON. Yeah, that's really common. And then, so yeah, this is where like all the paths are and stuff. And then, so we can use this in cat city.  Yeah, go for it. Do you want to take some time to show people this tomorrow? Yeah, I'd love to. Okay, great. Let me put that on again. Alright. Yeah. That's on you big dog.  So we need an owner for it, too. Like, don't just get rasped gee whiz. I think it's a good bike.  It's coming back either this weekend or next school starts Yeah, he's got to be He's been working on others like scouting algorithm mixed up that he might want to integrate that could be like really oh my gosh  That would be cool. Is it like predicts what you're going to do in your... predicts performance, which isn't exactly something the drive team wants to see. Well, maybe we can figure out how we do that. Yeah. So yeah, in this, you just configure it. Different types of scoring. Like, well, I put it in for like level one, level two, level three, and then words that would be like keywords that you would extract for each one points.  and then also I added this thing called alternate points like if you wanted to use like a defensive system to work how they're playing defense you could create like a defense point system that you could keep track of too I don't know if it would be of any use you don't have to use it but it's there if someone were to want to and then penalty is as well and then robots broken  And then words to like ignore these are just like words that we don't care about. It doesn't matter. And then we'll say like it's that's just like other config stuff. Yeah, but here's where you put the event in. This is the blue alliance of it. And then the competition name this would be this actually might be deprecated to be to be honest. I don't know. I have to look.  But then we also have, okay, so when you start the match, it'll run timers, but as long as you can just change that as well. So, yeah, you just talk. What if you're in a, like a loud place? I would be relying on wireless gear but it's to filter your voice out, because everyone has those.
2026-08-07 15:32:39.135 - RealTimeSTT: realtimestt - DEBUG - Current realtime buffer size: 3105280
2026-08-07 15:32:39.445 - RealTimeSTT: realtimestt - DEBUG - _audio_data_worker writing audio data into queue.
2026-08-07 15:32:40.469 - RealTimeSTT: realtimestt - DEBUG - _audio_data_worker writing audio data into queue.
2026-08-07 15:32:41.493 - RealTimeSTT: realtimestt - DEBUG - _audio_data_worker writing audio data into queue.
2026-08-07 15:32:42.517 - RealTimeSTT: realtimestt - DEBUG - _audio_data_worker writing audio data into queue.
2026-08-07 15:32:43.541 - RealTimeSTT: realtimestt - DEBUG - _audio_data_worker writing audio data into queue.
2026-08-07 15:32:44.565 - RealTimeSTT: realtimestt - DEBUG - _audio_data_worker writing audio data into queue.
2026-08-07 15:32:45.589 - RealTimeSTT: realtimestt - DEBUG - _audio_data_worker writing audio data into queue.
2026-08-07 15:32:46.613 - RealTimeSTT: realtimestt - DEBUG - _audio_data_worker writing audio data into queue.
2026-08-07 15:32:47.637 - RealTimeSTT: realtimestt - DEBUG - _audio_data_worker writing audio data into queue.
2026-08-07 15:32:48.452 - RealTimeSTT: realtimestt - DEBUG - Realtime text detected (timer): this sync schedule thing, which will get the schedule from blue alliance and save it. Okay, and then you just put in like match. So how do you tell which comp you're at? There's config files, there's game.json. Okay, so this is Python or user JSON. Yeah, that's really common. And then, so yeah, this is where like all the paths are and stuff. And then, so we can use this in cat city.  Yeah, go for it. Do you want to take some time to show people this tomorrow? Yeah, I'd love to. Okay, great. Let me put that on again. Alright. Yeah. That's on you big dog.  So we need an owner for it, too. Like, don't just get rasped gee whiz. I think it's a good bike.  It's coming back either this weekend or next school starts Yeah, he's got to be He's been working on others like scouting algorithm mixed up that he might want to integrate that could be like really oh my gosh  That would be cool. Is it like predicts what you're going to do in your... predicts performance, which isn't exactly something the drive team wants to see. Well, maybe we can figure out how we do that. Yeah. So yeah, in this, you just configure it. Different types of scoring. Like, well, I put it in for like level one, level two, level three, and then words that would be like keywords that you would extract for each one points.  and then also I added this thing called alternate points like if you wanted to use like a defensive system to work how they're playing defense you could create like a defense point system that you could keep track of too I don't know if it would be of any use you don't have to use it but it's there if someone were to want to and then penalty is as well and then robots broken  And then words to like ignore these are just like words that we don't care about. It doesn't matter. And then we'll say like it's that's just like other config stuff. Yeah, but here's where you put the event in. This is the blue alliance of it. And then the competition name this would be this actually might be deprecated to be to be honest. I don't know. I have to look.  But then we also have, okay, so when you start the match, it'll run timers, but as long as you can just change that as well. So, yeah, you just talk. What if you're in a, like a loud place? I would be relying on wireless gear but it's to filter your voice out, because everyone has those.  No, just like AirPods.
2026-08-07 15:32:48.473 - RealTimeSTT: realtimestt - DEBUG - Current realtime buffer size: 3254784
2026-08-07 15:32:48.661 - RealTimeSTT: realtimestt - DEBUG - _audio_data_worker writing audio data into queue.
2026-08-07 15:32:49.685 - RealTimeSTT: realtimestt - DEBUG - _audio_data_worker writing audio data into queue.
2026-08-07 15:32:50.709 - RealTimeSTT: realtimestt - DEBUG - _audio_data_worker writing audio data into queue.
2026-08-07 15:32:51.733 - RealTimeSTT: realtimestt - DEBUG - _audio_data_worker writing audio data into queue.
2026-08-07 15:32:52.757 - RealTimeSTT: realtimestt - DEBUG - _audio_data_worker writing audio data into queue.
2026-08-07 15:32:53.781 - RealTimeSTT: realtimestt - DEBUG - _audio_data_worker writing audio data into queue.
2026-08-07 15:32:54.805 - RealTimeSTT: realtimestt - DEBUG - _audio_data_worker writing audio data into queue.
2026-08-07 15:32:55.829 - RealTimeSTT: realtimestt - DEBUG - _audio_data_worker writing audio data into queue.
2026-08-07 15:32:56.853 - RealTimeSTT: realtimestt - DEBUG - _audio_data_worker writing audio data into queue.
2026-08-07 15:32:57.877 - RealTimeSTT: realtimestt - DEBUG - _audio_data_worker writing audio data into queue.
2026-08-07 15:32:58.608 - RealTimeSTT: realtimestt - DEBUG - Realtime text detected (timer): this sync schedule thing, which will get the schedule from blue alliance and save it. Okay, and then you just put in like match. So how do you tell which comp you're at? There's config files, there's game.json. Okay, so this is Python or user JSON. Yeah, that's really common. And then, so yeah, this is where like all the paths are and stuff. And then, so we can use this in cat city.  Yeah, go for it. Do you want to take some time to show people this tomorrow? Yeah, I'd love to. Okay, great. Let me put that on again. Alright. Yeah. That's on you big dog.  So we need an owner for it, too. Like, don't just get rasped gee whiz. I think it's a good bike.  It's coming back either this weekend or next school starts Yeah, he's got to be He's been working on others like scouting algorithm mixed up that he might want to integrate that could be like really oh my gosh  That would be cool. Is it like predicts what you're going to do in your... predicts performance, which isn't exactly something the drive team wants to see. Well, maybe we can figure out how we do that. Yeah. So yeah, in this, you just configure it. Different types of scoring. Like, well, I put it in for like level one, level two, level three, and then words that would be like keywords that you would extract for each one points.  and then also I added this thing called alternate points like if you wanted to use like a defensive system to work how they're playing defense you could create like a defense point system that you could keep track of too I don't know if it would be of any use you don't have to use it but it's there if someone were to want to and then penalty is as well and then robots broken  And then words to like ignore these are just like words that we don't care about. It doesn't matter. And then we'll say like it's that's just like other config stuff. Yeah, but here's where you put the event in. This is the blue alliance of it. And then the competition name this would be this actually might be deprecated to be to be honest. I don't know. I have to look.  But then we also have, okay, so when you start the match, it'll run timers, but as long as you can just change that as well. So, yeah, you just talk. What if you're in a, like a loud place? I would be relying on wireless gear but it's to filter your voice out, because everyone has those.  No, just like AirPods. Is that a good note? Mm-hmm. I always wonder how that works. Like when I get up to the hall in my bike and I'm using the dawn conduction headphones and I can hear people when they get in. That's pretty cool. Well, long of them have like six microphones around your ear and then they, they like filter out the stuff back here and read all this. Like even the twenty hundred...
2026-08-07 15:32:58.623 - RealTimeSTT: realtimestt - DEBUG - Current realtime buffer size: 3416576
2026-08-07 15:32:58.901 - RealTimeSTT: realtimestt - DEBUG - _audio_data_worker writing audio data into queue.
2026-08-07 15:32:59.925 - RealTimeSTT: realtimestt - DEBUG - _audio_data_worker writing audio data into queue.
2026-08-07 15:33:00.949 - RealTimeSTT: realtimestt - DEBUG - _audio_data_worker writing audio data into queue.
2026-08-07 15:33:01.973 - RealTimeSTT: realtimestt - DEBUG - _audio_data_worker writing audio data into queue.
2026-08-07 15:33:02.997 - RealTimeSTT: realtimestt - DEBUG - _audio_data_worker writing audio data into queue.
2026-08-07 15:33:04.021 - RealTimeSTT: realtimestt - DEBUG - _audio_data_worker writing audio data into queue.
2026-08-07 15:33:05.045 - RealTimeSTT: realtimestt - DEBUG - _audio_data_worker writing audio data into queue.
2026-08-07 15:33:06.069 - RealTimeSTT: realtimestt - DEBUG - _audio_data_worker writing audio data into queue.
2026-08-07 15:33:07.093 - RealTimeSTT: realtimestt - DEBUG - _audio_data_worker writing audio data into queue.
2026-08-07 15:33:08.117 - RealTimeSTT: realtimestt - DEBUG - _audio_data_worker writing audio data into queue.
2026-08-07 15:33:08.591 - RealTimeSTT: realtimestt - DEBUG - Realtime text detected (timer): this sync schedule thing, which will get the schedule from blue alliance and save it. Okay, and then you just put in like match. So how do you tell which comp you're at? There's config files, there's game.json. Okay, so this is Python or user JSON. Yeah, that's really common. And then, so yeah, this is where like all the paths are and stuff. And then, so we can use this in cat city.  Yeah, go for it. Do you want to take some time to show people this tomorrow? Yeah, I'd love to. Okay, great. Let me put that on again. Alright. Yeah. That's on you big dog.  So we need an owner for it, too. Like, don't just get rasped gee whiz. I think it's a good bike.  It's coming back either this weekend or next school starts Yeah, he's got to be He's been working on others like scouting algorithm mixed up that he might want to integrate that could be like really oh my gosh  That would be cool. Is it like predicts what you're going to do in your... predicts performance, which isn't exactly something the drive team wants to see. Well, maybe we can figure out how we do that. Yeah. So yeah, in this, you just configure it. Different types of scoring. Like, well, I put it in for like level one, level two, level three, and then words that would be like keywords that you would extract for each one points.  and then also I added this thing called alternate points like if you wanted to use like a defensive system to work how they're playing defense you could create like a defense point system that you could keep track of too I don't know if it would be of any use you don't have to use it but it's there if someone were to want to and then penalty is as well and then robots broken  And then words to like ignore these are just like words that we don't care about. It doesn't matter. And then we'll say like it's that's just like other config stuff. Yeah, but here's where you put the event in. This is the blue alliance of it. And then the competition name this would be this actually might be deprecated to be to be honest. I don't know. I have to look.  But then we also have, okay, so when you start the match, it'll run timers, but as long as you can just change that as well. So, yeah, you just talk. What if you're in a, like a loud place? I would be relying on wireless gear but it's to filter your voice out, because everyone has those.  No, just like AirPods. They're good now. I always wonder how that works. Like when I get a phone call on my bike and I'm using the dawn conduction headphones and I can hear people when they get here. A lot of them have like six microphones around your ear, and then they like filter out the stuff back here. Like even the twenty-five other ones I get from Amazon. Oh my god, that's okay. And then here don't steal my API keys, but this is where you'll put in your scout and then you
2026-08-07 15:33:08.607 - RealTimeSTT: realtimestt - DEBUG - Current realtime buffer size: 3576320
2026-08-07 15:33:09.141 - RealTimeSTT: realtimestt - DEBUG - _audio_data_worker writing audio data into queue.
2026-08-07 15:33:10.165 - RealTimeSTT: realtimestt - DEBUG - _audio_data_worker writing audio data into queue.
2026-08-07 15:33:11.189 - RealTimeSTT: realtimestt - DEBUG - _audio_data_worker writing audio data into queue.
2026-08-07 15:33:12.213 - RealTimeSTT: realtimestt - DEBUG - _audio_data_worker writing audio data into queue.
2026-08-07 15:33:13.237 - RealTimeSTT: realtimestt - DEBUG - _audio_data_worker writing audio data into queue.
2026-08-07 15:33:14.261 - RealTimeSTT: realtimestt - DEBUG - _audio_data_worker writing audio data into queue.
2026-08-07 15:33:15.285 - RealTimeSTT: realtimestt - DEBUG - _audio_data_worker writing audio data into queue.
2026-08-07 15:33:16.309 - RealTimeSTT: realtimestt - DEBUG - _audio_data_worker writing audio data into queue.
2026-08-07 15:33:17.333 - RealTimeSTT: realtimestt - DEBUG - _audio_data_worker writing audio data into queue.
2026-08-07 15:33:18.357 - RealTimeSTT: realtimestt - DEBUG - _audio_data_worker writing audio data into queue.
2026-08-07 15:33:19.128 - RealTimeSTT: realtimestt - DEBUG - Realtime text detected (timer): this sync schedule thing, which will get the schedule from blue alliance and save it. Okay, and then you just put in like match. So how do you tell which comp you're at? There's config files, there's game.json. Okay, so this is Python or user JSON. Yeah, that's really common. And then, so yeah, this is where like all the paths are and stuff. And then, so we can use this in cat city.  Yeah, go for it. Do you want to take some time to show people this tomorrow? Yeah, I'd love to. Okay, great. Let me put that on again. Alright. Yeah. That's on you big dog.  So we need an owner for it, too. Like, don't just get rasped gee whiz. I think it's a good bike.  It's coming back either this weekend or next school starts Yeah, he's got to be He's been working on others like scouting algorithm mixed up that he might want to integrate that could be like really oh my gosh  That would be cool. Is it like predicts what you're going to do in your... predicts performance, which isn't exactly something the drive team wants to see. Well, maybe we can figure out how we do that. Yeah. So yeah, in this, you just configure it. Different types of scoring. Like, well, I put it in for like level one, level two, level three, and then words that would be like keywords that you would extract for each one points.  and then also I added this thing called alternate points like if you wanted to use like a defensive system to work how they're playing defense you could create like a defense point system that you could keep track of too I don't know if it would be of any use you don't have to use it but it's there if someone were to want to and then penalty is as well and then robots broken  And then words to like ignore these are just like words that we don't care about. It doesn't matter. And then we'll say like it's that's just like other config stuff. Yeah, but here's where you put the event in. This is the blue alliance of it. And then the competition name this would be this actually might be deprecated to be to be honest. I don't know. I have to look.  But then we also have, okay, so when you start the match, it'll run timers, but as long as you can just change that as well. So, yeah, you just talk. What if you're in a, like a loud place? I would be relying on wireless gear but it's to filter your voice out, because everyone has those.  No, just like AirPods. Is that a good note? Mm-hmm. I always wonder how that works. Like when I get a phone call on my bike and I'm using the dawn conduction headphones and I can hear people when they get in. That's pretty cool. Well, long of them have like six microphones around your ear and then they like filter out the stuff back here. Like even the twenty-five microphones I get from Amazon. Oh, am I not that? Okay.  And then here, don't steal my API keys, but this is where you'll put in your scout. And then your scout number, I'll explain what scout number is in a second. So everybody would have a copy of this running on their computers. Does it hit a central database? Well, just the database.
2026-08-07 15:33:19.146 - RealTimeSTT: realtimestt - DEBUG - Current realtime buffer size: 3746304
2026-08-07 15:33:19.381 - RealTimeSTT: realtimestt - DEBUG - _audio_data_worker writing audio data into queue.
2026-08-07 15:33:20.405 - RealTimeSTT: realtimestt - DEBUG - _audio_data_worker writing audio data into queue.
2026-08-07 15:33:21.428 - RealTimeSTT: realtimestt - DEBUG - _audio_data_worker writing audio data into queue.
2026-08-07 15:33:22.453 - RealTimeSTT: realtimestt - DEBUG - _audio_data_worker writing audio data into queue.
2026-08-07 15:33:23.477 - RealTimeSTT: realtimestt - DEBUG - _audio_data_worker writing audio data into queue.
2026-08-07 15:33:24.501 - RealTimeSTT: realtimestt - DEBUG - _audio_data_worker writing audio data into queue.
2026-08-07 15:33:25.524 - RealTimeSTT: realtimestt - DEBUG - _audio_data_worker writing audio data into queue.
2026-08-07 15:33:26.549 - RealTimeSTT: realtimestt - DEBUG - _audio_data_worker writing audio data into queue.
2026-08-07 15:33:27.573 - RealTimeSTT: realtimestt - DEBUG - _audio_data_worker writing audio data into queue.
2026-08-07 15:33:28.597 - RealTimeSTT: realtimestt - DEBUG - _audio_data_worker writing audio data into queue.
2026-08-07 15:33:29.621 - RealTimeSTT: realtimestt - DEBUG - _audio_data_worker writing audio data into queue.
2026-08-07 15:33:30.644 - RealTimeSTT: realtimestt - DEBUG - _audio_data_worker writing audio data into queue.
2026-08-07 15:33:30.646 - RealTimeSTT: realtimestt - DEBUG - Realtime text detected (timer): this sync schedule thing, which will get the schedule from blue alliance and save it. Okay, and then you just put in like match. So how do you tell which comp you're at? There's config files, there's game.json. Okay, so this is Python or user JSON. Yeah, that's really common. And then, so yeah, this is where like all the paths are and stuff. And then, so we can use this in cat city.  Yeah, go for it. Do you want to take some time to show people this tomorrow? Yeah, I'd love to. Okay, great. Let me put that on again. Alright. Yeah. That's on you big dog.  So we need an owner for it, too. Like, don't just get rasped gee whiz. I think it's a good bike.  It's coming back either this weekend or next school starts Yeah, he's got to be He's been working on others like scouting algorithm mixed up that he might want to integrate that could be like really oh my gosh  That would be cool. Is it like predicts what you're going to do in your... predicts performance, which isn't exactly something the drive team wants to see. Well, maybe we can figure out how we do that. Yeah. So yeah, in this, you just configure it. Different types of scoring. Like, well, I put it in for like level one, level two, level three, and then words that would be like keywords that you would extract for each one points.  and then also I added this thing called alternate points like if you wanted to use like a defensive system to work how they're playing defense you could create like a defense point system that you could keep track of too I don't know if it would be of any use you don't have to use it but it's there if someone were to want to and then penalty is as well and then robots broken  And then words to like ignore these are just like words that we don't care about. It doesn't matter. And then we'll say like it's that's just like other config stuff. Yeah, but here's where you put the event in. This is the blue alliance of it. And then the competition name this would be this actually might be deprecated to be to be honest. I don't know. I have to look.  But then we also have, okay, so when you start the match, it'll run timers, but as long as you can just change that as well. So, yeah, you just talk. What if you're in a, like a loud place? I would be relying on wireless gear but it's to filter your voice out, because everyone has those.  No, just like AirPods. Is that a good note? Mm-hmm. I always wonder how that works. Like when I get a phone call on my bike and I'm using the dawn conduction headphones and I can hear people when they get in. That's pretty cool. Well, long of them have like six microphones around your ear and then they like filter out the stuff back here. Like even the twenty-five microphones I get from Amazon. Oh, am I not that? Okay.  And then here, don't steal my API keys, but this is where you'll put in your scout. And then your scout number, I'll explain what scout number is in a second. So everybody would have a copy of this running on their computers. Does it hit a central database? Well, just the database, those two. On whoever's computer you want to. So how does that work in a comp where we don't have the metadata? You save it in here.
2026-08-07 15:33:30.664 - RealTimeSTT: realtimestt - DEBUG - Current realtime buffer size: 3930624
2026-08-07 15:33:31.668 - RealTimeSTT: realtimestt - DEBUG - _audio_data_worker writing audio data into queue.
2026-08-07 15:33:32.693 - RealTimeSTT: realtimestt - DEBUG - _audio_data_worker writing audio data into queue.
2026-08-07 15:33:33.716 - RealTimeSTT: realtimestt - DEBUG - _audio_data_worker writing audio data into queue.
2026-08-07 15:33:34.740 - RealTimeSTT: realtimestt - DEBUG - _audio_data_worker writing audio data into queue.
2026-08-07 15:33:35.764 - RealTimeSTT: realtimestt - DEBUG - _audio_data_worker writing audio data into queue.
2026-08-07 15:33:36.789 - RealTimeSTT: realtimestt - DEBUG - _audio_data_worker writing audio data into queue.
2026-08-07 15:33:37.812 - RealTimeSTT: realtimestt - DEBUG - _audio_data_worker writing audio data into queue.
2026-08-07 15:33:38.837 - RealTimeSTT: realtimestt - DEBUG - _audio_data_worker writing audio data into queue.
2026-08-07 15:33:39.860 - RealTimeSTT: realtimestt - DEBUG - _audio_data_worker writing audio data into queue.
2026-08-07 15:33:40.885 - RealTimeSTT: realtimestt - DEBUG - _audio_data_worker writing audio data into queue.
2026-08-07 15:33:41.909 - RealTimeSTT: realtimestt - DEBUG - _audio_data_worker writing audio data into queue.
2026-08-07 15:33:42.782 - RealTimeSTT: realtimestt - DEBUG - Realtime text detected (timer): this sync schedule thing, which will get the schedule from blue alliance and save it. Okay, and then you just put in like match. So how do you tell which comp you're at? There's config files, there's game.json. Okay, so this is Python or user JSON. Yeah, that's really common. And then, so yeah, this is where like all the paths are and stuff. And then, so we can use this in cat city.  Yeah, go for it. Do you want to take some time to show people this tomorrow? Yeah, I'd love to. Okay, great. Let me put that on again. Alright. Yeah. That's on you big dog.  So we need an owner for it, too. Like, don't just get rasped gee whiz. I think it's a good bike.  It's coming back either this weekend or next school starts Yeah, he's got to be He's been working on others like scouting algorithm mixed up that he might want to integrate that could be like really oh my gosh  That would be cool. Is it like predicts what you're going to do in your... predicts performance, which isn't exactly something the drive team wants to see. Well, maybe we can figure out how we do that. Yeah. So yeah, in this, you just configure it. Different types of scoring. Like, well, I put it in for like level one, level two, level three, and then words that would be like keywords that you would extract for each one points.  and then also I added this thing called alternate points like if you wanted to use like a defensive system to work how they're playing defense you could create like a defense point system that you could keep track of too I don't know if it would be of any use you don't have to use it but it's there if someone were to want to and then penalty is as well and then robots broken  And then words to like ignore these are just like words that we don't care about. It doesn't matter. And then we'll say like it's that's just like other config stuff. Yeah, but here's where you put the event in. This is the blue alliance of it. And then the competition name this would be this actually might be deprecated to be to be honest. I don't know. I have to look.  But then we also have, okay, so when you start the match, it'll run timers, but as long as you can just change that as well. So, yeah, you just talk. What if you're in a, like a loud place? I would be relying on wireless gear but it's to filter your voice out, because everyone has those.  No, just like AirPods. Is that a good note? Mm-hmm. I always wonder how that works. Like when I get a phone call on my bike and I'm using the dawn conduction headphones and I can hear people when they get in. That's pretty cool. Well, long of them have like six microphones around your ear and then they like filter out the stuff back here. Like even the twenty-five microphones I get from Amazon. Oh, am I not that? Okay.  And then here, don't steal my API keys, but this is where you'll put in your scout. And then your scout number, I'll explain what scout number is in a second. So everybody would have a copy of this running on their computers. Does it hit a central database? Well, just the database, those two. On whoever's computer you want to. So how does that work in a comp where we don't have connected it? Um, you save it in here. Uh, I was given that too, so I think it's...  No, okay, so root path you just set this to a USB stick and then you know probably USB stick
2026-08-07 15:33:42.800 - RealTimeSTT: realtimestt - DEBUG - Current realtime buffer size: 4124160
2026-08-07 15:33:42.933 - RealTimeSTT: realtimestt - DEBUG - _audio_data_worker writing audio data into queue.
2026-08-07 15:33:43.956 - RealTimeSTT: realtimestt - DEBUG - _audio_data_worker writing audio data into queue.
2026-08-07 15:33:44.980 - RealTimeSTT: realtimestt - DEBUG - _audio_data_worker writing audio data into queue.
2026-08-07 15:33:46.004 - RealTimeSTT: realtimestt - DEBUG - _audio_data_worker writing audio data into queue.
2026-08-07 15:33:47.028 - RealTimeSTT: realtimestt - DEBUG - _audio_data_worker writing audio data into queue.
2026-08-07 15:33:48.052 - RealTimeSTT: realtimestt - DEBUG - _audio_data_worker writing audio data into queue.
2026-08-07 15:33:49.076 - RealTimeSTT: realtimestt - DEBUG - _audio_data_worker writing audio data into queue.
2026-08-07 15:33:50.100 - RealTimeSTT: realtimestt - DEBUG - _audio_data_worker writing audio data into queue.
2026-08-07 15:33:51.124 - RealTimeSTT: realtimestt - DEBUG - _audio_data_worker writing audio data into queue.
2026-08-07 15:33:52.148 - RealTimeSTT: realtimestt - DEBUG - _audio_data_worker writing audio data into queue.
2026-08-07 15:33:53.172 - RealTimeSTT: realtimestt - DEBUG - _audio_data_worker writing audio data into queue.
2026-08-07 15:33:54.113 - RealTimeSTT: realtimestt - DEBUG - Realtime text detected (timer): this sync schedule thing, which will get the schedule from blue alliance and save it. Okay, and then you just put in like match. So how do you tell which comp you're at? There's config files, there's game.json. Okay, so this is Python or user JSON. Yeah, that's really common. And then, so yeah, this is where like all the paths are and stuff. And then, so we can use this in cat city.  Yeah, go for it. Do you want to take some time to show people this tomorrow? Yeah, I'd love to. Okay, great. Let me put that on again. Alright. Yeah. That's on you big dog.  So we need an owner for it, too. Like, don't just get rasped gee whiz. I think it's a good bike.  It's coming back either this weekend or next school starts Yeah, he's got to be He's been working on others like scouting algorithm mixed up that he might want to integrate that could be like really oh my gosh  That would be cool. Is it like predicts what you're going to do in your... predicts performance, which isn't exactly something the drive team wants to see. Well, maybe we can figure out how we do that. Yeah. So yeah, in this, you just configure it. Different types of scoring. Like, well, I put it in for like level one, level two, level three, and then words that would be like keywords that you would extract for each one points.  and then also I added this thing called alternate points like if you wanted to use like a defensive system to work how they're playing defense you could create like a defense point system that you could keep track of too I don't know if it would be of any use you don't have to use it but it's there if someone were to want to and then penalty is as well and then robots broken  And then words to like ignore these are just like words that we don't care about. It doesn't matter. And then we'll say like it's that's just like other config stuff. Yeah, but here's where you put the event in. This is the blue alliance of it. And then the competition name this would be this actually might be deprecated to be to be honest. I don't know. I have to look.  But then we also have, okay, so when you start the match, it'll run timers, but as long as you can just change that as well. So, yeah, you just talk. What if you're in a, like a loud place? I would be relying on wireless gear but it's to filter your voice out, because everyone has those.  No, just like AirPods. Is that a good note? Mm-hmm. I always wonder how that works. Like when I get a phone call on my bike and I'm using the dawn conduction headphones and I can hear people when they get in. That's pretty cool. Well, long of them have like six microphones around your ear and then they like filter out the stuff back here. Like even the twenty-five microphones I get from Amazon. Oh, am I not that? Okay.  And then here, don't steal my API keys, but this is where you'll put in your scout. And then your scout number, I'll explain what scout number is in a second. So everybody would have a copy of this running on their computers. Does it hit a central database? Well, just the database, those two. On whoever's computer you want to. So how does that work in a comp where we don't have connected it? Um, you save it in here. Uh, I was given that too, so I think it's...  No, okay, so root path you just set this to a USB stick and then you know probably USB stick plug it into the main person's computer and then there's like an import mechanism which I haven't actually fully finished it works, but I don't have a way to like specify the import import folder yet, which I'll add that actually
2026-08-07 15:33:54.134 - RealTimeSTT: realtimestt - DEBUG - Current realtime buffer size: 4305408
2026-08-07 15:33:54.196 - RealTimeSTT: realtimestt - DEBUG - _audio_data_worker writing audio data into queue.
2026-08-07 15:33:55.222 - RealTimeSTT: realtimestt - DEBUG - _audio_data_worker writing audio data into queue.
2026-08-07 15:33:56.244 - RealTimeSTT: realtimestt - DEBUG - _audio_data_worker writing audio data into queue.
2026-08-07 15:33:57.268 - RealTimeSTT: realtimestt - DEBUG - _audio_data_worker writing audio data into queue.
2026-08-07 15:33:58.292 - RealTimeSTT: realtimestt - DEBUG - _audio_data_worker writing audio data into queue.
2026-08-07 15:33:59.316 - RealTimeSTT: realtimestt - DEBUG - _audio_data_worker writing audio data into queue.
2026-08-07 15:34:00.340 - RealTimeSTT: realtimestt - DEBUG - _audio_data_worker writing audio data into queue.
2026-08-07 15:34:01.364 - RealTimeSTT: realtimestt - DEBUG - _audio_data_worker writing audio data into queue.
2026-08-07 15:34:02.388 - RealTimeSTT: realtimestt - DEBUG - _audio_data_worker writing audio data into queue.
2026-08-07 15:34:03.412 - RealTimeSTT: realtimestt - DEBUG - _audio_data_worker writing audio data into queue.
2026-08-07 15:34:04.436 - RealTimeSTT: realtimestt - DEBUG - _audio_data_worker writing audio data into queue.
2026-08-07 15:34:05.460 - RealTimeSTT: realtimestt - DEBUG - _audio_data_worker writing audio data into queue.
2026-08-07 15:34:06.484 - RealTimeSTT: realtimestt - DEBUG - _audio_data_worker writing audio data into queue.
2026-08-07 15:34:07.509 - RealTimeSTT: realtimestt - DEBUG - _audio_data_worker writing audio data into queue.
2026-08-07 15:34:07.738 - RealTimeSTT: realtimestt - DEBUG - Realtime text detected (timer): this sync schedule thing, which will get the schedule from blue alliance and save it. Okay, and then you just put in like match. So how do you tell which comp you're at? There's config files, there's game.json. Okay, so this is Python or user JSON. Yeah, that's really common. And then, so yeah, this is where like all the paths are and stuff. And then, so we can use this in cat city.  Yeah, go for it. Do you want to take some time to show people this tomorrow? Yeah, I'd love to. Okay, great. Let me put that on again. Alright. Yeah. That's on you big dog.  So we need an owner for it, too. Like, don't just get rasped gee whiz. I think it's a good bike.  It's coming back either this weekend or next school starts Yeah, he's got to be He's been working on others like scouting algorithm mixed up that he might want to integrate that could be like really oh my gosh  That would be cool. Is it like predicts what you're going to do in your... predicts performance, which isn't exactly something the drive team wants to see. Well, maybe we can figure out how we do that. Yeah. So yeah, in this, you just configure it. Different types of scoring. Like, well, I put it in for like level one, level two, level three, and then words that would be like keywords that you would extract for each one points.  and then also I added this thing called alternate points like if you wanted to use like a defensive system to work how they're playing defense you could create like a defense point system that you could keep track of too I don't know if it would be of any use you don't have to use it but it's there if someone were to want to and then penalty is as well and then robots broken  And then words to like ignore these are just like words that we don't care about. It doesn't matter. And then we'll say like it's that's just like other config stuff. Yeah, but here's where you put the event in. This is the blue alliance of it. And then the competition name this would be this actually might be deprecated to be to be honest. I don't know. I have to look.  But then we also have, okay, so when you start the match, it'll run timers, but as long as you can just change that as well. So, yeah, you just talk. What if you're in a, like a loud place? I would be relying on wireless gear but it's to filter your voice out, because everyone has those.  No, just like AirPods. Is that a good note? Mm-hmm. I always wonder how that works. Like when I get a phone call on my bike and I'm using the dawn conduction headphones and I can hear people when they get in. That's pretty cool. Well, long of them have like six microphones around your ear and then they like filter out the stuff back here. Like even the twenty-five microphones I get from Amazon. Oh, am I not that? Okay.  And then here, don't steal my API keys, but this is where you'll put in your scout. And then your scout number, I'll explain what scout number is in a second. So everybody would have a copy of this running on their computers. Does it hit a central database? Well, just the database, those two. On whoever's computer you want to. So how does that work in a comp where we don't have connected it? Um, you save it in here. Uh, I was given that too, so I think it's...  No, okay, so root path you just set this to a USB stick and then  You know, on Pubby USB stick, plug it into the main person's computer, and then there's like an import back into some, which I haven't actually fully finished. It works, but I don't have a way to like specify the import folder yet, which I'll add that eventually. Really like it. You and I scout at the same match. It has similar keys to that. It merges that it doesn't override them. It will override them if two people scout the same team at the same match.
2026-08-07 15:34:07.781 - RealTimeSTT: realtimestt - DEBUG - Current realtime buffer size: 4522496
2026-08-07 15:34:08.532 - RealTimeSTT: realtimestt - DEBUG - _audio_data_worker writing audio data into queue.
2026-08-07 15:34:09.556 - RealTimeSTT: realtimestt - DEBUG - _audio_data_worker writing audio data into queue.
2026-08-07 15:34:10.580 - RealTimeSTT: realtimestt - DEBUG - _audio_data_worker writing audio data into queue.
2026-08-07 15:34:11.604 - RealTimeSTT: realtimestt - DEBUG - _audio_data_worker writing audio data into queue.
2026-08-07 15:34:12.628 - RealTimeSTT: realtimestt - DEBUG - _audio_data_worker writing audio data into queue.
2026-08-07 15:34:13.652 - RealTimeSTT: realtimestt - DEBUG - _audio_data_worker writing audio data into queue.
2026-08-07 15:34:14.676 - RealTimeSTT: realtimestt - DEBUG - _audio_data_worker writing audio data into queue.
2026-08-07 15:34:15.700 - RealTimeSTT: realtimestt - DEBUG - _audio_data_worker writing audio data into queue.
2026-08-07 15:34:16.724 - RealTimeSTT: realtimestt - DEBUG - _audio_data_worker writing audio data into queue.
2026-08-07 15:34:17.748 - RealTimeSTT: realtimestt - DEBUG - _audio_data_worker writing audio data into queue.
2026-08-07 15:34:18.772 - RealTimeSTT: realtimestt - DEBUG - _audio_data_worker writing audio data into queue.
2026-08-07 15:34:19.796 - RealTimeSTT: realtimestt - DEBUG - _audio_data_worker writing audio data into queue.
2026-08-07 15:34:20.461 - RealTimeSTT: realtimestt - DEBUG - Realtime text detected (timer): this sync schedule thing, which will get the schedule from blue alliance and save it. Okay, and then you just put in like match. So how do you tell which comp you're at? There's config files, there's game.json. Okay, so this is Python or user JSON. Yeah, that's really common. And then, so yeah, this is where like all the paths are and stuff. And then, so we can use this in cat city.  Yeah, go for it. Do you want to take some time to show people this tomorrow? Yeah, I'd love to. Okay, great. Let me put that on again. Alright. Yeah. That's on you big dog.  So we need an owner for it, too. Like, don't just get rasped gee whiz. I think it's a good bike.  It's coming back either this weekend or next school starts Yeah, he's got to be He's been working on others like scouting algorithm mixed up that he might want to integrate that could be like really oh my gosh  That would be cool. Is it like predicts what you're going to do in your... predicts performance, which isn't exactly something the drive team wants to see. Well, maybe we can figure out how we do that. Yeah. So yeah, in this, you just configure it. Different types of scoring. Like, well, I put it in for like level one, level two, level three, and then words that would be like keywords that you would extract for each one points.  and then also I added this thing called alternate points like if you wanted to use like a defensive system to work how they're playing defense you could create like a defense point system that you could keep track of too I don't know if it would be of any use you don't have to use it but it's there if someone were to want to and then penalty is as well and then robots broken  And then words to like ignore these are just like words that we don't care about. It doesn't matter. And then we'll say like it's that's just like other config stuff. Yeah, but here's where you put the event in. This is the blue alliance of it. And then the competition name this would be this actually might be deprecated to be to be honest. I don't know. I have to look.  But then we also have, okay, so when you start the match, it'll run timers, but as long as you can just change that as well. So, yeah, you just talk. What if you're in a, like a loud place? I would be relying on wireless gear but it's to filter your voice out, because everyone has those.  No, just like AirPods. Is that a good note? Mm-hmm. I always wonder how that works. Like when I get a phone call on my bike and I'm using the dawn conduction headphones and I can hear people when they get in. That's pretty cool. Well, long of them have like six microphones around your ear and then they like filter out the stuff back here. Like even the twenty-five microphones I get from Amazon. Oh, am I not that? Okay.  And then here, don't steal my API keys, but this is where you'll put in your scout. And then your scout number, I'll explain what scout number is in a second. So everybody would have a copy of this running on their computers. Does it hit a central database? Well, just the database, those two. On whoever's computer you want to. So how does that work in a comp where we don't have connected it? Um, you save it in here. Uh, I was given that too, so I think it's...  No, okay, so root path you just set this to a USB stick and then you know probably USB stick plug it into the main person's computer and then there's like an import mechanism which I haven't actually fully finished it works, but I don't have a way to like specify the import import folder yet, which I'll add that actually  We really like it. You and I scout at the same match. It has similar keys to them. It merges them. It doesn't override them. It will override them if two people scout at the same team at the same match. Okay. Because we only have one scout per team. Got it. So we have three people scout at five people scout at six. Coming up.
2026-08-07 15:34:20.486 - RealTimeSTT: realtimestt - DEBUG - Current realtime buffer size: 4726272
2026-08-07 15:34:20.820 - RealTimeSTT: realtimestt - DEBUG - _audio_data_worker writing audio data into queue.
2026-08-07 15:34:21.844 - RealTimeSTT: realtimestt - DEBUG - _audio_data_worker writing audio data into queue.
2026-08-07 15:34:22.868 - RealTimeSTT: realtimestt - DEBUG - _audio_data_worker writing audio data into queue.
2026-08-07 15:34:23.892 - RealTimeSTT: realtimestt - DEBUG - _audio_data_worker writing audio data into queue.
2026-08-07 15:34:24.916 - RealTimeSTT: realtimestt - DEBUG - _audio_data_worker writing audio data into queue.
2026-08-07 15:34:25.940 - RealTimeSTT: realtimestt - DEBUG - _audio_data_worker writing audio data into queue.
2026-08-07 15:34:26.964 - RealTimeSTT: realtimestt - DEBUG - _audio_data_worker writing audio data into queue.
2026-08-07 15:34:27.988 - RealTimeSTT: realtimestt - DEBUG - _audio_data_worker writing audio data into queue.
2026-08-07 15:34:29.012 - RealTimeSTT: realtimestt - DEBUG - _audio_data_worker writing audio data into queue.
2026-08-07 15:34:30.036 - RealTimeSTT: realtimestt - DEBUG - _audio_data_worker writing audio data into queue.
2026-08-07 15:34:31.060 - RealTimeSTT: realtimestt - DEBUG - _audio_data_worker writing audio data into queue.
2026-08-07 15:34:32.084 - RealTimeSTT: realtimestt - DEBUG - _audio_data_worker writing audio data into queue.
2026-08-07 15:34:33.108 - RealTimeSTT: realtimestt - DEBUG - _audio_data_worker writing audio data into queue.
2026-08-07 15:34:33.317 - RealTimeSTT: realtimestt - DEBUG - Realtime text detected (timer): this sync schedule thing, which will get the schedule from blue alliance and save it. Okay, and then you just put in like match. So how do you tell which comp you're at? There's config files, there's game.json. Okay, so this is Python or user JSON. Yeah, that's really common. And then, so yeah, this is where like all the paths are and stuff. And then, so we can use this in cat city.  Yeah, go for it. Do you want to take some time to show people this tomorrow? Yeah, I'd love to. Okay, great. Let me put that on again. Alright. Yeah. That's on you big dog.  So we need an owner for it, too. Like, don't just get rasped gee whiz. I think it's a good bike.  It's coming back either this weekend or next school starts Yeah, he's got to be He's been working on others like scouting algorithm mixed up that he might want to integrate that could be like really oh my gosh  That would be cool. Is it like predicts what you're going to do in your... predicts performance, which isn't exactly something the drive team wants to see. Well, maybe we can figure out how we do that. Yeah. So yeah, in this, you just configure it. Different types of scoring. Like, well, I put it in for like level one, level two, level three, and then words that would be like keywords that you would extract for each one points.  and then also I added this thing called alternate points like if you wanted to use like a defensive system to work how they're playing defense you could create like a defense point system that you could keep track of too I don't know if it would be of any use you don't have to use it but it's there if someone were to want to and then penalty is as well and then robots broken  And then words to like ignore these are just like words that we don't care about. It doesn't matter. And then we'll say like it's that's just like other config stuff. Yeah, but here's where you put the event in. This is the blue alliance of it. And then the competition name this would be this actually might be deprecated to be to be honest. I don't know. I have to look.  But then we also have, okay, so when you start the match, it'll run timers, but as long as you can just change that as well. So, yeah, you just talk. What if you're in a, like a loud place? I would be relying on wireless gear but it's to filter your voice out, because everyone has those.  No, just like AirPods. Is that a good note? Mm-hmm. I always wonder how that works. Like when I get a phone call on my bike and I'm using the dawn conduction headphones and I can hear people when they get in. That's pretty cool. Well, long of them have like six microphones around your ear and then they like filter out the stuff back here. Like even the twenty-five microphones I get from Amazon. Oh, am I not that? Okay.  And then here, don't steal my API keys, but this is where you'll put in your scout. And then your scout number, I'll explain what scout number is in a second. So everybody would have a copy of this running on their computers. Does it hit a central database? Well, just the database, those two. On whoever's computer you want to. So how does that work in a comp where we don't have connected it? Um, you save it in here. Uh, I was given that too, so I think it's...  No, okay, so root path you just set this to a USB stick and then you know probably USB stick plug it into the main person's computer and then there's like an import mechanism which I haven't actually fully finished it works, but I don't have a way to like specify the import import folder yet, which I'll add that actually  We really like it. You and I scout at the same match. It has similar keys to them. It merges them. It doesn't override them. It will override them if two people scout at the same team at the same match. Because we only have one scout per team.  I used to have a crazy one not even but I got the
2026-08-07 15:34:33.340 - RealTimeSTT: realtimestt - DEBUG - Current realtime buffer size: 4932096
2026-08-07 15:34:34.132 - RealTimeSTT: realtimestt - DEBUG - _audio_data_worker writing audio data into queue.
2026-08-07 15:34:35.156 - RealTimeSTT: realtimestt - DEBUG - _audio_data_worker writing audio data into queue.
2026-08-07 15:34:36.180 - RealTimeSTT: realtimestt - DEBUG - _audio_data_worker writing audio data into queue.
2026-08-07 15:34:37.204 - RealTimeSTT: realtimestt - DEBUG - _audio_data_worker writing audio data into queue.
2026-08-07 15:34:38.228 - RealTimeSTT: realtimestt - DEBUG - _audio_data_worker writing audio data into queue.
2026-08-07 15:34:39.252 - RealTimeSTT: realtimestt - DEBUG - _audio_data_worker writing audio data into queue.
2026-08-07 15:34:40.276 - RealTimeSTT: realtimestt - DEBUG - _audio_data_worker writing audio data into queue.
2026-08-07 15:34:41.300 - RealTimeSTT: realtimestt - DEBUG - _audio_data_worker writing audio data into queue.
2026-08-07 15:34:42.324 - RealTimeSTT: realtimestt - DEBUG - _audio_data_worker writing audio data into queue.
2026-08-07 15:34:43.348 - RealTimeSTT: realtimestt - DEBUG - _audio_data_worker writing audio data into queue.
2026-08-07 15:34:44.372 - RealTimeSTT: realtimestt - DEBUG - _audio_data_worker writing audio data into queue.
2026-08-07 15:34:45.396 - RealTimeSTT: realtimestt - DEBUG - _audio_data_worker writing audio data into queue.
2026-08-07 15:34:46.420 - RealTimeSTT: realtimestt - DEBUG - _audio_data_worker writing audio data into queue.
2026-08-07 15:34:46.673 - RealTimeSTT: realtimestt - DEBUG - Realtime text detected (timer): this sync schedule thing, which will get the schedule from blue alliance and save it. Okay, and then you just put in like match. So how do you tell which comp you're at? There's config files, there's game.json. Okay, so this is Python or user JSON. Yeah, that's really common. And then, so yeah, this is where like all the paths are and stuff. And then, so we can use this in cat city.  Yeah, go for it. Do you want to take some time to show people this tomorrow? Yeah, I'd love to. Okay, great. Let me put that on again. Alright. Yeah. That's on you big dog.  So we need an owner for it, too. Like, don't just get rasped gee whiz. I think it's a good bike.  It's coming back either this weekend or next school starts Yeah, he's got to be He's been working on others like scouting algorithm mixed up that he might want to integrate that could be like really oh my gosh  That would be cool. Is it like predicts what you're going to do in your... predicts performance, which isn't exactly something the drive team wants to see. Well, maybe we can figure out how we do that. Yeah. So yeah, in this, you just configure it. Different types of scoring. Like, well, I put it in for like level one, level two, level three, and then words that would be like keywords that you would extract for each one points.  and then also I added this thing called alternate points like if you wanted to use like a defensive system to work how they're playing defense you could create like a defense point system that you could keep track of too I don't know if it would be of any use you don't have to use it but it's there if someone were to want to and then penalty is as well and then robots broken  And then words to like ignore these are just like words that we don't care about. It doesn't matter. And then we'll say like it's that's just like other config stuff. Yeah, but here's where you put the event in. This is the blue alliance of it. And then the competition name this would be this actually might be deprecated to be to be honest. I don't know. I have to look.  But then we also have, okay, so when you start the match, it'll run timers, but as long as you can just change that as well. So, yeah, you just talk. What if you're in a, like a loud place? I would be relying on wireless gear but it's to filter your voice out, because everyone has those.  No, just like AirPods. Is that a good note? Mm-hmm. I always wonder how that works. Like when I get a phone call on my bike and I'm using the dawn conduction headphones and I can hear people when they get in. That's pretty cool. Well, long of them have like six microphones around your ear and then they like filter out the stuff back here. Like even the twenty-five microphones I get from Amazon. Oh, am I not that? Okay.  And then here, don't steal my API keys, but this is where you'll put in your scout. And then your scout number, I'll explain what scout number is in a second. So everybody would have a copy of this running on their computers. Does it hit a central database? Well, just the database, those two. On whoever's computer you want to. So how does that work in a comp where we don't have connected it? Um, you save it in here. Uh, I was given that too, so I think it's...  No, okay, so root path you just set this to a USB stick and then you know probably USB stick plug it into the main person's computer and then there's like an import mechanism which I haven't actually fully finished it works, but I don't have a way to like specify the import import folder yet, which I'll add that actually  We really like it. You and I scout at the same match. It has similar keys to them. It merges them. It doesn't override them. It will override them if two people scout at the same team at the same match. Because we only have one scout per team.  Got it. So we have three people's scholars. Five people's scholars. Six. Coming up. Oh, yeah. I thought I had to like the art. I can't understand what I got in there. I used to have a crazy one. Now I even feel that. But I've got the watch. I love these gloves. You have a full finger gloves. Yeah. In the same room, how do you do that? Because I got good ones that are breathable.  Okay, okay, so yeah, we have blue alliance API key and then you can use
2026-08-07 15:34:46.698 - RealTimeSTT: realtimestt - DEBUG - Current realtime buffer size: 5145088
2026-08-07 15:34:47.444 - RealTimeSTT: realtimestt - DEBUG - _audio_data_worker writing audio data into queue.
2026-08-07 15:34:48.468 - RealTimeSTT: realtimestt - DEBUG - _audio_data_worker writing audio data into queue.
2026-08-07 15:34:49.492 - RealTimeSTT: realtimestt - DEBUG - _audio_data_worker writing audio data into queue.
2026-08-07 15:34:50.516 - RealTimeSTT: realtimestt - DEBUG - _audio_data_worker writing audio data into queue.
2026-08-07 15:34:51.540 - RealTimeSTT: realtimestt - DEBUG - _audio_data_worker writing audio data into queue.
2026-08-07 15:34:52.564 - RealTimeSTT: realtimestt - DEBUG - _audio_data_worker writing audio data into queue.
2026-08-07 15:34:53.588 - RealTimeSTT: realtimestt - DEBUG - _audio_data_worker writing audio data into queue.
2026-08-07 15:34:54.612 - RealTimeSTT: realtimestt - DEBUG - _audio_data_worker writing audio data into queue.
2026-08-07 15:34:55.636 - RealTimeSTT: realtimestt - DEBUG - _audio_data_worker writing audio data into queue.
2026-08-07 15:34:56.660 - RealTimeSTT: realtimestt - DEBUG - _audio_data_worker writing audio data into queue.
2026-08-07 15:34:57.684 - RealTimeSTT: realtimestt - DEBUG - _audio_data_worker writing audio data into queue.
2026-08-07 15:34:58.708 - RealTimeSTT: realtimestt - DEBUG - _audio_data_worker writing audio data into queue.
2026-08-07 15:34:59.732 - RealTimeSTT: realtimestt - DEBUG - _audio_data_worker writing audio data into queue.
2026-08-07 15:35:00.314 - RealTimeSTT: realtimestt - DEBUG - Realtime text detected (timer): this sync schedule thing, which will get the schedule from blue alliance and save it. Okay, and then you just put in like match. So how do you tell which comp you're at? There's config files, there's game.json. Okay, so this is Python or user JSON. Yeah, that's really common. And then, so yeah, this is where like all the paths are and stuff. And then, so we can use this in cat city.  Yeah, go for it. Do you want to take some time to show people this tomorrow? Yeah, I'd love to. Okay, great. Let me put that on again. Alright. Yeah. That's on you big dog.  So we need an owner for it, too. Like, don't just get rasped gee whiz. I think it's a good bike.  It's coming back either this weekend or next school starts Yeah, he's got to be He's been working on others like scouting algorithm mixed up that he might want to integrate that could be like really oh my gosh  That would be cool. Is it like predicts what you're going to do in your... predicts performance, which isn't exactly something the drive team wants to see. Well, maybe we can figure out how we do that. Yeah. So yeah, in this, you just configure it. Different types of scoring. Like, well, I put it in for like level one, level two, level three, and then words that would be like keywords that you would extract for each one points.  and then also I added this thing called alternate points like if you wanted to use like a defensive system to work how they're playing defense you could create like a defense point system that you could keep track of too I don't know if it would be of any use you don't have to use it but it's there if someone were to want to and then penalty is as well and then robots broken  And then words to like ignore these are just like words that we don't care about. It doesn't matter. And then we'll say like it's that's just like other config stuff. Yeah, but here's where you put the event in. This is the blue alliance of it. And then the competition name this would be this actually might be deprecated to be to be honest. I don't know. I have to look.  But then we also have, okay, so when you start the match, it'll run timers, but as long as you can just change that as well. So, yeah, you just talk. What if you're in a, like a loud place? I would be relying on wireless gear but it's to filter your voice out, because everyone has those.  No, just like AirPods. Is that a good note? Mm-hmm. I always wonder how that works. Like when I get a phone call on my bike and I'm using the dawn conduction headphones and I can hear people when they get in. That's pretty cool. Well, long of them have like six microphones around your ear and then they like filter out the stuff back here. Like even the twenty-five microphones I get from Amazon. Oh, am I not that? Okay.  And then here, don't steal my API keys, but this is where you'll put in your scout. And then your scout number, I'll explain what scout number is in a second. So everybody would have a copy of this running on their computers. Does it hit a central database? Well, just the database, those two. On whoever's computer you want to. So how does that work in a comp where we don't have connected it? Um, you save it in here. Uh, I was given that too, so I think it's...  No, okay, so root path you just set this to a USB stick and then you know probably USB stick plug it into the main person's computer and then there's like an import mechanism which I haven't actually fully finished it works, but I don't have a way to like specify the import import folder yet, which I'll add that actually  We really like it. You and I scout at the same match. It has similar keys to them. It merges them. It doesn't override them. It will override them if two people scout at the same team at the same match. Because we only have one scout per team.  Got it. So we have three people's scholars. Five people's scholars. Six. Coming up. Oh, yeah. I thought I had to like the art. I can't understand what I got in there. I used to have a crazy one. Now I even feel that. But I've got the watch. I love these gloves. You have a full finger gloves. Yeah. In the same room, how do you do that? Because I got good ones that are breathable.  Okay, okay, so yeah, they'll be a blue alliance API key and then you can use like AI for like some reason stuff There are a lot of AI models on open router that are free so I say you can use open router You can use Gemini if you want to use like a pay version you can use that to it doesn't really matter
2026-08-07 15:35:00.342 - RealTimeSTT: realtimestt - DEBUG - Current realtime buffer size: 5364224
2026-08-07 15:35:00.756 - RealTimeSTT: realtimestt - DEBUG - _audio_data_worker writing audio data into queue.
2026-08-07 15:35:01.780 - RealTimeSTT: realtimestt - DEBUG - _audio_data_worker writing audio data into queue.
2026-08-07 15:35:02.804 - RealTimeSTT: realtimestt - DEBUG - _audio_data_worker writing audio data into queue.
2026-08-07 15:35:03.828 - RealTimeSTT: realtimestt - DEBUG - _audio_data_worker writing audio data into queue.
2026-08-07 15:35:04.852 - RealTimeSTT: realtimestt - DEBUG - _audio_data_worker writing audio data into queue.
2026-08-07 15:35:05.876 - RealTimeSTT: realtimestt - DEBUG - _audio_data_worker writing audio data into queue.
2026-08-07 15:35:06.900 - RealTimeSTT: realtimestt - DEBUG - _audio_data_worker writing audio data into queue.
2026-08-07 15:35:07.924 - RealTimeSTT: realtimestt - DEBUG - _audio_data_worker writing audio data into queue.
2026-08-07 15:35:08.948 - RealTimeSTT: realtimestt - DEBUG - _audio_data_worker writing audio data into queue.
2026-08-07 15:35:09.972 - RealTimeSTT: realtimestt - DEBUG - _audio_data_worker writing audio data into queue.
2026-08-07 15:35:10.996 - RealTimeSTT: realtimestt - DEBUG - _audio_data_worker writing audio data into queue.
2026-08-07 15:35:12.020 - RealTimeSTT: realtimestt - DEBUG - _audio_data_worker writing audio data into queue.
2026-08-07 15:35:13.044 - RealTimeSTT: realtimestt - DEBUG - _audio_data_worker writing audio data into queue.
2026-08-07 15:35:13.469 - RealTimeSTT: realtimestt - DEBUG - Realtime text detected (timer): this sync schedule thing, which will get the schedule from blue alliance and save it. Okay, and then you just put in like match. So how do you tell which comp you're at? There's config files, there's game.json. Okay, so this is Python or user JSON. Yeah, that's really common. And then, so yeah, this is where like all the paths are and stuff. And then, so we can use this in cat city.  Yeah, go for it. Do you want to take some time to show people this tomorrow? Yeah, I'd love to. Okay, great. Let me put that on again. Alright. Yeah. That's on you big dog.  So we need an owner for it, too. Like, don't just get rasped gee whiz. I think it's a good bike.  It's coming back either this weekend or next school starts Yeah, he's got to be He's been working on others like scouting algorithm mixed up that he might want to integrate that could be like really oh my gosh  That would be cool. Is it like predicts what you're going to do in your... predicts performance, which isn't exactly something the drive team wants to see. Well, maybe we can figure out how we do that. Yeah. So yeah, in this, you just configure it. Different types of scoring. Like, well, I put it in for like level one, level two, level three, and then words that would be like keywords that you would extract for each one points.  and then also I added this thing called alternate points like if you wanted to use like a defensive system to work how they're playing defense you could create like a defense point system that you could keep track of too I don't know if it would be of any use you don't have to use it but it's there if someone were to want to and then penalty is as well and then robots broken  And then words to like ignore these are just like words that we don't care about. It doesn't matter. And then we'll say like it's that's just like other config stuff. Yeah, but here's where you put the event in. This is the blue alliance of it. And then the competition name this would be this actually might be deprecated to be to be honest. I don't know. I have to look.  But then we also have, okay, so when you start the match, it'll run timers, but as long as you can just change that as well. So, yeah, you just talk. What if you're in a, like a loud place? I would be relying on wireless gear but it's to filter your voice out, because everyone has those.  No, just like AirPods. Is that a good note? Mm-hmm. I always wonder how that works. Like when I get a phone call on my bike and I'm using the dawn conduction headphones and I can hear people when they get in. That's pretty cool. Well, long of them have like six microphones around your ear and then they like filter out the stuff back here. Like even the twenty-five microphones I get from Amazon. Oh, am I not that? Okay.  And then here, don't steal my API keys, but this is where you'll put in your scout. And then your scout number, I'll explain what scout number is in a second. So everybody would have a copy of this running on their computers. Does it hit a central database? Well, just the database, those two. On whoever's computer you want to. So how does that work in a comp where we don't have connected it? Um, you save it in here. Uh, I was given that too, so I think it's...  No, okay, so root path you just set this to a USB stick and then you know probably USB stick plug it into the main person's computer and then there's like an import mechanism which I haven't actually fully finished it works, but I don't have a way to like specify the import import folder yet, which I'll add that actually  We really like it. You and I scout at the same match. It has similar keys to them. It merges them. It doesn't override them. It will override them if two people scout at the same team at the same match. Because we only have one scout per team.  Got it. So we have three people's scholars. Five people's scholars. Six. Coming up. Oh, yeah. I thought I had to like the art. I can't understand what I got in there. I used to have a crazy one. Now I even feel that. But I've got the watch. I love these gloves. You have a full finger gloves. Yeah. In the same room, how do you do that? Because I got good ones that are breathable.  Okay, okay, so yeah, they'll be a blue alliance API key and then you can use like AI for like some reason stuff There are a lot of AI models on open router that are free So I say you can use open router you can use Gemini if you want to use like a pay version You can use that too. It doesn't really matter so you just put in like the API or like the  End point the model name, which is also just whatever APIQ is it's some kind of hash. It's just a hash.
2026-08-07 15:35:13.510 - RealTimeSTT: realtimestt - DEBUG - Current realtime buffer size: 5575168
2026-08-07 15:35:14.068 - RealTimeSTT: realtimestt - DEBUG - _audio_data_worker writing audio data into queue.
2026-08-07 15:35:15.092 - RealTimeSTT: realtimestt - DEBUG - _audio_data_worker writing audio data into queue.
2026-08-07 15:35:16.116 - RealTimeSTT: realtimestt - DEBUG - _audio_data_worker writing audio data into queue.
2026-08-07 15:35:17.140 - RealTimeSTT: realtimestt - DEBUG - _audio_data_worker writing audio data into queue.
2026-08-07 15:35:18.164 - RealTimeSTT: realtimestt - DEBUG - _audio_data_worker writing audio data into queue.
2026-08-07 15:35:19.188 - RealTimeSTT: realtimestt - DEBUG - _audio_data_worker writing audio data into queue.
2026-08-07 15:35:20.212 - RealTimeSTT: realtimestt - DEBUG - _audio_data_worker writing audio data into queue.
2026-08-07 15:35:21.236 - RealTimeSTT: realtimestt - DEBUG - _audio_data_worker writing audio data into queue.
2026-08-07 15:35:22.260 - RealTimeSTT: realtimestt - DEBUG - _audio_data_worker writing audio data into queue.
2026-08-07 15:35:23.284 - RealTimeSTT: realtimestt - DEBUG - _audio_data_worker writing audio data into queue.
2026-08-07 15:35:24.308 - RealTimeSTT: realtimestt - DEBUG - _audio_data_worker writing audio data into queue.
2026-08-07 15:35:25.332 - RealTimeSTT: realtimestt - DEBUG - _audio_data_worker writing audio data into queue.
2026-08-07 15:35:26.356 - RealTimeSTT: realtimestt - DEBUG - _audio_data_worker writing audio data into queue.
2026-08-07 15:35:27.380 - RealTimeSTT: realtimestt - DEBUG - _audio_data_worker writing audio data into queue.
2026-08-07 15:35:28.290 - RealTimeSTT: realtimestt - DEBUG - Realtime text detected (timer): this sync schedule thing, which will get the schedule from blue alliance and save it. Okay, and then you just put in like match. So how do you tell which comp you're at? There's config files, there's game.json. Okay, so this is Python or user JSON. Yeah, that's really common. And then, so yeah, this is where like all the paths are and stuff. And then, so we can use this in cat city.  Yeah, go for it. Do you want to take some time to show people this tomorrow? Yeah, I'd love to. Okay, great. Let me put that on again. Alright. Yeah. That's on you big dog.  So we need an owner for it, too. Like, don't just get rasped gee whiz. I think it's a good bike.  It's coming back either this weekend or next school starts Yeah, he's got to be He's been working on others like scouting algorithm mixed up that he might want to integrate that could be like really oh my gosh  That would be cool. Is it like predicts what you're going to do in your... predicts performance, which isn't exactly something the drive team wants to see. Well, maybe we can figure out how we do that. Yeah. So yeah, in this, you just configure it. Different types of scoring. Like, well, I put it in for like level one, level two, level three, and then words that would be like keywords that you would extract for each one points.  and then also I added this thing called alternate points like if you wanted to use like a defensive system to work how they're playing defense you could create like a defense point system that you could keep track of too I don't know if it would be of any use you don't have to use it but it's there if someone were to want to and then penalty is as well and then robots broken  And then words to like ignore these are just like words that we don't care about. It doesn't matter. And then we'll say like it's that's just like other config stuff. Yeah, but here's where you put the event in. This is the blue alliance of it. And then the competition name this would be this actually might be deprecated to be to be honest. I don't know. I have to look.  But then we also have, okay, so when you start the match, it'll run timers, but as long as you can just change that as well. So, yeah, you just talk. What if you're in a, like a loud place? I would be relying on wireless gear but it's to filter your voice out, because everyone has those.  No, just like AirPods. Is that a good note? Mm-hmm. I always wonder how that works. Like when I get a phone call on my bike and I'm using the dawn conduction headphones and I can hear people when they get in. That's pretty cool. Well, long of them have like six microphones around your ear and then they like filter out the stuff back here. Like even the twenty-five microphones I get from Amazon. Oh, am I not that? Okay.  And then here, don't steal my API keys, but this is where you'll put in your scout. And then your scout number, I'll explain what scout number is in a second. So everybody would have a copy of this running on their computers. Does it hit a central database? Well, just the database, those two. On whoever's computer you want to. So how does that work in a comp where we don't have connected it? Um, you save it in here. Uh, I was given that too, so I think it's...  No, okay, so root path you just set this to a USB stick and then you know probably USB stick plug it into the main person's computer and then there's like an import mechanism which I haven't actually fully finished it works, but I don't have a way to like specify the import import folder yet, which I'll add that actually  We really like it. You and I scout at the same match. It has similar keys to them. It merges them. It doesn't override them. It will override them if two people scout at the same team at the same match. Because we only have one scout per team.  Got it. So we have three people's scholars. Five people's scholars. Six. Coming up. Oh, yeah. I thought I had to like the art. I can't understand what I got in there. I used to have a crazy one. Now I even feel that. But I've got the watch. I love these gloves. You have a full finger gloves. Yeah. In the same room, how do you do that? Because I got good ones that are breathable.  Okay, okay, so yeah, they'll be a blue alliance API key and then you can use like AI for like some reason stuff There are a lot of AI models on open router that are free So I say you can use open router you can use Gemini if you want to use like a pay version You can use that too. It doesn't really matter so you just put in like the API or like the  End point the model name which is also just whatever It's just a hash that they give you that they check that when you send a request It's like associates it with your account So if you aren't paying money, then it's just for real limits if you are paying money, then it's for usage
2026-08-07 15:35:28.337 - RealTimeSTT: realtimestt - DEBUG - Current realtime buffer size: 5811712
2026-08-07 15:35:28.404 - RealTimeSTT: realtimestt - DEBUG - _audio_data_worker writing audio data into queue.
2026-08-07 15:35:29.428 - RealTimeSTT: realtimestt - DEBUG - _audio_data_worker writing audio data into queue.
2026-08-07 15:35:30.452 - RealTimeSTT: realtimestt - DEBUG - _audio_data_worker writing audio data into queue.
2026-08-07 15:35:31.476 - RealTimeSTT: realtimestt - DEBUG - _audio_data_worker writing audio data into queue.
2026-08-07 15:35:32.500 - RealTimeSTT: realtimestt - DEBUG - _audio_data_worker writing audio data into queue.
2026-08-07 15:35:33.524 - RealTimeSTT: realtimestt - DEBUG - _audio_data_worker writing audio data into queue.
2026-08-07 15:35:34.548 - RealTimeSTT: realtimestt - DEBUG - _audio_data_worker writing audio data into queue.
2026-08-07 15:35:35.573 - RealTimeSTT: realtimestt - DEBUG - _audio_data_worker writing audio data into queue.
2026-08-07 15:35:36.596 - RealTimeSTT: realtimestt - DEBUG - _audio_data_worker writing audio data into queue.
2026-08-07 15:35:37.620 - RealTimeSTT: realtimestt - DEBUG - _audio_data_worker writing audio data into queue.
2026-08-07 15:35:38.644 - RealTimeSTT: realtimestt - DEBUG - _audio_data_worker writing audio data into queue.
2026-08-07 15:35:39.668 - RealTimeSTT: realtimestt - DEBUG - _audio_data_worker writing audio data into queue.
2026-08-07 15:35:40.692 - RealTimeSTT: realtimestt - DEBUG - _audio_data_worker writing audio data into queue.
2026-08-07 15:35:41.716 - RealTimeSTT: realtimestt - DEBUG - _audio_data_worker writing audio data into queue.
2026-08-07 15:35:42.705 - RealTimeSTT: realtimestt - DEBUG - Realtime text detected (timer): this sync schedule thing, which will get the schedule from blue alliance and save it. Okay, and then you just put in like match. So how do you tell which comp you're at? There's config files, there's game.json. Okay, so this is Python or user JSON. Yeah, that's really common. And then, so yeah, this is where like all the paths are and stuff. And then, so we can use this in cat city.  Yeah, go for it. Do you want to take some time to show people this tomorrow? Yeah, I'd love to. Okay, great. Let me put that on again. Alright. Yeah. That's on you big dog.  So we need an owner for it, too. Like, don't just get rasped gee whiz. I think it's a good bike.  It's coming back either this weekend or next school starts Yeah, he's got to be He's been working on others like scouting algorithm mixed up that he might want to integrate that could be like really oh my gosh  That would be cool. Is it like predicts what you're going to do in your... predicts performance, which isn't exactly something the drive team wants to see. Well, maybe we can figure out how we do that. Yeah. So yeah, in this, you just configure it. Different types of scoring. Like, well, I put it in for like level one, level two, level three, and then words that would be like keywords that you would extract for each one points.  and then also I added this thing called alternate points like if you wanted to use like a defensive system to work how they're playing defense you could create like a defense point system that you could keep track of too I don't know if it would be of any use you don't have to use it but it's there if someone were to want to and then penalty is as well and then robots broken  And then words to like ignore these are just like words that we don't care about. It doesn't matter. And then we'll say like it's that's just like other config stuff. Yeah, but here's where you put the event in. This is the blue alliance of it. And then the competition name this would be this actually might be deprecated to be to be honest. I don't know. I have to look.  But then we also have, okay, so when you start the match, it'll run timers, but as long as you can just change that as well. So, yeah, you just talk. What if you're in a, like a loud place? I would be relying on wireless gear but it's to filter your voice out, because everyone has those.  No, just like AirPods. Is that a good note? Mm-hmm. I always wonder how that works. Like when I get a phone call on my bike and I'm using the dawn conduction headphones and I can hear people when they get in. That's pretty cool. Well, long of them have like six microphones around your ear and then they like filter out the stuff back here. Like even the twenty-five microphones I get from Amazon. Oh, am I not that? Okay.  And then here, don't steal my API keys, but this is where you'll put in your scout. And then your scout number, I'll explain what scout number is in a second. So everybody would have a copy of this running on their computers. Does it hit a central database? Well, just the database, those two. On whoever's computer you want to. So how does that work in a comp where we don't have connected it? Um, you save it in here. Uh, I was given that too, so I think it's...  No, okay, so root path you just set this to a USB stick and then you know probably USB stick plug it into the main person's computer and then there's like an import mechanism which I haven't actually fully finished it works, but I don't have a way to like specify the import import folder yet, which I'll add that actually  We really like it. You and I scout at the same match. It has similar keys to them. It merges them. It doesn't override them. It will override them if two people scout at the same team at the same match. Because we only have one scout per team.  Got it. So we have three people's scholars. Five people's scholars. Six. Coming up. Oh, yeah. I thought I had to like the art. I can't understand what I got in there. I used to have a crazy one. Now I even feel that. But I've got the watch. I love these gloves. You have a full finger gloves. Yeah. In the same room, how do you do that? Because I got good ones that are breathable.  Okay, okay, so yeah, they'll be a blue alliance API key and then you can use like AI for like some reason stuff There are a lot of AI models on open router that are free So I say you can use open router you can use Gemini if you want to use like a pay version You can use that too. It doesn't really matter so you just put in like the API or like the  End point the model name, which is also just whatever. It's just a hash that they give you that they check that when you send a request. It's like associates it with your account. So if you aren't paying money, then it's just for real limits. If you are paying money, then it's for usage. Alright, lots of good things stuff.  I don't even know that it's sad, but it's still very scary. Okay, so one would configure all that.
2026-08-07 15:35:42.735 - RealTimeSTT: realtimestt - DEBUG - Current realtime buffer size: 6042112
2026-08-07 15:35:42.740 - RealTimeSTT: realtimestt - DEBUG - _audio_data_worker writing audio data into queue.
2026-08-07 15:35:43.763 - RealTimeSTT: realtimestt - DEBUG - _audio_data_worker writing audio data into queue.
2026-08-07 15:35:44.788 - RealTimeSTT: realtimestt - DEBUG - _audio_data_worker writing audio data into queue.
2026-08-07 15:35:45.812 - RealTimeSTT: realtimestt - DEBUG - _audio_data_worker writing audio data into queue.
2026-08-07 15:35:46.836 - RealTimeSTT: realtimestt - DEBUG - _audio_data_worker writing audio data into queue.
2026-08-07 15:35:47.859 - RealTimeSTT: realtimestt - DEBUG - _audio_data_worker writing audio data into queue.
2026-08-07 15:35:48.883 - RealTimeSTT: realtimestt - DEBUG - _audio_data_worker writing audio data into queue.
2026-08-07 15:35:49.908 - RealTimeSTT: realtimestt - DEBUG - _audio_data_worker writing audio data into queue.
2026-08-07 15:35:50.932 - RealTimeSTT: realtimestt - DEBUG - _audio_data_worker writing audio data into queue.
2026-08-07 15:35:51.956 - RealTimeSTT: realtimestt - DEBUG - _audio_data_worker writing audio data into queue.
2026-08-07 15:35:52.980 - RealTimeSTT: realtimestt - DEBUG - _audio_data_worker writing audio data into queue.
2026-08-07 15:35:54.004 - RealTimeSTT: realtimestt - DEBUG - _audio_data_worker writing audio data into queue.
2026-08-07 15:35:55.028 - RealTimeSTT: realtimestt - DEBUG - _audio_data_worker writing audio data into queue.
2026-08-07 15:35:56.052 - RealTimeSTT: realtimestt - DEBUG - _audio_data_worker writing audio data into queue.
2026-08-07 15:35:56.797 - RealTimeSTT: realtimestt - DEBUG - Realtime text detected (timer): this sync schedule thing, which will get the schedule from blue alliance and save it. Okay, and then you just put in like match. So how do you tell which comp you're at? There's config files, there's game.json. Okay, so this is Python or user JSON. Yeah, that's really common. And then, so yeah, this is where like all the paths are and stuff. And then, so we can use this in cat city.  Yeah, go for it. Do you want to take some time to show people this tomorrow? Yeah, I'd love to. Okay, great. Let me put that on again. Alright. Yeah. That's on you big dog.  So we need an owner for it, too. Like, don't just get rasped gee whiz. I think it's a good bike.  It's coming back either this weekend or next school starts Yeah, he's got to be He's been working on others like scouting algorithm mixed up that he might want to integrate that could be like really oh my gosh  That would be cool. Is it like predicts what you're going to do in your... predicts performance, which isn't exactly something the drive team wants to see. Well, maybe we can figure out how we do that. Yeah. So yeah, in this, you just configure it. Different types of scoring. Like, well, I put it in for like level one, level two, level three, and then words that would be like keywords that you would extract for each one points.  and then also I added this thing called alternate points like if you wanted to use like a defensive system to work how they're playing defense you could create like a defense point system that you could keep track of too I don't know if it would be of any use you don't have to use it but it's there if someone were to want to and then penalty is as well and then robots broken  And then words to like ignore these are just like words that we don't care about. It doesn't matter. And then we'll say like it's that's just like other config stuff. Yeah, but here's where you put the event in. This is the blue alliance of it. And then the competition name this would be this actually might be deprecated to be to be honest. I don't know. I have to look.  But then we also have, okay, so when you start the match, it'll run timers, but as long as you can just change that as well. So, yeah, you just talk. What if you're in a, like a loud place? I would be relying on wireless gear but it's to filter your voice out, because everyone has those.  No, just like AirPods. Is that a good note? Mm-hmm. I always wonder how that works. Like when I get a phone call on my bike and I'm using the dawn conduction headphones and I can hear people when they get in. That's pretty cool. Well, long of them have like six microphones around your ear and then they like filter out the stuff back here. Like even the twenty-five microphones I get from Amazon. Oh, am I not that? Okay.  And then here, don't steal my API keys, but this is where you'll put in your scout. And then your scout number, I'll explain what scout number is in a second. So everybody would have a copy of this running on their computers. Does it hit a central database? Well, just the database, those two. On whoever's computer you want to. So how does that work in a comp where we don't have connected it? Um, you save it in here. Uh, I was given that too, so I think it's...  No, okay, so root path you just set this to a USB stick and then you know probably USB stick plug it into the main person's computer and then there's like an import mechanism which I haven't actually fully finished it works, but I don't have a way to like specify the import import folder yet, which I'll add that actually  We really like it. You and I scout at the same match. It has similar keys to them. It merges them. It doesn't override them. It will override them if two people scout at the same team at the same match. Because we only have one scout per team.  Got it. So we have three people's scholars. Five people's scholars. Six. Coming up. Oh, yeah. I thought I had to like the art. I can't understand what I got in there. I used to have a crazy one. Now I even feel that. But I've got the watch. I love these gloves. You have a full finger gloves. Yeah. In the same room, how do you do that? Because I got good ones that are breathable.  Okay, okay, so yeah, they'll be a blue alliance API key and then you can use like AI for like some reason stuff There are a lot of AI models on open router that are free So I say you can use open router you can use Gemini if you want to use like a pay version You can use that too. It doesn't really matter so you just put in like the API or like the  End point the model name, which is also just whatever. It's just a hash that they give you that they check that when you send a request. It's like associates it with your account. So if you aren't paying money, then it's just for real limits. If you are paying money, then it's for usage. Alright, lots of good things stuff.  One even on that, it's sad, but it's still very scary. OK. So one would configure all that. And then use this guy. Yes. So we'll say match number like 56. Yeah. And then, so scout. And that's the team I'm scouting. That's the team you're scouting. OK. You can use a drop down and select another team.
2026-08-07 15:35:56.826 - RealTimeSTT: realtimestt - DEBUG - Current realtime buffer size: 6267392
2026-08-07 15:35:57.076 - RealTimeSTT: realtimestt - DEBUG - _audio_data_worker writing audio data into queue.
2026-08-07 15:35:58.100 - RealTimeSTT: realtimestt - DEBUG - _audio_data_worker writing audio data into queue.
2026-08-07 15:35:59.123 - RealTimeSTT: realtimestt - DEBUG - _audio_data_worker writing audio data into queue.
2026-08-07 15:36:00.147 - RealTimeSTT: realtimestt - DEBUG - _audio_data_worker writing audio data into queue.
2026-08-07 15:36:01.171 - RealTimeSTT: realtimestt - DEBUG - _audio_data_worker writing audio data into queue.
2026-08-07 15:36:02.195 - RealTimeSTT: realtimestt - DEBUG - _audio_data_worker writing audio data into queue.
2026-08-07 15:36:03.220 - RealTimeSTT: realtimestt - DEBUG - _audio_data_worker writing audio data into queue.
2026-08-07 15:36:04.243 - RealTimeSTT: realtimestt - DEBUG - _audio_data_worker writing audio data into queue.
2026-08-07 15:36:05.268 - RealTimeSTT: realtimestt - DEBUG - _audio_data_worker writing audio data into queue.
2026-08-07 15:36:06.292 - RealTimeSTT: realtimestt - DEBUG - _audio_data_worker writing audio data into queue.
2026-08-07 15:36:07.315 - RealTimeSTT: realtimestt - DEBUG - _audio_data_worker writing audio data into queue.
2026-08-07 15:36:08.339 - RealTimeSTT: realtimestt - DEBUG - _audio_data_worker writing audio data into queue.
2026-08-07 15:36:09.364 - RealTimeSTT: realtimestt - DEBUG - _audio_data_worker writing audio data into queue.
2026-08-07 15:36:10.388 - RealTimeSTT: realtimestt - DEBUG - _audio_data_worker writing audio data into queue.
2026-08-07 15:36:11.412 - RealTimeSTT: realtimestt - DEBUG - _audio_data_worker writing audio data into queue.
2026-08-07 15:36:12.435 - RealTimeSTT: realtimestt - DEBUG - _audio_data_worker writing audio data into queue.
2026-08-07 15:36:13.027 - RealTimeSTT: realtimestt - DEBUG - Realtime text detected (timer): this sync schedule thing, which will get the schedule from blue alliance and save it. Okay, and then you just put in like match. So how do you tell which comp you're at? There's config files, there's game.json. Okay, so this is Python or user JSON. Yeah, that's really common. And then, so yeah, this is where like all the paths are and stuff. And then, so we can use this in cat city.  Yeah, go for it. Do you want to take some time to show people this tomorrow? Yeah, I'd love to. Okay, great. Let me put that on again. Alright. Yeah. That's on you big dog.  So we need an owner for it, too. Like, don't just get rasped gee whiz. I think it's a good bike.  It's coming back either this weekend or next school starts Yeah, he's got to be He's been working on others like scouting algorithm mixed up that he might want to integrate that could be like really oh my gosh  That would be cool. Is it like predicts what you're going to do in your... predicts performance, which isn't exactly something the drive team wants to see. Well, maybe we can figure out how we do that. Yeah. So yeah, in this, you just configure it. Different types of scoring. Like, well, I put it in for like level one, level two, level three, and then words that would be like keywords that you would extract for each one points.  and then also I added this thing called alternate points like if you wanted to use like a defensive system to work how they're playing defense you could create like a defense point system that you could keep track of too I don't know if it would be of any use you don't have to use it but it's there if someone were to want to and then penalty is as well and then robots broken  And then words to like ignore these are just like words that we don't care about. It doesn't matter. And then we'll say like it's that's just like other config stuff. Yeah, but here's where you put the event in. This is the blue alliance of it. And then the competition name this would be this actually might be deprecated to be to be honest. I don't know. I have to look.  But then we also have, okay, so when you start the match, it'll run timers, but as long as you can just change that as well. So, yeah, you just talk. What if you're in a, like a loud place? I would be relying on wireless gear but it's to filter your voice out, because everyone has those.  No, just like AirPods. Is that a good note? Mm-hmm. I always wonder how that works. Like when I get a phone call on my bike and I'm using the dawn conduction headphones and I can hear people when they get in. That's pretty cool. Well, long of them have like six microphones around your ear and then they like filter out the stuff back here. Like even the twenty-five microphones I get from Amazon. Oh, am I not that? Okay.  And then here, don't steal my API keys, but this is where you'll put in your scout. And then your scout number, I'll explain what scout number is in a second. So everybody would have a copy of this running on their computers. Does it hit a central database? Well, just the database, those two. On whoever's computer you want to. So how does that work in a comp where we don't have connected it? Um, you save it in here. Uh, I was given that too, so I think it's...  No, okay, so root path you just set this to a USB stick and then you know probably USB stick plug it into the main person's computer and then there's like an import mechanism which I haven't actually fully finished it works, but I don't have a way to like specify the import import folder yet, which I'll add that actually  We really like it. You and I scout at the same match. It has similar keys to them. It merges them. It doesn't override them. It will override them if two people scout at the same team at the same match. Because we only have one scout per team.  Got it. So we have three people's scholars. Five people's scholars. Six. Coming up. Oh, yeah. I thought I had to like the art. I can't understand what I got in there. I used to have a crazy one. Now I even feel that. But I've got the watch. I love these gloves. You have a full finger gloves. Yeah. In the same room, how do you do that? Because I got good ones that are breathable.  Okay, okay, so yeah, they'll be a blue alliance API key and then you can use like AI for like some reason stuff There are a lot of AI models on open router that are free So I say you can use open router you can use Gemini if you want to use like a pay version You can use that too. It doesn't really matter so you just put in like the API or like the  End point the model name, which is also just whatever. It's just a hash that they give you that they check that when you send a request. It's like associates it with your account. So if you aren't paying money, then it's just for real limits. If you are paying money, then it's for usage. Alright, lots of good things stuff.  I don't even know that. It's sad, but it's still very scary. OK. So one would configure all that. And then here's the stuff. Yes. So we'll say match number, like, 56. Yeah. And then, so scout. And that's the team I'm scouting. That's the team you're scouting. OK.  You can use a drop-down and select another team if for some reason something happened and you had to scout another team. But the scout number is just like the scout number every scout gets a unique number of matches. So team the configuration.
2026-08-07 15:36:13.060 - RealTimeSTT: realtimestt - DEBUG - Current realtime buffer size: 6528512
2026-08-07 15:36:13.459 - RealTimeSTT: realtimestt - DEBUG - _audio_data_worker writing audio data into queue.
2026-08-07 15:36:14.483 - RealTimeSTT: realtimestt - DEBUG - _audio_data_worker writing audio data into queue.
2026-08-07 15:36:15.507 - RealTimeSTT: realtimestt - DEBUG - _audio_data_worker writing audio data into queue.
2026-08-07 15:36:16.531 - RealTimeSTT: realtimestt - DEBUG - _audio_data_worker writing audio data into queue.
2026-08-07 15:36:17.555 - RealTimeSTT: realtimestt - DEBUG - _audio_data_worker writing audio data into queue.
2026-08-07 15:36:18.580 - RealTimeSTT: realtimestt - DEBUG - _audio_data_worker writing audio data into queue.
2026-08-07 15:36:19.603 - RealTimeSTT: realtimestt - DEBUG - _audio_data_worker writing audio data into queue.
2026-08-07 15:36:20.628 - RealTimeSTT: realtimestt - DEBUG - _audio_data_worker writing audio data into queue.
2026-08-07 15:36:21.651 - RealTimeSTT: realtimestt - DEBUG - _audio_data_worker writing audio data into queue.
2026-08-07 15:36:22.676 - RealTimeSTT: realtimestt - DEBUG - _audio_data_worker writing audio data into queue.
2026-08-07 15:36:23.699 - RealTimeSTT: realtimestt - DEBUG - _audio_data_worker writing audio data into queue.
2026-08-07 15:36:24.723 - RealTimeSTT: realtimestt - DEBUG - _audio_data_worker writing audio data into queue.
2026-08-07 15:36:25.747 - RealTimeSTT: realtimestt - DEBUG - _audio_data_worker writing audio data into queue.
2026-08-07 15:36:26.771 - RealTimeSTT: realtimestt - DEBUG - _audio_data_worker writing audio data into queue.
2026-08-07 15:36:27.795 - RealTimeSTT: realtimestt - DEBUG - _audio_data_worker writing audio data into queue.
2026-08-07 15:36:28.819 - RealTimeSTT: realtimestt - DEBUG - _audio_data_worker writing audio data into queue.
2026-08-07 15:36:29.844 - RealTimeSTT: realtimestt - DEBUG - _audio_data_worker writing audio data into queue.
2026-08-07 15:36:30.334 - RealTimeSTT: realtimestt - DEBUG - Realtime text detected (timer): this sync schedule thing, which will get the schedule from blue alliance and save it. Okay, and then you just put in like match. So how do you tell which comp you're at? There's config files, there's game.json. Okay, so this is Python or user JSON. Yeah, that's really common. And then, so yeah, this is where like all the paths are and stuff. And then, so we can use this in cat city.  Yeah, go for it. Do you want to take some time to show people this tomorrow? Yeah, I'd love to. Okay, great. Let me put that on again. Alright. Yeah. That's on you big dog.  So we need an owner for it, too. Like, don't just get rasped gee whiz. I think it's a good bike.  It's coming back either this weekend or next school starts Yeah, he's got to be He's been working on others like scouting algorithm mixed up that he might want to integrate that could be like really oh my gosh  That would be cool. Is it like predicts what you're going to do in your... predicts performance, which isn't exactly something the drive team wants to see. Well, maybe we can figure out how we do that. Yeah. So yeah, in this, you just configure it. Different types of scoring. Like, well, I put it in for like level one, level two, level three, and then words that would be like keywords that you would extract for each one points.  and then also I added this thing called alternate points like if you wanted to use like a defensive system to work how they're playing defense you could create like a defense point system that you could keep track of too I don't know if it would be of any use you don't have to use it but it's there if someone were to want to and then penalty is as well and then robots broken  And then words to like ignore these are just like words that we don't care about. It doesn't matter. And then we'll say like it's that's just like other config stuff. Yeah, but here's where you put the event in. This is the blue alliance of it. And then the competition name this would be this actually might be deprecated to be to be honest. I don't know. I have to look.  But then we also have, okay, so when you start the match, it'll run timers, but as long as you can just change that as well. So, yeah, you just talk. What if you're in a, like a loud place? I would be relying on wireless gear but it's to filter your voice out, because everyone has those.  No, just like AirPods. Is that a good note? Mm-hmm. I always wonder how that works. Like when I get a phone call on my bike and I'm using the dawn conduction headphones and I can hear people when they get in. That's pretty cool. Well, long of them have like six microphones around your ear and then they like filter out the stuff back here. Like even the twenty-five microphones I get from Amazon. Oh, am I not that? Okay.  And then here, don't steal my API keys, but this is where you'll put in your scout. And then your scout number, I'll explain what scout number is in a second. So everybody would have a copy of this running on their computers. Does it hit a central database? Well, just the database, those two. On whoever's computer you want to. So how does that work in a comp where we don't have connected it? Um, you save it in here. Uh, I was given that too, so I think it's...  No, okay, so root path you just set this to a USB stick and then you know probably USB stick plug it into the main person's computer and then there's like an import mechanism which I haven't actually fully finished it works, but I don't have a way to like specify the import import folder yet, which I'll add that actually  We really like it. You and I scout at the same match. It has similar keys to them. It merges them. It doesn't override them. It will override them if two people scout at the same team at the same match. Because we only have one scout per team.  Got it. So we have three people's scholars. Five people's scholars. Six. Coming up. Oh, yeah. I thought I had to like the art. I can't understand what I got in there. I used to have a crazy one. Now I even feel that. But I've got the watch. I love these gloves. You have a full finger gloves. Yeah. In the same room, how do you do that? Because I got good ones that are breathable.  Okay, okay, so yeah, they'll be a blue alliance API key and then you can use like AI for like some reason stuff There are a lot of AI models on open router that are free So I say you can use open router you can use Gemini if you want to use like a pay version You can use that too. It doesn't really matter so you just put in like the API or like the  End point the model name, which is also just whatever. It's just a hash that they give you that they check that when you send a request. It's like associates it with your account. So if you aren't paying money, then it's just for real limits. If you are paying money, then it's for usage. Alright, lots of good things stuff.  I don't even know that. It's sad, but it's still very scary. OK. So one would configure all that. And then here's the stuff. Yes. So we'll say match number, like, 56. Yeah. And then, so scout. And that's the team I'm scouting. That's the team you're scouting. OK.  You can use a drop down and select another team if for some reason something happened and you had to scout another team. But the scout number is just like the scout number every scout gets a unique number of matches. So team the configuration.  You don't have to worry about that. That's just what the scout number does. Because there are six teams. I just do it. It's like the fifth one. Yep, that's nice. And then you predict the one that she thinks is going to win. And so good.
2026-08-07 15:36:30.537 - RealTimeSTT: realtimestt - DEBUG - Current realtime buffer size: 6803968
2026-08-07 15:36:30.910 - RealTimeSTT: realtimestt - DEBUG - _audio_data_worker writing audio data into queue.
2026-08-07 15:36:31.935 - RealTimeSTT: realtimestt - DEBUG - _audio_data_worker writing audio data into queue.
2026-08-07 15:36:32.958 - RealTimeSTT: realtimestt - DEBUG - _audio_data_worker writing audio data into queue.
2026-08-07 15:36:33.982 - RealTimeSTT: realtimestt - DEBUG - _audio_data_worker writing audio data into queue.
2026-08-07 15:36:35.006 - RealTimeSTT: realtimestt - DEBUG - _audio_data_worker writing audio data into queue.
2026-08-07 15:36:36.030 - RealTimeSTT: realtimestt - DEBUG - _audio_data_worker writing audio data into queue.
2026-08-07 15:36:37.054 - RealTimeSTT: realtimestt - DEBUG - _audio_data_worker writing audio data into queue.
2026-08-07 15:36:38.078 - RealTimeSTT: realtimestt - DEBUG - _audio_data_worker writing audio data into queue.
2026-08-07 15:36:39.102 - RealTimeSTT: realtimestt - DEBUG - _audio_data_worker writing audio data into queue.
2026-08-07 15:36:40.126 - RealTimeSTT: realtimestt - DEBUG - _audio_data_worker writing audio data into queue.
2026-08-07 15:36:41.150 - RealTimeSTT: realtimestt - DEBUG - _audio_data_worker writing audio data into queue.
2026-08-07 15:36:42.174 - RealTimeSTT: realtimestt - DEBUG - _audio_data_worker writing audio data into queue.
2026-08-07 15:36:43.198 - RealTimeSTT: realtimestt - DEBUG - _audio_data_worker writing audio data into queue.
2026-08-07 15:36:44.222 - RealTimeSTT: realtimestt - DEBUG - _audio_data_worker writing audio data into queue.
2026-08-07 15:36:45.246 - RealTimeSTT: realtimestt - DEBUG - _audio_data_worker writing audio data into queue.
2026-08-07 15:36:46.270 - RealTimeSTT: realtimestt - DEBUG - _audio_data_worker writing audio data into queue.
2026-08-07 15:36:47.294 - RealTimeSTT: realtimestt - DEBUG - _audio_data_worker writing audio data into queue.
2026-08-07 15:36:48.318 - RealTimeSTT: realtimestt - DEBUG - _audio_data_worker writing audio data into queue.
2026-08-07 15:36:48.535 - RealTimeSTT: realtimestt - DEBUG - Realtime text detected (timer): this sync schedule thing, which will get the schedule from blue alliance and save it. Okay, and then you just put in like match. So how do you tell which comp you're at? There's config files, there's game.json. Okay, so this is Python or user JSON. Yeah, that's really common. And then, so yeah, this is where like all the paths are and stuff. And then, so we can use this in cat city.  Yeah, go for it. Do you want to take some time to show people this tomorrow? Yeah, I'd love to. Okay, great. Let me put that on again. Alright. Yeah. That's on you big dog.  So we need an owner for it, too. Like, don't just get rasped gee whiz. I think it's a good bike.  It's coming back either this weekend or next school starts Yeah, he's got to be He's been working on others like scouting algorithm mixed up that he might want to integrate that could be like really oh my gosh  That would be cool. Is it like predicts what you're going to do in your... predicts performance, which isn't exactly something the drive team wants to see. Well, maybe we can figure out how we do that. Yeah. So yeah, in this, you just configure it. Different types of scoring. Like, well, I put it in for like level one, level two, level three, and then words that would be like keywords that you would extract for each one points.  and then also I added this thing called alternate points like if you wanted to use like a defensive system to work how they're playing defense you could create like a defense point system that you could keep track of too I don't know if it would be of any use you don't have to use it but it's there if someone were to want to and then penalty is as well and then robots broken  And then words to like ignore these are just like words that we don't care about. It doesn't matter. And then we'll say like it's that's just like other config stuff. Yeah, but here's where you put the event in. This is the blue alliance of it. And then the competition name this would be this actually might be deprecated to be to be honest. I don't know. I have to look.  But then we also have, okay, so when you start the match, it'll run timers, but as long as you can just change that as well. So, yeah, you just talk. What if you're in a, like a loud place? I would be relying on wireless gear but it's to filter your voice out, because everyone has those.  No, just like AirPods. Is that a good note? Mm-hmm. I always wonder how that works. Like when I get a phone call on my bike and I'm using the dawn conduction headphones and I can hear people when they get in. That's pretty cool. Well, long of them have like six microphones around your ear and then they like filter out the stuff back here. Like even the twenty-five microphones I get from Amazon. Oh, am I not that? Okay.  And then here, don't steal my API keys, but this is where you'll put in your scout. And then your scout number, I'll explain what scout number is in a second. So everybody would have a copy of this running on their computers. Does it hit a central database? Well, just the database, those two. On whoever's computer you want to. So how does that work in a comp where we don't have connected it? Um, you save it in here. Uh, I was given that too, so I think it's...  No, okay, so root path you just set this to a USB stick and then you know probably USB stick plug it into the main person's computer and then there's like an import mechanism which I haven't actually fully finished it works, but I don't have a way to like specify the import import folder yet, which I'll add that actually  We really like it. You and I scout at the same match. It has similar keys to them. It merges them. It doesn't override them. It will override them if two people scout at the same team at the same match. Because we only have one scout per team.  Got it. So we have three people's scholars. Five people's scholars. Six. Coming up. Oh, yeah. I thought I had to like the art. I can't understand what I got in there. I used to have a crazy one. Now I even feel that. But I've got the watch. I love these gloves. You have a full finger gloves. Yeah. In the same room, how do you do that? Because I got good ones that are breathable.  Okay, okay, so yeah, they'll be a blue alliance API key and then you can use like AI for like some reason stuff There are a lot of AI models on open router that are free So I say you can use open router you can use Gemini if you want to use like a pay version You can use that too. It doesn't really matter so you just put in like the API or like the  End point the model name, which is also just whatever. It's just a hash that they give you that they check that when you send a request. It's like associates it with your account. So if you aren't paying money, then it's just for real limits. If you are paying money, then it's for usage. Alright, lots of good things stuff.  I don't even know that. It's sad, but it's still very scary. OK. So one would configure all that. And then here's the stuff. Yes. So we'll say match number, like, 56. Yeah. And then, so scout. And that's the team I'm scouting. That's the team you're scouting. OK.  You can use a drop down and select another team if for some reason something happened and you had to scout another team. But the scout number is just like the scout number every scout gets a unique number of matches. So team the configuration.  You don't have to worry about that. That's just what the scout number does. Because there are six teams. I just do it. It's like the fifth one. Yep. And then you predict the one that she thinks is going to win. And so good.  Cids tool. You can also put it down. Yeah, but then you probably don't want to show them that. Sink with match time, and you just pull it out of the scissors. No, that's just like you click it when the matches on the match starts. Okay, so, so.
2026-08-07 15:36:48.598 - RealTimeSTT: realtimestt - DEBUG - Current realtime buffer size: 7095808
2026-08-07 15:36:49.342 - RealTimeSTT: realtimestt - DEBUG - _audio_data_worker writing audio data into queue.
2026-08-07 15:36:50.366 - RealTimeSTT: realtimestt - DEBUG - _audio_data_worker writing audio data into queue.
2026-08-07 15:36:51.390 - RealTimeSTT: realtimestt - DEBUG - _audio_data_worker writing audio data into queue.
2026-08-07 15:36:52.414 - RealTimeSTT: realtimestt - DEBUG - _audio_data_worker writing audio data into queue.
2026-08-07 15:36:53.438 - RealTimeSTT: realtimestt - DEBUG - _audio_data_worker writing audio data into queue.
2026-08-07 15:36:54.462 - RealTimeSTT: realtimestt - DEBUG - _audio_data_worker writing audio data into queue.
2026-08-07 15:36:55.486 - RealTimeSTT: realtimestt - DEBUG - _audio_data_worker writing audio data into queue.
2026-08-07 15:36:56.510 - RealTimeSTT: realtimestt - DEBUG - _audio_data_worker writing audio data into queue.
2026-08-07 15:36:57.534 - RealTimeSTT: realtimestt - DEBUG - _audio_data_worker writing audio data into queue.
2026-08-07 15:36:58.558 - RealTimeSTT: realtimestt - DEBUG - _audio_data_worker writing audio data into queue.
2026-08-07 15:36:59.582 - RealTimeSTT: realtimestt - DEBUG - _audio_data_worker writing audio data into queue.
2026-08-07 15:37:00.606 - RealTimeSTT: realtimestt - DEBUG - _audio_data_worker writing audio data into queue.
2026-08-07 15:37:01.630 - RealTimeSTT: realtimestt - DEBUG - _audio_data_worker writing audio data into queue.
2026-08-07 15:37:02.654 - RealTimeSTT: realtimestt - DEBUG - _audio_data_worker writing audio data into queue.
2026-08-07 15:37:03.678 - RealTimeSTT: realtimestt - DEBUG - _audio_data_worker writing audio data into queue.
2026-08-07 15:37:04.702 - RealTimeSTT: realtimestt - DEBUG - _audio_data_worker writing audio data into queue.
2026-08-07 15:37:05.726 - RealTimeSTT: realtimestt - DEBUG - _audio_data_worker writing audio data into queue.
2026-08-07 15:37:06.750 - RealTimeSTT: realtimestt - DEBUG - _audio_data_worker writing audio data into queue.
2026-08-07 15:37:07.774 - RealTimeSTT: realtimestt - DEBUG - _audio_data_worker writing audio data into queue.
2026-08-07 15:37:08.253 - RealTimeSTT: realtimestt - DEBUG - Realtime text detected (timer): this sync schedule thing, which will get the schedule from blue alliance and save it. Okay, and then you just put in like match. So how do you tell which comp you're at? There's config files, there's game.json. Okay, so this is Python or user JSON. Yeah, that's really common. And then, so yeah, this is where like all the paths are and stuff. And then, so we can use this in cat city.  Yeah, go for it. Do you want to take some time to show people this tomorrow? Yeah, I'd love to. Okay, great. Let me put that on again. Alright. Yeah. That's on you big dog.  So we need an owner for it, too. Like, don't just get rasped gee whiz. I think it's a good bike.  It's coming back either this weekend or next school starts Yeah, he's got to be He's been working on others like scouting algorithm mixed up that he might want to integrate that could be like really oh my gosh  That would be cool. Is it like predicts what you're going to do in your... predicts performance, which isn't exactly something the drive team wants to see. Well, maybe we can figure out how we do that. Yeah. So yeah, in this, you just configure it. Different types of scoring. Like, well, I put it in for like level one, level two, level three, and then words that would be like keywords that you would extract for each one points.  and then also I added this thing called alternate points like if you wanted to use like a defensive system to work how they're playing defense you could create like a defense point system that you could keep track of too I don't know if it would be of any use you don't have to use it but it's there if someone were to want to and then penalty is as well and then robots broken  And then words to like ignore these are just like words that we don't care about. It doesn't matter. And then we'll say like it's that's just like other config stuff. Yeah, but here's where you put the event in. This is the blue alliance of it. And then the competition name this would be this actually might be deprecated to be to be honest. I don't know. I have to look.  But then we also have, okay, so when you start the match, it'll run timers, but as long as you can just change that as well. So, yeah, you just talk. What if you're in a, like a loud place? I would be relying on wireless gear but it's to filter your voice out, because everyone has those.  No, just like AirPods. Is that a good note? Mm-hmm. I always wonder how that works. Like when I get a phone call on my bike and I'm using the dawn conduction headphones and I can hear people when they get in. That's pretty cool. Well, long of them have like six microphones around your ear and then they like filter out the stuff back here. Like even the twenty-five microphones I get from Amazon. Oh, am I not that? Okay.  And then here, don't steal my API keys, but this is where you'll put in your scout. And then your scout number, I'll explain what scout number is in a second. So everybody would have a copy of this running on their computers. Does it hit a central database? Well, just the database, those two. On whoever's computer you want to. So how does that work in a comp where we don't have connected it? Um, you save it in here. Uh, I was given that too, so I think it's...  No, okay, so root path you just set this to a USB stick and then you know probably USB stick plug it into the main person's computer and then there's like an import mechanism which I haven't actually fully finished it works, but I don't have a way to like specify the import import folder yet, which I'll add that actually  We really like it. You and I scout at the same match. It has similar keys to them. It merges them. It doesn't override them. It will override them if two people scout at the same team at the same match. Because we only have one scout per team.  Got it. So we have three people's scholars. Five people's scholars. Six. Coming up. Oh, yeah. I thought I had to like the art. I can't understand what I got in there. I used to have a crazy one. Now I even feel that. But I've got the watch. I love these gloves. You have a full finger gloves. Yeah. In the same room, how do you do that? Because I got good ones that are breathable.  Okay, okay, so yeah, they'll be a blue alliance API key and then you can use like AI for like some reason stuff There are a lot of AI models on open router that are free So I say you can use open router you can use Gemini if you want to use like a pay version You can use that too. It doesn't really matter so you just put in like the API or like the  End point the model name, which is also just whatever. It's just a hash that they give you that they check that when you send a request. It's like associates it with your account. So if you aren't paying money, then it's just for real limits. If you are paying money, then it's for usage. Alright, lots of good things stuff.  I don't even know that. It's sad, but it's still very scary. OK. So one would configure all that. And then here's the stuff. Yes. So we'll say match number, like, 56. Yeah. And then, so scout. And that's the team I'm scouting. That's the team you're scouting. OK.  You can use a drop down and select another team if for some reason something happened and you had to scout another team. But the scout number is just like the scout number every scout gets a unique number of matches. So team the configuration.  You don't have to worry about that. That's just what the scout number does. Because there are six teams. I just do it. It's like the fifth one. Yep. And then you predict the one that she thinks is going to win. And so good.  Cids tool. You can also put it down. Yeah, but then you probably don't want to show them that. Sink with match time, and you just pull it out of the scissors. No, that's just that's like you click it when the matches on the match starts. Okay, so now the matches started. And there's a lot of background noise and the microphones on my laptop are not great. As we can see, it's not picking anything up at all crap. I wonder why it's not doing that.  That's not great.
2026-08-07 15:37:08.321 - RealTimeSTT: realtimestt - DEBUG - Current realtime buffer size: 7411200
2026-08-07 15:37:08.798 - RealTimeSTT: realtimestt - DEBUG - _audio_data_worker writing audio data into queue.
2026-08-07 15:37:09.823 - RealTimeSTT: realtimestt - DEBUG - _audio_data_worker writing audio data into queue.
2026-08-07 15:37:10.846 - RealTimeSTT: realtimestt - DEBUG - _audio_data_worker writing audio data into queue.
2026-08-07 15:37:11.870 - RealTimeSTT: realtimestt - DEBUG - _audio_data_worker writing audio data into queue.
2026-08-07 15:37:12.894 - RealTimeSTT: realtimestt - DEBUG - _audio_data_worker writing audio data into queue.
2026-08-07 15:37:13.918 - RealTimeSTT: realtimestt - DEBUG - _audio_data_worker writing audio data into queue.
2026-08-07 15:37:14.942 - RealTimeSTT: realtimestt - DEBUG - _audio_data_worker writing audio data into queue.
2026-08-07 15:37:15.966 - RealTimeSTT: realtimestt - DEBUG - _audio_data_worker writing audio data into queue.
2026-08-07 15:37:16.990 - RealTimeSTT: realtimestt - DEBUG - _audio_data_worker writing audio data into queue.
2026-08-07 15:37:18.014 - RealTimeSTT: realtimestt - DEBUG - _audio_data_worker writing audio data into queue.
2026-08-07 15:37:19.038 - RealTimeSTT: realtimestt - DEBUG - _audio_data_worker writing audio data into queue.
2026-08-07 15:37:20.062 - RealTimeSTT: realtimestt - DEBUG - _audio_data_worker writing audio data into queue.
2026-08-07 15:37:21.086 - RealTimeSTT: realtimestt - DEBUG - _audio_data_worker writing audio data into queue.
2026-08-07 15:37:22.110 - RealTimeSTT: realtimestt - DEBUG - _audio_data_worker writing audio data into queue.
2026-08-07 15:37:23.134 - RealTimeSTT: realtimestt - DEBUG - _audio_data_worker writing audio data into queue.
2026-08-07 15:37:24.158 - RealTimeSTT: realtimestt - DEBUG - _audio_data_worker writing audio data into queue.
2026-08-07 15:37:25.182 - RealTimeSTT: realtimestt - DEBUG - _audio_data_worker writing audio data into queue.
2026-08-07 15:37:26.206 - RealTimeSTT: realtimestt - DEBUG - _audio_data_worker writing audio data into queue.
2026-08-07 15:37:27.230 - RealTimeSTT: realtimestt - DEBUG - _audio_data_worker writing audio data into queue.
2026-08-07 15:37:27.311 - RealTimeSTT: realtimestt - DEBUG - Finishing recording thread
2026-08-07 15:37:27.329 - RealTimeSTT: realtimestt - DEBUG - Terminating reader process
2026-08-07 15:37:27.351 - RealTimeSTT: realtimestt - DEBUG - No samples removed, final audio length: 7714304
2026-08-07 15:37:27.352 - RealTimeSTT: realtimestt - INFO - State changed from 'recording' to 'inactive'
2026-08-07 15:37:27.435 - RealTimeSTT: realtimestt - DEBUG - Terminating transcription process
2026-08-07 15:37:27.436 - RealTimeSTT: realtimestt - DEBUG - Finishing realtime thread
2026-08-07 15:37:27.952 - RealTimeSTT: realtimestt - DEBUG - Realtime text detected (timer): this sync schedule thing, which will get the schedule from blue alliance and save it. Okay, and then you just put in like match. So how do you tell which comp you're at? There's config files, there's game.json. Okay, so this is Python or user JSON. Yeah, that's really common. And then, so yeah, this is where like all the paths are and stuff. And then, so we can use this in cat city.  Yeah, go for it. Do you want to take some time to show people this tomorrow? Yeah, I'd love to. Okay, great. Let me put that on again. Alright. Yeah. That's on you big dog.  So we need an owner for it, too. Like, don't just get rasped gee whiz. I think it's a good bike.  It's coming back either this weekend or next school starts Yeah, he's got to be He's been working on others like scouting algorithm mixed up that he might want to integrate that could be like really oh my gosh  That would be cool. Is it like predicts what you're going to do in your... predicts performance, which isn't exactly something the drive team wants to see. Well, maybe we can figure out how we do that. Yeah. So yeah, in this, you just configure it. Different types of scoring. Like, well, I put it in for like level one, level two, level three, and then words that would be like keywords that you would extract for each one points.  and then also I added this thing called alternate points like if you wanted to use like a defensive system to work how they're playing defense you could create like a defense point system that you could keep track of too I don't know if it would be of any use you don't have to use it but it's there if someone were to want to and then penalty is as well and then robots broken  And then words to like ignore these are just like words that we don't care about. It doesn't matter. And then we'll say like it's that's just like other config stuff. Yeah, but here's where you put the event in. This is the blue alliance of it. And then the competition name this would be this actually might be deprecated to be to be honest. I don't know. I have to look.  But then we also have, okay, so when you start the match, it'll run timers, but as long as you can just change that as well. So, yeah, you just talk. What if you're in a, like a loud place? I would be relying on wireless gear but it's to filter your voice out, because everyone has those.  No, just like AirPods. Is that a good note? Mm-hmm. I always wonder how that works. Like when I get a phone call on my bike and I'm using the dawn conduction headphones and I can hear people when they get in. That's pretty cool. Well, long of them have like six microphones around your ear and then they like filter out the stuff back here. Like even the twenty-five microphones I get from Amazon. Oh, am I not that? Okay.  And then here, don't steal my API keys, but this is where you'll put in your scout. And then your scout number, I'll explain what scout number is in a second. So everybody would have a copy of this running on their computers. Does it hit a central database? Well, just the database, those two. On whoever's computer you want to. So how does that work in a comp where we don't have connected it? Um, you save it in here. Uh, I was given that too, so I think it's...  No, okay, so root path you just set this to a USB stick and then you know probably USB stick plug it into the main person's computer and then there's like an import mechanism which I haven't actually fully finished it works, but I don't have a way to like specify the import import folder yet, which I'll add that actually  We really like it. You and I scout at the same match. It has similar keys to them. It merges them. It doesn't override them. It will override them if two people scout at the same team at the same match. Because we only have one scout per team.  Got it. So we have three people's scholars. Five people's scholars. Six. Coming up. Oh, yeah. I thought I had to like the art. I can't understand what I got in there. I used to have a crazy one. Now I even feel that. But I've got the watch. I love these gloves. You have a full finger gloves. Yeah. In the same room, how do you do that? Because I got good ones that are breathable.  Okay, okay, so yeah, they'll be a blue alliance API key and then you can use like AI for like some reason stuff There are a lot of AI models on open router that are free So I say you can use open router you can use Gemini if you want to use like a pay version You can use that too. It doesn't really matter so you just put in like the API or like the  End point the model name, which is also just whatever. It's just a hash that they give you that they check that when you send a request. It's like associates it with your account. So if you aren't paying money, then it's just for real limits. If you are paying money, then it's for usage. Alright, lots of good things stuff.  I don't even know that. It's sad, but it's still very scary. OK. So one would configure all that. And then here's the stuff. Yes. So we'll say match number, like, 56. Yeah. And then, so scout. And that's the team I'm scouting. That's the team you're scouting. OK.  You can use a drop down and select another team if for some reason something happened and you had to scout another team. But the scout number is just like the scout number every scout gets a unique number of matches. So team the configuration.  You don't have to worry about that. That's just what the scout number does. Because there are six teams. I just do it. It's like the fifth one. Yep. And then you predict the one that she thinks is going to win. And so good.  Cids tool. You can also put it down. Yeah, but then you probably don't want to show them that. Sink with match time, and you just pull it out of the scissors. No, that's just that's like you click it when the matches on the match starts. Okay, so now the matches started. And there's a lot of background noise and the microphones on my laptop are not great. As we can see, it's not picking anything up at all crap. I wonder why it's not doing that.  That's not great. I started to add that but I didn't finish. So it's like kind of there. What microphone am I using actually? Let's try this. Is this work?
2026-08-07 15:37:27.954 - RealTimeSTT: realtimestt - DEBUG - Realtime worker stopped
2026-08-08 15:53:16.760 - RealTimeSTT: realtimestt - INFO - Starting RealTimeSTT
2026-08-08 15:53:16.761 - RealTimeSTT: realtimestt - INFO - Initializing audio recording (creating pyAudio input stream, sample rate: 16000 buffer size: 512
2026-08-08 15:53:16.761 - RealTimeSTT: realtimestt - INFO - Initializing faster_whisper realtime transcription model tiny.en, default device: cpu, compute type: default, device index: 0, download root: None
2026-08-08 15:53:16.768 - RealTimeSTT: realtimestt - DEBUG - Starting audio data worker with target_sample_rate=16000, buffer_size=512, input_device_index=None
2026-08-08 15:53:16.768 - RealTimeSTT: realtimestt - DEBUG - Creating PyAudio interface...
2026-08-08 15:53:16.928 - RealTimeSTT: realtimestt - DEBUG - No device index supplied; using default device 12
2026-08-08 15:53:16.928 - RealTimeSTT: realtimestt - DEBUG - Retrieving highest sample rate for device index 12: {'index': 12, 'structVersion': 2, 'name': 'default', 'hostApi': 0, 'maxInputChannels': 128, 'maxOutputChannels': 128, 'defaultLowInputLatency': 0.008707482993197279, 'defaultLowOutputLatency': 0.008707482993197279, 'defaultHighInputLatency': 0.034829931972789115, 'defaultHighOutputLatency': 0.034829931972789115, 'defaultSampleRate': 44100.0}
2026-08-08 15:53:16.928 - RealTimeSTT: realtimestt - DEBUG - Highest supported sample rate for device index 12 is 44100
2026-08-08 15:53:16.928 - RealTimeSTT: realtimestt - DEBUG - Sample rates to try for device 12: [16000, 44100]
2026-08-08 15:53:16.928 - RealTimeSTT: realtimestt - DEBUG - Attempting to initialize audio stream at 16000 Hz.
2026-08-08 15:53:16.928 - RealTimeSTT: realtimestt - DEBUG - Found 25 total audio devices on the system.
2026-08-08 15:53:16.928 - RealTimeSTT: realtimestt - DEBUG - Available input devices with input channels: [1, 3, 10, 12, 13, 14, 15, 16, 17, 18, 19, 20, 21, 22, 23, 24]
2026-08-08 15:53:16.928 - RealTimeSTT: realtimestt - DEBUG - Validating device index 12 with info: {'index': 12, 'structVersion': 2, 'name': 'default', 'hostApi': 0, 'maxInputChannels': 128, 'maxOutputChannels': 128, 'defaultLowInputLatency': 0.008707482993197279, 'defaultLowOutputLatency': 0.008707482993197279, 'defaultHighInputLatency': 0.034829931972789115, 'defaultHighOutputLatency': 0.034829931972789115, 'defaultSampleRate': 44100.0}
2026-08-08 15:53:17.082 - RealTimeSTT: realtimestt - DEBUG - Device index 12 successfully validated.
2026-08-08 15:53:17.082 - RealTimeSTT: realtimestt - DEBUG - Opening stream with device index 12, sample_rate=16000, chunk_size=1024
2026-08-08 15:53:17.092 - RealTimeSTT: realtimestt - INFO - Microphone connected and validated (device index: 12, sample rate: 16000, chunk size: 1024)
2026-08-08 15:53:17.092 - RealTimeSTT: realtimestt - DEBUG - Audio recording initialized successfully at 16000 Hz, reading 1024 frames at a time
2026-08-08 15:53:17.796 - RealTimeSTT: realtimestt - DEBUG - faster_whisper realtime speech to text transcription model initialized successfully
2026-08-08 15:53:17.796 - RealTimeSTT: realtimestt - INFO - Initializing WebRTC voice with Sensitivity 3
2026-08-08 15:53:17.796 - RealTimeSTT: realtimestt - DEBUG - WebRTC VAD voice activity detection engine initialized successfully
2026-08-08 15:53:17.802 - RealTimeSTT: realtimestt - DEBUG - Silero VAD voice activity detection engine initialized successfully with backend raw_onnx_ifless
2026-08-08 15:53:17.804 - RealTimeSTT: realtimestt - DEBUG - Starting realtime worker
2026-08-08 15:53:17.804 - RealTimeSTT: realtimestt - DEBUG - Waiting for main transcription model to start
2026-08-08 15:53:17.988 - RealTimeSTT: realtimestt - DEBUG - Main transcription model ready
2026-08-08 15:53:17.988 - RealTimeSTT: realtimestt - DEBUG - RealtimeSTT initialization completed successfully
2026-08-08 15:53:17.988 - RealTimeSTT: realtimestt - INFO - Setting listen time
2026-08-08 15:53:17.988 - RealTimeSTT: realtimestt - INFO - State changed from 'inactive' to 'listening'
2026-08-08 15:53:17.989 - RealTimeSTT: realtimestt - DEBUG - Waiting for recording start
2026-08-08 15:53:18.189 - RealTimeSTT: realtimestt - DEBUG - _audio_data_worker writing audio data into queue.
2026-08-08 15:53:18.704 - RealTimeSTT: realtimestt - INFO - voice activity detected
2026-08-08 15:53:18.704 - RealTimeSTT: realtimestt - INFO - recording started
2026-08-08 15:53:18.704 - RealTimeSTT: realtimestt - INFO - State changed from 'listening' to 'recording'
2026-08-08 15:53:18.704 - RealTimeSTT: realtimestt - DEBUG - Waiting for recording stop
2026-08-08 15:53:19.192 - RealTimeSTT: realtimestt - DEBUG - Current realtime buffer size: 22528
2026-08-08 15:53:19.213 - RealTimeSTT: realtimestt - DEBUG - _audio_data_worker writing audio data into queue.
2026-08-08 15:53:19.498 - RealTimeSTT: realtimestt - DEBUG - Realtime text detected (timer): What?
2026-08-08 15:53:19.692 - RealTimeSTT: realtimestt - DEBUG - Current realtime buffer size: 30720
2026-08-08 15:53:20.047 - RealTimeSTT: realtimestt - DEBUG - Realtime text detected (timer): What? Jesus.
2026-08-08 15:53:20.193 - RealTimeSTT: realtimestt - DEBUG - Current realtime buffer size: 38912
2026-08-08 15:53:20.237 - RealTimeSTT: realtimestt - DEBUG - _audio_data_worker writing audio data into queue.
2026-08-08 15:53:20.504 - RealTimeSTT: realtimestt - DEBUG - Realtime text detected (timer): What?
2026-08-08 15:53:20.693 - RealTimeSTT: realtimestt - DEBUG - Current realtime buffer size: 47104
2026-08-08 15:53:21.071 - RealTimeSTT: realtimestt - DEBUG - Realtime text detected (timer): What? Do you spot us with that?
2026-08-08 15:53:21.194 - RealTimeSTT: realtimestt - DEBUG - Current realtime buffer size: 55296
2026-08-08 15:53:21.261 - RealTimeSTT: realtimestt - DEBUG - _audio_data_worker writing audio data into queue.
2026-08-08 15:53:21.553 - RealTimeSTT: realtimestt - DEBUG - Realtime text detected (timer): What? Do you spot us with an olive?
2026-08-08 15:53:21.695 - RealTimeSTT: realtimestt - DEBUG - Current realtime buffer size: 63488
2026-08-08 15:53:22.015 - RealTimeSTT: realtimestt - DEBUG - Realtime text detected (timer): What?
2026-08-08 15:53:22.195 - RealTimeSTT: realtimestt - DEBUG - Current realtime buffer size: 70656
2026-08-08 15:53:22.285 - RealTimeSTT: realtimestt - DEBUG - _audio_data_worker writing audio data into queue.
2026-08-08 15:53:22.481 - RealTimeSTT: realtimestt - DEBUG - Realtime text detected (timer): What?
2026-08-08 15:53:22.695 - RealTimeSTT: realtimestt - DEBUG - Current realtime buffer size: 78848
2026-08-08 15:53:23.002 - RealTimeSTT: realtimestt - DEBUG - Realtime text detected (timer): What?
2026-08-08 15:53:23.195 - RealTimeSTT: realtimestt - DEBUG - Current realtime buffer size: 87040
2026-08-08 15:53:23.309 - RealTimeSTT: realtimestt - DEBUG - _audio_data_worker writing audio data into queue.
2026-08-08 15:53:23.626 - RealTimeSTT: realtimestt - DEBUG - Realtime text detected (timer): What? She's quite a sweetheart. It's open to me. All my comments.
2026-08-08 15:53:23.696 - RealTimeSTT: realtimestt - DEBUG - Current realtime buffer size: 95232
2026-08-08 15:53:23.992 - RealTimeSTT: realtimestt - DEBUG - Realtime text detected (timer): What?
2026-08-08 15:53:24.196 - RealTimeSTT: realtimestt - DEBUG - Current realtime buffer size: 103424
2026-08-08 15:53:24.333 - RealTimeSTT: realtimestt - DEBUG - _audio_data_worker writing audio data into queue.
2026-08-08 15:53:24.503 - RealTimeSTT: realtimestt - DEBUG - Realtime text detected (timer): Yeah, correct.
2026-08-08 15:53:24.697 - RealTimeSTT: realtimestt - DEBUG - Current realtime buffer size: 111616
2026-08-08 15:53:25.036 - RealTimeSTT: realtimestt - DEBUG - Realtime text detected (timer): Yeah, corrects the opening I fight
2026-08-08 15:53:25.198 - RealTimeSTT: realtimestt - DEBUG - Current realtime buffer size: 119808
2026-08-08 15:53:25.357 - RealTimeSTT: realtimestt - DEBUG - _audio_data_worker writing audio data into queue.
2026-08-08 15:53:25.551 - RealTimeSTT: realtimestt - DEBUG - Realtime text detected (timer): Yeah, corrects over the five point six terror.
2026-08-08 15:53:25.699 - RealTimeSTT: realtimestt - DEBUG - Current realtime buffer size: 127488
2026-08-08 15:53:26.071 - RealTimeSTT: realtimestt - DEBUG - Realtime text detected (timer): Yeah, corrects over the five point six terror.
2026-08-08 15:53:26.200 - RealTimeSTT: realtimestt - DEBUG - Current realtime buffer size: 135168
2026-08-08 15:53:26.381 - RealTimeSTT: realtimestt - DEBUG - _audio_data_worker writing audio data into queue.
2026-08-08 15:53:26.569 - RealTimeSTT: realtimestt - DEBUG - Realtime text detected (timer): Yeah, corrects over the five point six terror.
2026-08-08 15:53:26.700 - RealTimeSTT: realtimestt - DEBUG - Current realtime buffer size: 143360
2026-08-08 15:53:27.095 - RealTimeSTT: realtimestt - DEBUG - Realtime text detected (timer): Yeah, corrects over the five point six terror.
2026-08-08 15:53:27.201 - RealTimeSTT: realtimestt - DEBUG - Current realtime buffer size: 151552
2026-08-08 15:53:27.406 - RealTimeSTT: realtimestt - DEBUG - _audio_data_worker writing audio data into queue.
2026-08-08 15:53:27.552 - RealTimeSTT: realtimestt - DEBUG - Realtime text detected (timer): Yeah, corrects over the five point six terror
2026-08-08 15:53:27.701 - RealTimeSTT: realtimestt - DEBUG - Current realtime buffer size: 159744
2026-08-08 15:53:28.087 - RealTimeSTT: realtimestt - DEBUG - Realtime text detected (timer): Yeah, corrects over the five point six terror
2026-08-08 15:53:28.202 - RealTimeSTT: realtimestt - DEBUG - Current realtime buffer size: 167936
2026-08-08 15:53:28.429 - RealTimeSTT: realtimestt - DEBUG - _audio_data_worker writing audio data into queue.
2026-08-08 15:53:28.560 - RealTimeSTT: realtimestt - DEBUG - Realtime text detected (timer): Yeah, corrects open AI 5.6 terror.
2026-08-08 15:53:28.702 - RealTimeSTT: realtimestt - DEBUG - Current realtime buffer size: 176128
2026-08-08 15:53:29.097 - RealTimeSTT: realtimestt - DEBUG - Realtime text detected (timer): Oh my god. Yeah, correct. Open the five point six terror.
2026-08-08 15:53:29.203 - RealTimeSTT: realtimestt - DEBUG - Current realtime buffer size: 184320
2026-08-08 15:53:29.453 - RealTimeSTT: realtimestt - DEBUG - _audio_data_worker writing audio data into queue.
2026-08-08 15:53:29.565 - RealTimeSTT: realtimestt - DEBUG - Realtime text detected (timer): Yeah, corrects over the five point six terror
2026-08-08 15:53:29.703 - RealTimeSTT: realtimestt - DEBUG - Current realtime buffer size: 190464
2026-08-08 15:53:30.073 - RealTimeSTT: realtimestt - DEBUG - Realtime text detected (timer): Yeah, corrects open AI 5.6 terror.
2026-08-08 15:53:30.203 - RealTimeSTT: realtimestt - DEBUG - Current realtime buffer size: 198656
2026-08-08 15:53:30.477 - RealTimeSTT: realtimestt - DEBUG - _audio_data_worker writing audio data into queue.
2026-08-08 15:53:30.592 - RealTimeSTT: realtimestt - DEBUG - Realtime text detected (timer): Yeah, corrects open AI, 5.6 terror.
2026-08-08 15:53:30.704 - RealTimeSTT: realtimestt - DEBUG - Current realtime buffer size: 206848
2026-08-08 15:53:31.076 - RealTimeSTT: realtimestt - DEBUG - Realtime text detected (timer): Yeah, corrects open AI 5.6 terror.
2026-08-08 15:53:31.205 - RealTimeSTT: realtimestt - DEBUG - Current realtime buffer size: 215040
2026-08-08 15:53:31.501 - RealTimeSTT: realtimestt - DEBUG - _audio_data_worker writing audio data into queue.
2026-08-08 15:53:31.605 - RealTimeSTT: realtimestt - DEBUG - Realtime text detected (timer): Yeah, corrects open AI 5.6 terror.
2026-08-08 15:53:31.706 - RealTimeSTT: realtimestt - DEBUG - Current realtime buffer size: 223232
2026-08-08 15:53:32.102 - RealTimeSTT: realtimestt - DEBUG - Realtime text detected (timer): Yeah, correct. Open AI 5.6 terror.
2026-08-08 15:53:32.206 - RealTimeSTT: realtimestt - DEBUG - Current realtime buffer size: 231424
2026-08-08 15:53:32.525 - RealTimeSTT: realtimestt - DEBUG - _audio_data_worker writing audio data into queue.
2026-08-08 15:53:32.589 - RealTimeSTT: realtimestt - DEBUG - Realtime text detected (timer): Yeah, corrects open AI 5.6 terror.
2026-08-08 15:53:32.707 - RealTimeSTT: realtimestt - DEBUG - Current realtime buffer size: 239616
2026-08-08 15:53:33.134 - RealTimeSTT: realtimestt - DEBUG - Realtime text detected (timer): Yeah, correct. Open AI 5.6.
2026-08-08 15:53:33.207 - RealTimeSTT: realtimestt - DEBUG - Current realtime buffer size: 246784
2026-08-08 15:53:33.549 - RealTimeSTT: realtimestt - DEBUG - _audio_data_worker writing audio data into queue.
2026-08-08 15:53:33.635 - RealTimeSTT: realtimestt - DEBUG - Realtime text detected (timer): Yeah, correct. Open AI 5.6 terror.
2026-08-08 15:53:33.708 - RealTimeSTT: realtimestt - DEBUG - Current realtime buffer size: 254976
2026-08-08 15:53:34.120 - RealTimeSTT: realtimestt - DEBUG - Realtime text detected (timer): Yeah, correct. Open AI 5.6 terror.
2026-08-08 15:53:34.208 - RealTimeSTT: realtimestt - DEBUG - Current realtime buffer size: 263168
2026-08-08 15:53:34.573 - RealTimeSTT: realtimestt - DEBUG - _audio_data_worker writing audio data into queue.
2026-08-08 15:53:34.579 - RealTimeSTT: realtimestt - DEBUG - Realtime text detected (timer): Yeah, correct. Open AI 5.6 terror.
2026-08-08 15:53:34.708 - RealTimeSTT: realtimestt - DEBUG - Current realtime buffer size: 271360
2026-08-08 15:53:35.104 - RealTimeSTT: realtimestt - DEBUG - Realtime text detected (timer): Yeah, correct. Open AI 5.6 terror.
2026-08-08 15:53:35.209 - RealTimeSTT: realtimestt - DEBUG - Current realtime buffer size: 279552
2026-08-08 15:53:35.578 - RealTimeSTT: realtimestt - DEBUG - Realtime text detected (timer): Yeah, correct. Open AI 5.6 terror.
2026-08-08 15:53:35.597 - RealTimeSTT: realtimestt - DEBUG - _audio_data_worker writing audio data into queue.
2026-08-08 15:53:35.710 - RealTimeSTT: realtimestt - DEBUG - Current realtime buffer size: 287744
2026-08-08 15:53:36.100 - RealTimeSTT: realtimestt - DEBUG - Realtime text detected (timer): Yeah, correct. Open AI 5.6. Yeah, this one I wrote myself.
2026-08-08 15:53:36.210 - RealTimeSTT: realtimestt - DEBUG - Current realtime buffer size: 295936
2026-08-08 15:53:36.621 - RealTimeSTT: realtimestt - DEBUG - _audio_data_worker writing audio data into queue.
2026-08-08 15:53:36.660 - RealTimeSTT: realtimestt - DEBUG - Realtime text detected (timer): Yeah, correct. Open AI 5.6. Yeah, this one I wrote myself.
2026-08-08 15:53:36.711 - RealTimeSTT: realtimestt - DEBUG - Current realtime buffer size: 304128
2026-08-08 15:53:37.176 - RealTimeSTT: realtimestt - DEBUG - Realtime text detected (timer): Yeah, correct. Open AI 5.6. Yeah, this one I wrote myself. Is this is like you think that? Yes
2026-08-08 15:53:37.211 - RealTimeSTT: realtimestt - DEBUG - Current realtime buffer size: 311296
2026-08-08 15:53:37.645 - RealTimeSTT: realtimestt - DEBUG - _audio_data_worker writing audio data into queue.
2026-08-08 15:53:37.717 - RealTimeSTT: realtimestt - DEBUG - Realtime text detected (timer): Yeah, correct. Open AI 5.6. Yeah, this one I wrote myself. Is this is like you think that? Yes
2026-08-08 15:53:37.718 - RealTimeSTT: realtimestt - DEBUG - Current realtime buffer size: 319488
2026-08-08 15:53:38.131 - RealTimeSTT: realtimestt - DEBUG - Realtime text detected (timer): Yeah, correct. Open AI 5.6 terror.
2026-08-08 15:53:38.219 - RealTimeSTT: realtimestt - DEBUG - Current realtime buffer size: 327680
2026-08-08 15:53:38.669 - RealTimeSTT: realtimestt - DEBUG - _audio_data_worker writing audio data into queue.
2026-08-08 15:53:38.762 - RealTimeSTT: realtimestt - DEBUG - Realtime text detected (timer): Yeah, correct. Open AI 5.6. Yeah, this one I wrote myself. Is this is like you guys? Yes. Hey, hi
2026-08-08 15:53:38.763 - RealTimeSTT: realtimestt - DEBUG - Current realtime buffer size: 336896
2026-08-08 15:53:39.298 - RealTimeSTT: realtimestt - DEBUG - Realtime text detected (timer): Yeah, correct. Open AI 5.6. Yeah, this one I wrote myself. Is this is pike you think that? Yes. Hey, pike you.
2026-08-08 15:53:39.299 - RealTimeSTT: realtimestt - DEBUG - Current realtime buffer size: 345088
2026-08-08 15:53:39.693 - RealTimeSTT: realtimestt - DEBUG - _audio_data_worker writing audio data into queue.
2026-08-08 15:53:39.768 - RealTimeSTT: realtimestt - DEBUG - Realtime text detected (timer): Yeah, correct. Open AI 5.6. Yeah, this one I wrote myself. Is this is pike you two guys? Yes. Hey, pike you two is
2026-08-08 15:53:39.800 - RealTimeSTT: realtimestt - DEBUG - Current realtime buffer size: 353280
2026-08-08 15:53:40.298 - RealTimeSTT: realtimestt - DEBUG - Realtime text detected (timer): Yeah, correct. Open AI 5.6. Yeah, this one I wrote myself. Is this is pike you two guys? Yes. Hey, pike you two is
2026-08-08 15:53:40.300 - RealTimeSTT: realtimestt - DEBUG - Current realtime buffer size: 361472
2026-08-08 15:53:40.717 - RealTimeSTT: realtimestt - DEBUG - _audio_data_worker writing audio data into queue.
2026-08-08 15:53:40.796 - RealTimeSTT: realtimestt - DEBUG - Realtime text detected (timer): Yeah, correct. Open AI 5.6. Yeah, you said 5.6. Yeah, this one I wrote myself. Is this this is pike you think that? Yes. Hey, pike you two is
2026-08-08 15:53:40.800 - RealTimeSTT: realtimestt - DEBUG - Current realtime buffer size: 368640
2026-08-08 15:53:41.314 - RealTimeSTT: realtimestt - DEBUG - Realtime text detected (timer): Yeah, correct. Open AI 5.6. Yeah, this one I wrote myself. Is this this is pike you? Yes. Hey, pike you two is
2026-08-08 15:53:41.315 - RealTimeSTT: realtimestt - DEBUG - Current realtime buffer size: 376832
2026-08-08 15:53:41.741 - RealTimeSTT: realtimestt - DEBUG - _audio_data_worker writing audio data into queue.
2026-08-08 15:53:41.761 - RealTimeSTT: realtimestt - DEBUG - Realtime text detected (timer): Yeah, correct. Open AI 5.6. Yeah, this one I wrote myself. Is this this is pike you? Yes. Yes. Hey, pike you two is
2026-08-08 15:53:41.816 - RealTimeSTT: realtimestt - DEBUG - Current realtime buffer size: 385024
2026-08-08 15:53:42.274 - RealTimeSTT: realtimestt - DEBUG - Realtime text detected (timer): Yeah, correct. Open AI 5.6. Yeah, this one I wrote myself. Is this this is pike you? Yes, hey pike you two is a cross platform
2026-08-08 15:53:42.317 - RealTimeSTT: realtimestt - DEBUG - Current realtime buffer size: 393216
2026-08-08 15:53:42.765 - RealTimeSTT: realtimestt - DEBUG - _audio_data_worker writing audio data into queue.
2026-08-08 15:53:42.924 - RealTimeSTT: realtimestt - DEBUG - Realtime text detected (timer): Yeah, correct. Open AI 5.6. Yeah, this one I wrote myself. Is this is like you guys? Yes. Hey, pike you two is a cross platform and I
2026-08-08 15:53:42.926 - RealTimeSTT: realtimestt - DEBUG - Current realtime buffer size: 402432
2026-08-08 15:53:43.396 - RealTimeSTT: realtimestt - DEBUG - Realtime text detected (timer): Yeah, correct. Open AI 5.6. Yeah, this one I wrote myself. Is this this is pike you? Yes. Hey, pike you two is a cross platform and I can
2026-08-08 15:53:43.428 - RealTimeSTT: realtimestt - DEBUG - Current realtime buffer size: 410624
2026-08-08 15:53:43.789 - RealTimeSTT: realtimestt - DEBUG - _audio_data_worker writing audio data into queue.
2026-08-08 15:53:44.028 - RealTimeSTT: realtimestt - DEBUG - Realtime text detected (timer): Yeah, correct. Open AI 5.6. Yeah, this one I wrote myself. Is this is like you guys? Yes. Hey, pike you two is a cross platform and I can wrap it up and
2026-08-08 15:53:44.029 - RealTimeSTT: realtimestt - DEBUG - Current realtime buffer size: 419840
2026-08-08 15:53:44.638 - RealTimeSTT: realtimestt - DEBUG - Realtime text detected (timer): Yeah, correct. Open AI 5.6. Yeah, this one I wrote myself. Is this this is pike you? Yes. Yes. Hey, pike you two is a cross platform and I can wrap it up in two decks.
2026-08-08 15:53:44.639 - RealTimeSTT: realtimestt - DEBUG - Current realtime buffer size: 430080
2026-08-08 15:53:44.814 - RealTimeSTT: realtimestt - DEBUG - _audio_data_worker writing audio data into queue.
2026-08-08 15:53:45.281 - RealTimeSTT: realtimestt - DEBUG - Realtime text detected (timer): Yeah, correct. Open AI 5.6. Yeah, this one I wrote myself. Is this this is pike you? Yes. Yes. Hey, pike you two is it's cross platform and I can wrap it up in too executable. So
2026-08-08 15:53:45.283 - RealTimeSTT: realtimestt - DEBUG - Current realtime buffer size: 440320
2026-08-08 15:53:45.837 - RealTimeSTT: realtimestt - DEBUG - _audio_data_worker writing audio data into queue.
2026-08-08 15:53:45.971 - RealTimeSTT: realtimestt - DEBUG - Realtime text detected (timer): Yeah, correct. Open AI 5.6. Yeah, this one I wrote myself. Is this this is pike you? Yes. Yes. Hey, pike you two is it's a lot cross platform and I can wrap it up in too executable. So it's better than
2026-08-08 15:53:45.973 - RealTimeSTT: realtimestt - DEBUG - Current realtime buffer size: 451584
2026-08-08 15:53:46.861 - RealTimeSTT: realtimestt - DEBUG - _audio_data_worker writing audio data into queue.
2026-08-08 15:53:47.047 - RealTimeSTT: realtimestt - DEBUG - Realtime text detected (timer): What? It's over there. Oh my god. Yeah, correct. It's over there. I, 5.6, Tara. Oh, I did. He's done that. Yeah, I was about to do so. Well, you said 5.6. Yeah. This one I wrote myself. Is this, is this pike you think that? Yes. Shh. Hey, pike you two is, it's easy to cross platform and I can wrap it up in two. Executable. So it's better than taking two.
2026-08-08 15:53:47.051 - RealTimeSTT: realtimestt - DEBUG - Current realtime buffer size: 468992
2026-08-08 15:53:47.885 - RealTimeSTT: realtimestt - DEBUG - _audio_data_worker writing audio data into queue.
2026-08-08 15:53:47.964 - RealTimeSTT: realtimestt - DEBUG - Realtime text detected (timer): Yeah, corrects, open AI 5.6 terra. Oh, I did. Yeah, that was awesome. Well, you said 5.6. Yeah, this one I wrote myself. Is this this is pike you think that? Yes. Hey, pike you two is it's a lot cross platform and I can wrap it up in too executable. So it's better than taking it. It is better than taking it.
2026-08-08 15:53:47.969 - RealTimeSTT: realtimestt - DEBUG - Current realtime buffer size: 483328
2026-08-08 15:53:48.905 - RealTimeSTT: realtimestt - DEBUG - Realtime text detected (timer): Yeah, corrects, open AI 5.6 terra. Oh, I did. Yeah, that was awesome. Well, you said 5.6. Yeah, this one I wrote myself. Is this, is this pike you think that? Yes. Hey, pike you two is, it's easy to cross platform and I can wrap it up in two, it's executable. So it's better than security. It is better than TCP. Is it a voice command?
2026-08-08 15:53:48.907 - RealTimeSTT: realtimestt - DEBUG - Current realtime buffer size: 497664
2026-08-08 15:53:48.909 - RealTimeSTT: realtimestt - DEBUG - _audio_data_worker writing audio data into queue.
2026-08-08 15:53:49.593 - RealTimeSTT: realtimestt - DEBUG - Realtime text detected (timer): Yeah, correct. Open AI 5.6. Yeah, this one I wrote myself. Is this is pike you two guys? Yes. Hey, pike you two is  cross-platform and I can wrap it up in 2D executable. So it's better than 2G. It is better than 2G. It is better than 2G. Yes.
2026-08-08 15:53:49.596 - RealTimeSTT: realtimestt - DEBUG - Current realtime buffer size: 509952
2026-08-08 15:53:49.933 - RealTimeSTT: realtimestt - DEBUG - _audio_data_worker writing audio data into queue.
2026-08-08 15:53:50.208 - RealTimeSTT: realtimestt - DEBUG - Realtime text detected (timer): Yeah, correct. Open AI 5.6. Yeah, this one I wrote myself. Is this is pike you two guys? Yes. Hey, pike you two is  cross-platform and I can wrap it up in 2D executable. So it's better than 2G. It is better than 2G. It is better than 2G. Yes.
2026-08-08 15:53:50.209 - RealTimeSTT: realtimestt - DEBUG - Current realtime buffer size: 520192
2026-08-08 15:53:50.850 - RealTimeSTT: realtimestt - DEBUG - Realtime text detected (timer): Yeah, correct. Open AI 5.6. Yeah, this one I wrote myself. Is this is pike you two guys? Yes. Hey, pike you two is  cross-platform and I can wrap it up in 2D executable so it's better than 2G. It is better than 2G. It is better than 2G. Yes.
2026-08-08 15:53:50.852 - RealTimeSTT: realtimestt - DEBUG - Current realtime buffer size: 529408
2026-08-08 15:53:50.957 - RealTimeSTT: realtimestt - DEBUG - _audio_data_worker writing audio data into queue.
2026-08-08 15:53:51.499 - RealTimeSTT: realtimestt - DEBUG - Realtime text detected (timer): Yeah, correct. Open AI 5.6. Yeah, this one I wrote myself. Is this is pike you two guys? Yes. Hey, pike you two is  cross-platform and I can wrap it up in 2D executable. So it's better than 2G. It is better than 2G. It is better than 2G. Yes.
2026-08-08 15:53:51.501 - RealTimeSTT: realtimestt - DEBUG - Current realtime buffer size: 540672
2026-08-08 15:53:51.981 - RealTimeSTT: realtimestt - DEBUG - _audio_data_worker writing audio data into queue.
2026-08-08 15:53:52.143 - RealTimeSTT: realtimestt - DEBUG - Realtime text detected (timer): Yeah, correct. Open AI 5.6. Yeah, this one I wrote myself. Is this is pike you two guys? Yes. Hey, pike you two is  cross-platform and I can wrap it up in 2D executable so it's better than 2G. It is better than 2G. It is better than 2G.
2026-08-08 15:53:52.145 - RealTimeSTT: realtimestt - DEBUG - Current realtime buffer size: 549888
2026-08-08 15:53:52.793 - RealTimeSTT: realtimestt - DEBUG - Realtime text detected (timer): Yeah, correct. Open AI 5.6. Yeah, this one I wrote myself. Is this is pike you two guys? Yes. Hey, pike you two is  cross-platform and I can wrap it up in 2D executable so it's better than 2G. It is better than 2G. It is better than 2G.
2026-08-08 15:53:52.795 - RealTimeSTT: realtimestt - DEBUG - Current realtime buffer size: 561152
2026-08-08 15:53:53.005 - RealTimeSTT: realtimestt - DEBUG - _audio_data_worker writing audio data into queue.
2026-08-08 15:53:53.460 - RealTimeSTT: realtimestt - DEBUG - Realtime text detected (timer): Yeah, correct. Open AI 5.6. Yeah, this one I wrote myself. Is this is pike you two guys? Yes. Hey, pike you two is  cross-platform and I can wrap it up in two-dexicutable so it's better than zickensors. It is better than t-sit to voice commands. Yes. So instead of like looking
2026-08-08 15:53:53.462 - RealTimeSTT: realtimestt - DEBUG - Current realtime buffer size: 571392
2026-08-08 15:53:54.029 - RealTimeSTT: realtimestt - DEBUG - _audio_data_worker writing audio data into queue.
2026-08-08 15:53:54.125 - RealTimeSTT: realtimestt - DEBUG - Realtime text detected (timer): Yeah, correct. Open AI 5.6. Yeah, this one I wrote myself. Is this is pike you two guys? Yes. Hey, pike you two is  cross-platform and I can wrap it up in two-dexicutable so it's better than zikintu. It is better than Tisa to voice commands. Yes. So instead of like looking at your phone
2026-08-08 15:53:54.127 - RealTimeSTT: realtimestt - DEBUG - Current realtime buffer size: 582656
2026-08-08 15:53:54.836 - RealTimeSTT: realtimestt - DEBUG - Realtime text detected (timer): Yeah, correct. Open AI 5.6. Yeah, this one I wrote myself. Is this is pike you two guys? Yes. Hey, pike you two is  cross-platform and I can wrap it up in two-dexicutable so it's better than zikim-z. It is better than tz to voice commands. Yes. So instead of like looking at your phone and typing stuff.
2026-08-08 15:53:54.837 - RealTimeSTT: realtimestt - DEBUG - Current realtime buffer size: 593920
2026-08-08 15:53:55.053 - RealTimeSTT: realtimestt - DEBUG - _audio_data_worker writing audio data into queue.
2026-08-08 15:53:55.554 - RealTimeSTT: realtimestt - DEBUG - Realtime text detected (timer): Yeah, correct. Open AI 5.6. Yeah, this one I wrote myself. Is this is pike you two guys? Yes. Hey, pike you two is  cross-platform and I can wrap it up in two-dexicutable so it's better than zikim-z. It is better than tz to voice commands. Yes. So instead of like looking at your phone and typing stuff or clicking
2026-08-08 15:53:55.556 - RealTimeSTT: realtimestt - DEBUG - Current realtime buffer size: 604160
2026-08-08 15:53:56.077 - RealTimeSTT: realtimestt - DEBUG - _audio_data_worker writing audio data into queue.
2026-08-08 15:53:56.251 - RealTimeSTT: realtimestt - DEBUG - Realtime text detected (timer): Yeah, correct. Open AI 5.6. Yeah, this one I wrote myself. Is this is pike you two guys? Yes. Hey, pike you two is  cross-platform and I can wrap it up in two-dexicutable so it's better than zikintu. It is better than Tisa to voice commands. Yes. So instead of like looking at your phone and typing stuff or putting stuff on a key
2026-08-08 15:53:56.253 - RealTimeSTT: realtimestt - DEBUG - Current realtime buffer size: 616448
2026-08-08 15:53:57.101 - RealTimeSTT: realtimestt - DEBUG - _audio_data_worker writing audio data into queue.
2026-08-08 15:53:57.182 - RealTimeSTT: realtimestt - DEBUG - Realtime text detected (timer): Yeah, correct. Open AI 5.6. Yeah, this one I wrote myself. Is this is pike you two guys? Yes. Hey, pike you two is  cross-platform and I can wrap it up in two-dexicutable so it's better than Zikin. It is better than Tisa to voice commands. Yes. So instead of like looking at your phone and typing stuff or putting stuff on a keyboard.
2026-08-08 15:53:57.184 - RealTimeSTT: realtimestt - DEBUG - Current realtime buffer size: 630784
2026-08-08 15:53:57.963 - RealTimeSTT: realtimestt - DEBUG - Realtime text detected (timer): Yeah, correct. Open AI 5.6. Yeah, this one I wrote myself. Is this is pike you two guys? Yes. Hey, pike you two is  cross platform and I can wrap it up in two-dexicutable so it's better than zikinto it is better than tz to voice commands yes instead of instead of like looking at your phone and typing stuff or putting stuff on a keyboard you just use
2026-08-08 15:53:57.966 - RealTimeSTT: realtimestt - DEBUG - Current realtime buffer size: 644096
2026-08-08 15:53:58.125 - RealTimeSTT: realtimestt - DEBUG - _audio_data_worker writing audio data into queue.
2026-08-08 15:53:58.740 - RealTimeSTT: realtimestt - DEBUG - Realtime text detected (timer): Yeah, correct. Open AI 5.6. Yeah, this one I wrote myself. Is this is pike you two guys? Yes. Hey, pike you two is  cross-platform and I can wrap it up in two-dexicutable so it's better than Zikin. It is better than Tisa to voice commands. Yes. So instead of like looking at your phone and typing stuff or clicking stuff on a keyboard you just use you use
2026-08-08 15:53:58.743 - RealTimeSTT: realtimestt - DEBUG - Current realtime buffer size: 656384
2026-08-08 15:53:59.149 - RealTimeSTT: realtimestt - DEBUG - _audio_data_worker writing audio data into queue.
2026-08-08 15:53:59.583 - RealTimeSTT: realtimestt - DEBUG - Realtime text detected (timer): Yeah, correct. Open AI 5.6. Yeah, this one I wrote myself. Is this is pike you two guys? Yes. Hey, pike you two is  cross-platform and I can wrap it up in two-dexicutable so it's better than zikintu. It is better than Tisa to voice commands. Yes. So instead of like looking at your phone and typing stuff or putting stuff on a keyboard you just use voice and like
2026-08-08 15:53:59.586 - RealTimeSTT: realtimestt - DEBUG - Current realtime buffer size: 669696
2026-08-08 15:54:00.173 - RealTimeSTT: realtimestt - DEBUG - _audio_data_worker writing audio data into queue.
2026-08-08 15:54:00.443 - RealTimeSTT: realtimestt - DEBUG - Realtime text detected (timer): Yeah, correct. Open AI 5.6. Yeah, this one I wrote myself. Is this is pike you two guys? Yes. Hey, pike you two is  cross-platform and I can wrap it up in two-dexicutable so it's better than zikintu. It is better than Tisa to voice commands. Yes. So instead of like looking at your phone and typing stuff or putting stuff on a keyboard, you just use voice and like keywords.
2026-08-08 15:54:00.446 - RealTimeSTT: realtimestt - DEBUG - Current realtime buffer size: 684032
2026-08-08 15:54:01.197 - RealTimeSTT: realtimestt - DEBUG - _audio_data_worker writing audio data into queue.
2026-08-08 15:54:01.347 - RealTimeSTT: realtimestt - DEBUG - Realtime text detected (timer): Yeah, correct. Open AI 5.6. Yeah, this one I wrote myself. Is this is pike you two guys? Yes. Hey, pike you two is  cross-platform and I can wrap it up in two-dexicutable so it's better than zikintu. It is better than Tisa to voice commands. Yes. So instead of like looking at your phone and typing stuff or putting stuff on a keyboard, you just use voice and like keywords and just narrate them.
2026-08-08 15:54:01.350 - RealTimeSTT: realtimestt - DEBUG - Current realtime buffer size: 697344
2026-08-08 15:54:02.153 - RealTimeSTT: realtimestt - DEBUG - Realtime text detected (timer): Yeah, correct. Open AI 5.6. Yeah, this one I wrote myself. Is this is pike you two guys? Yes. Hey, pike you two is  cross platform and I can wrap it up in two-dexicutable so it's better than Zikin. It is better than Tisa to voice commands. Yes. So instead of like looking at your phone and typing stuff or putting stuff on a keyboard, you just use voice and like keywords and just narrate the match. So as
2026-08-08 15:54:02.155 - RealTimeSTT: realtimestt - DEBUG - Current realtime buffer size: 710656
2026-08-08 15:54:02.223 - RealTimeSTT: realtimestt - DEBUG - _audio_data_worker writing audio data into queue.
2026-08-08 15:54:02.959 - RealTimeSTT: realtimestt - DEBUG - Realtime text detected (timer): Yeah, correct. Open AI 5.6. Yeah, this one I wrote myself. Is this is pike you two guys? Yes. Hey, pike you two is  cross-platform and I can wrap it up in two-dexicutable so it's better than zikintu. It is better than Tisa to voice commands. Yes. So instead of like looking at your phone and typing stuff or putting stuff on a keyboard, you just use voice and like keywords and just narrate the match. So as like a robot
2026-08-08 15:54:02.962 - RealTimeSTT: realtimestt - DEBUG - Current realtime buffer size: 722944
2026-08-08 15:54:03.245 - RealTimeSTT: realtimestt - DEBUG - _audio_data_worker writing audio data into queue.
2026-08-08 15:54:03.802 - RealTimeSTT: realtimestt - DEBUG - Realtime text detected (timer): Yeah, correct. Open AI 5.6. Yeah, this one I wrote myself. Is this is pike you two guys? Yes. Hey, pike you two is  cross-platform and I can wrap it up in two-dexicutable so it's better than zikintu. It is better than Tisa to voice commands. Yes. So instead of like looking at your phone and typing stuff or putting stuff on a keyboard you just use voice and like keywords and just narrate the match. So as like a robot scores
2026-08-08 15:54:03.805 - RealTimeSTT: realtimestt - DEBUG - Current realtime buffer size: 737280
2026-08-08 15:54:04.269 - RealTimeSTT: realtimestt - DEBUG - _audio_data_worker writing audio data into queue.
2026-08-08 15:54:04.667 - RealTimeSTT: realtimestt - DEBUG - Realtime text detected (timer): Yeah, correct. Open AI 5.6. Yeah, this one I wrote myself. Is this is pike you two guys? Yes. Hey, pike you two is  cross-platform and I can wrap it up in two-dexicutable so it's better than Zikin. It is better than Tisa to voice commands. Yes. So instead of like looking at your phone and typing stuff or clicking stuff on a keyboard you just use voice and like keywords and just narrate the match. So as like a robot scores you can say like
2026-08-08 15:54:04.672 - RealTimeSTT: realtimestt - DEBUG - Current realtime buffer size: 750592
2026-08-08 15:54:05.293 - RealTimeSTT: realtimestt - DEBUG - _audio_data_worker writing audio data into queue.
2026-08-08 15:54:05.519 - RealTimeSTT: realtimestt - DEBUG - Realtime text detected (timer): Yeah, correct. Open AI 5.6. Yeah, this one I wrote myself. Is this is pike you two guys? Yes. Hey, pike you two is  cross-platform and I can wrap it up in two-dexicutable so it's better than zikintu. It is better than Tisa to voice commands. Yes. So instead of like looking at your phone and typing stuff or clicking stuff on a keyboard you just use voice and like keywords and just narrate the match. So as like a robot scores you can say like you know basically
2026-08-08 15:54:05.522 - RealTimeSTT: realtimestt - DEBUG - Current realtime buffer size: 763904
2026-08-08 15:54:06.317 - RealTimeSTT: realtimestt - DEBUG - _audio_data_worker writing audio data into queue.
2026-08-08 15:54:06.374 - RealTimeSTT: realtimestt - DEBUG - Realtime text detected (timer): Yeah, correct. Open AI 5.6. Yeah, this one I wrote myself. Is this is pike you two guys? Yes. Hey, pike you two is  cross-platform and I can wrap it up in two-dexicutable so it's better than zikintu. It is better than Tisa to voice commands. Yes. So instead of like looking at your phone and typing stuff or clicking stuff on a keyboard you just use voice and like keywords and just narrate the match. So as like a robot scores you can say like you know they score level three.
2026-08-08 15:54:06.379 - RealTimeSTT: realtimestt - DEBUG - Current realtime buffer size: 778240
2026-08-08 15:54:07.254 - RealTimeSTT: realtimestt - DEBUG - Realtime text detected (timer): Yeah, correct. Open AI 5.6. Yeah, this one I wrote myself. Is this is pike you two guys? Yes. Hey, pike you two is  cross-platform and I can wrap it up in two-dexicutable so it's better than zikintu. It is better than Tisa to voice commands. Yes. So instead of like looking at your phone and typing stuff or clicking stuff on a keyboard you just use you use voice and like keywords and just narrate the match. So as like a robot scores you can say like you know they score level three and then
2026-08-08 15:54:07.257 - RealTimeSTT: realtimestt - DEBUG - Current realtime buffer size: 791552
2026-08-08 15:54:07.341 - RealTimeSTT: realtimestt - DEBUG - _audio_data_worker writing audio data into queue.
2026-08-08 15:54:08.113 - RealTimeSTT: realtimestt - DEBUG - Realtime text detected (timer): Yeah, correct. Open AI 5.6. Yeah, this one I wrote myself. Is this is pike you two guys? Yes. Hey, pike you two is  cross-platform and I can wrap it up in two-dexicutable so it's better than taking two. It is better than taking it to voice commands. Yes. So instead of like looking at your phone and typing stuff or putting stuff on a keyboard you just use voice and like keywords and just narrate the match. So as like a robot scores you can say like you know they score level three and then anything else is
2026-08-08 15:54:08.117 - RealTimeSTT: realtimestt - DEBUG - Current realtime buffer size: 806912
2026-08-08 15:54:08.365 - RealTimeSTT: realtimestt - DEBUG - _audio_data_worker writing audio data into queue.
2026-08-08 15:54:09.046 - RealTimeSTT: realtimestt - DEBUG - Realtime text detected (timer): Yeah, correct. Open AI 5.6. Yeah, this one I wrote myself. Is this is pike you two guys? Yes. Hey, pike you two is  cross-platform and I can wrap it up in two-dexicutable so it's better than zikintu. It is better than Tisa to voice commands. Yes. So instead of like looking at your phone and typing stuff or clicking stuff on a keyboard you just use voice and like keywords and just narrate the match. So as like a robot scores you can say like you know they score level three and then anything else that you say that's like
2026-08-08 15:54:09.049 - RealTimeSTT: realtimestt - DEBUG - Current realtime buffer size: 820224
2026-08-08 15:54:09.389 - RealTimeSTT: realtimestt - DEBUG - _audio_data_worker writing audio data into queue.
2026-08-08 15:54:09.968 - RealTimeSTT: realtimestt - DEBUG - Realtime text detected (timer): Yeah, correct. Open AI 5.6. Yeah, this one I wrote myself. Is this is pike you two guys? Yes. Hey, pike you two is  cross platform and I can wrap it up in two-dexicutable. So it's better than taking two. It is better than taking it to voice commands. Yes. So instead of looking at your phone and typing stuff or putting stuff on a keyboard, you just use voice and keywords and just narrate the match. So as a robot scores, you can say they score level three and then anything else that you say that's unrelated,
2026-08-08 15:54:09.973 - RealTimeSTT: realtimestt - DEBUG - Current realtime buffer size: 835584
2026-08-08 15:54:10.413 - RealTimeSTT: realtimestt - DEBUG - _audio_data_worker writing audio data into queue.
2026-08-08 15:54:11.049 - RealTimeSTT: realtimestt - DEBUG - Realtime text detected (timer): Yeah, correct. Open AI 5.6. Yeah, this one I wrote myself. Is this is pike you two guys? Yes. Hey, pike you two is  cross platform and I can wrap it up and tune executable. So it's better than to get into it. It is better than to voice commands. Yes. So instead of like looking at your phone and typing stuff or clicking stuff on a keyboard, you just use voice and like keywords and just narrate the match. So as like a robot scores, you can say like you know, they score level three and then anything else that you say that's like unrelated will be recorded as
2026-08-08 15:54:11.053 - RealTimeSTT: realtimestt - DEBUG - Current realtime buffer size: 852992
2026-08-08 15:54:11.437 - RealTimeSTT: realtimestt - DEBUG - _audio_data_worker writing audio data into queue.
2026-08-08 15:54:12.265 - RealTimeSTT: realtimestt - DEBUG - Realtime text detected (timer): Yeah, correct. Open AI 5.6. Yeah, this one I wrote myself. Is this is pike you two guys? Yes. Hey, pike you two is  cross platform and I can wrap it up in two-dexicutable. So it's better than taking two. It is better than taking it to voice commands. Yes. So instead of looking at your phone and typing stuff or putting stuff on a keyboard, you just use voice and keywords and just narrate the match. So as a robot scores, you can say they score level three and then anything else that you say that's unrelated.  We'll be recorded as notes and then I was
2026-08-08 15:54:12.267 - RealTimeSTT: realtimestt - DEBUG - Current realtime buffer size: 872448
2026-08-08 15:54:12.461 - RealTimeSTT: realtimestt - DEBUG - _audio_data_worker writing audio data into queue.
2026-08-08 15:54:13.485 - RealTimeSTT: realtimestt - DEBUG - _audio_data_worker writing audio data into queue.
2026-08-08 15:54:13.781 - RealTimeSTT: realtimestt - DEBUG - Realtime text detected (timer): Yeah, correct. Open AI 5.6. Yeah, this one I wrote myself. Is this is pike you two guys? Yes. Hey, pike you two is  cross platform and I can wrap it up in two-dexicutable. So it's better than taking two. It is better than taking it to voice commands. Yes. So instead of looking at your phone and typing stuff or putting stuff on a keyboard, you just use voice and keywords and just narrate the match. So as a robot scores, you can say they score level three and then anything else that you say that's unrelated.  will be recorded as notes and now I was having some trouble with this yes
2026-08-08 15:54:13.784 - RealTimeSTT: realtimestt - DEBUG - Current realtime buffer size: 897024
2026-08-08 15:54:14.509 - RealTimeSTT: realtimestt - DEBUG - _audio_data_worker writing audio data into queue.
2026-08-08 15:54:14.878 - RealTimeSTT: realtimestt - DEBUG - Realtime text detected (timer): Yeah, correct. Open AI 5.6. Yeah, this one I wrote myself. Is this is pike you two guys? Yes. Hey, pike you two is  cross platform and I can wrap it up in two-dexicutable. So it's better than taking two. It is better than taking it to voice commands. Yes. So instead of looking at your phone and typing stuff or putting stuff on a keyboard, you just use voice and keywords and just narrate the match. So as a robot scores, you can say they score level three and then anything else that you say that's unrelated.  will be recorded as notes. And now I was having some trouble with this yesterday with Eric.
2026-08-08 15:54:14.882 - RealTimeSTT: realtimestt - DEBUG - Current realtime buffer size: 914432
2026-08-08 15:54:15.535 - RealTimeSTT: realtimestt - DEBUG - _audio_data_worker writing audio data into queue.
2026-08-08 15:54:16.070 - RealTimeSTT: realtimestt - DEBUG - Realtime text detected (timer): Yeah, correct. Open AI 5.6. Yeah, this one I wrote myself. Is this is pike you two guys? Yes. Hey, pike you two is  cross platform and I can wrap it up in two-dexicutable. So it's better than taking two. It is better than taking it to voice commands. Yes. So instead of looking at your phone and typing stuff or putting stuff on a keyboard, you just use voice and keywords and just narrate the match. So as a robot scores, you can say they score level three and then anything else that you say that's unrelated.  will be recorded as notes. And now I was having some trouble with this yesterday with Eric. I don't know, I made a fixed it.
2026-08-08 15:54:16.074 - RealTimeSTT: realtimestt - DEBUG - Current realtime buffer size: 933888
2026-08-08 15:54:16.557 - RealTimeSTT: realtimestt - DEBUG - _audio_data_worker writing audio data into queue.
2026-08-08 15:54:17.184 - RealTimeSTT: realtimestt - DEBUG - Realtime text detected (timer): Yeah, correct. Open AI 5.6. Yeah, this one I wrote myself. Is this is pike you two guys? Yes. Hey, pike you two is  cross platform and I can wrap it up in two-dexicutable. So it's better than taking two. It is better than taking it to voice commands. Yes. So instead of looking at your phone and typing stuff or putting stuff on a keyboard, you just use voice and keywords and just narrate the match. So as a robot scores, you can say they score level three and then anything else that you say that's unrelated.  will be recorded as notes. And now I was having some trouble with this yesterday with Eric. I don't know, I might have fixed it.
2026-08-08 15:54:17.188 - RealTimeSTT: realtimestt - DEBUG - Current realtime buffer size: 951296
2026-08-08 15:54:17.581 - RealTimeSTT: realtimestt - DEBUG - _audio_data_worker writing audio data into queue.
2026-08-08 15:54:18.278 - RealTimeSTT: realtimestt - DEBUG - Realtime text detected (timer): Yeah, correct. Open AI 5.6. Yeah, this one I wrote myself. Is this is pike you two guys? Yes. Hey, pike you two is  cross platform and I can wrap it up in two-dexicutable. So it's better than taking two. It is better than taking it to voice commands. Yes. So instead of looking at your phone and typing stuff or putting stuff on a keyboard, you just use voice and keywords and just narrate the match. So as a robot scores, you can say they score level three and then anything else that you say that's unrelated.  will be recorded as notes. And now I was having some trouble with this yesterday with Eric. I don't know, I might have fixed it.
2026-08-08 15:54:18.283 - RealTimeSTT: realtimestt - DEBUG - Current realtime buffer size: 968704
2026-08-08 15:54:18.605 - RealTimeSTT: realtimestt - DEBUG - _audio_data_worker writing audio data into queue.
2026-08-08 15:54:19.366 - RealTimeSTT: realtimestt - DEBUG - Realtime text detected (timer): Yeah, correct. Open AI 5.6. Yeah, this one I wrote myself. Is this is pike you two guys? Yes. Hey, pike you two is  cross platform and I can wrap it up in two-dexicutable. So it's better than taking two. It is better than taking it to voice commands. Yes. So instead of looking at your phone and typing stuff or putting stuff on a keyboard, you just use voice and keywords and just narrate the match. So as a robot scores, you can say they score level three and then anything else that you say that's unrelated.  will be recorded as notes. And now I was having some trouble with this yesterday with Eric. I don't know, I might have fixed it.
2026-08-08 15:54:19.371 - RealTimeSTT: realtimestt - DEBUG - Current realtime buffer size: 985088
2026-08-08 15:54:19.629 - RealTimeSTT: realtimestt - DEBUG - _audio_data_worker writing audio data into queue.
2026-08-08 15:54:20.452 - RealTimeSTT: realtimestt - DEBUG - Realtime text detected (timer): Yeah, correct. Open AI 5.6. Yeah, this one I wrote myself. Is this is pike you two guys? Yes. Hey, pike you two is  cross platform and I can wrap it up in two-dexicutable. So it's better than taking two. It is better than taking it to voice commands. Yes. So instead of looking at your phone and typing stuff or putting stuff on a keyboard, you just use voice and keywords and just narrate the match. So as a robot scores, you can say they score level three and then anything else that you say that's unrelated.  will be recorded as notes. And now I was having some trouble with this yesterday with Eric. I don't know, I might have fixed it. Just like the real planet.
2026-08-08 15:54:20.457 - RealTimeSTT: realtimestt - DEBUG - Current realtime buffer size: 1003520
2026-08-08 15:54:20.653 - RealTimeSTT: realtimestt - DEBUG - _audio_data_worker writing audio data into queue.
2026-08-08 15:54:21.575 - RealTimeSTT: realtimestt - DEBUG - Realtime text detected (timer): Yeah, correct. Open AI 5.6. Yeah, this one I wrote myself. Is this is pike you two guys? Yes. Hey, pike you two is  cross platform and I can wrap it up in two-dexicutable. So it's better than taking two. It is better than taking it to voice commands. Yes. So instead of looking at your phone and typing stuff or putting stuff on a keyboard, you just use voice and keywords and just narrate the match. So as a robot scores, you can say they score level three and then anything else that you say that's unrelated.  will be recorded as notes. And now I was having some trouble with this yesterday with Eric. I don't know, I might have fixed it. Just like the real plan of St. Peter, which is Ronald.
2026-08-08 15:54:21.580 - RealTimeSTT: realtimestt - DEBUG - Current realtime buffer size: 1020928
2026-08-08 15:54:21.677 - RealTimeSTT: realtimestt - DEBUG - _audio_data_worker writing audio data into queue.
2026-08-08 15:54:22.701 - RealTimeSTT: realtimestt - DEBUG - _audio_data_worker writing audio data into queue.
2026-08-08 15:54:22.810 - RealTimeSTT: realtimestt - DEBUG - Realtime text detected (timer): Yeah, correct. Open AI 5.6. Yeah, this one I wrote myself. Is this is pike you two guys? Yes. Hey, pike you two is  cross platform and I can wrap it up in two-dexicutable. So it's better than taking two. It is better than taking it to voice commands. Yes. So instead of looking at your phone and typing stuff or putting stuff on a keyboard, you just use voice and keywords and just narrate the match. So as a robot scores, you can say they score level three and then anything else that you say that's unrelated.  We'll be recorded as notes. And now I was having some trouble with this yesterday with Eric. I don't know. I made a fix that. Just like the real time STQ, which is one on whisper.
2026-08-08 15:54:22.815 - RealTimeSTT: realtimestt - DEBUG - Current realtime buffer size: 1041408
2026-08-08 15:54:23.724 - RealTimeSTT: realtimestt - DEBUG - _audio_data_worker writing audio data into queue.
2026-08-08 15:54:24.021 - RealTimeSTT: realtimestt - DEBUG - Realtime text detected (timer): Yeah, correct. Open AI 5.6. Yeah, this one I wrote myself. Is this is pike you two guys? Yes. Hey, pike you two is  cross platform and I can wrap it up in two-dexicutable. So it's better than taking two. It is better than taking it to voice commands. Yes. So instead of looking at your phone and typing stuff or putting stuff on a keyboard, you just use voice and keywords and just narrate the match. So as a robot scores, you can say they score level three and then anything else that you say that's unrelated.  We'll be recorded as notes. And now I was having some trouble with this yesterday with Eric. I don't know. I made a fix that. Just like the real time STQ, which is going on, whisper me.
2026-08-08 15:54:24.027 - RealTimeSTT: realtimestt - DEBUG - Current realtime buffer size: 1060864
2026-08-08 15:54:24.748 - RealTimeSTT: realtimestt - DEBUG - _audio_data_worker writing audio data into queue.
2026-08-08 15:54:25.194 - RealTimeSTT: realtimestt - DEBUG - Realtime text detected (timer): Yeah, correct. Open AI 5.6. Yeah, this one I wrote myself. Is this is pike you two guys? Yes. Hey, pike you two is  cross platform and I can wrap it up in two-dexicutable. So it's better than taking two. It is better than taking it to voice commands. Yes. So instead of looking at your phone and typing stuff or putting stuff on a keyboard, you just use voice and keywords and just narrate the match. So as a robot scores, you can say they score level three and then anything else that you say that's unrelated.  will be recorded as notes. And now I was having some trouble with this yesterday with Eric. I don't know, I might have fixed it. Just like the real time STQ, which is going on, whisper me.
2026-08-08 15:54:25.199 - RealTimeSTT: realtimestt - DEBUG - Current realtime buffer size: 1079296
2026-08-08 15:54:25.772 - RealTimeSTT: realtimestt - DEBUG - _audio_data_worker writing audio data into queue.
2026-08-08 15:54:26.409 - RealTimeSTT: realtimestt - DEBUG - Realtime text detected (timer): Yeah, correct. Open AI 5.6. Yeah, this one I wrote myself. Is this is pike you two guys? Yes. Hey, pike you two is  cross platform and I can wrap it up in two-dexicutable. So it's better than taking two. It is better than taking it to voice commands. Yes. So instead of looking at your phone and typing stuff or putting stuff on a keyboard, you just use voice and keywords and just narrate the match. So as a robot scores, you can say they score level three and then anything else that you say that's unrelated.  We'll be recorded as notes. And now I was having some trouble with this yesterday with Eric. I don't know. I made a fix that. Just like the real time STQ, which is going on, whisper me.
2026-08-08 15:54:26.414 - RealTimeSTT: realtimestt - DEBUG - Current realtime buffer size: 1098752
2026-08-08 15:54:26.797 - RealTimeSTT: realtimestt - DEBUG - _audio_data_worker writing audio data into queue.
2026-08-08 15:54:27.711 - RealTimeSTT: realtimestt - DEBUG - Realtime text detected (timer): Yeah, correct. Open AI 5.6. Yeah, this one I wrote myself. Is this is pike you two guys? Yes. Hey, pike you two is  cross platform and I can wrap it up in two-dexicutable. So it's better than taking two. It is better than taking it to voice commands. Yes. So instead of looking at your phone and typing stuff or putting stuff on a keyboard, you just use voice and keywords and just narrate the match. So as a robot scores, you can say they score level three and then anything else that you say that's unrelated.  will be recorded as notes. And now I was having some trouble with this yesterday with Eric. I don't know, I might have fixed it. Just like the real time STQ, which is going on, whisper me. I use the other people on Google. This is local.
2026-08-08 15:54:27.717 - RealTimeSTT: realtimestt - DEBUG - Current realtime buffer size: 1119232
2026-08-08 15:54:27.822 - RealTimeSTT: realtimestt - DEBUG - _audio_data_worker writing audio data into queue.
2026-08-08 15:54:28.844 - RealTimeSTT: realtimestt - DEBUG - _audio_data_worker writing audio data into queue.
2026-08-08 15:54:28.879 - RealTimeSTT: realtimestt - DEBUG - Realtime text detected (timer): Yeah, correct. Open AI 5.6. Yeah, this one I wrote myself. Is this is pike you two guys? Yes. Hey, pike you two is  cross platform and I can wrap it up in two-dexicutable. So it's better than taking two. It is better than taking it to voice commands. Yes. So instead of looking at your phone and typing stuff or putting stuff on a keyboard, you just use voice and keywords and just narrate the match. So as a robot scores, you can say they score level three and then anything else that you say that's unrelated.  will be recorded as notes. And now I was having some trouble with this yesterday with Eric. I don't know, I might have fixed it. Just like the real time STQ, which is one on whisper name. I use the other people on Google. This is local. Because everything has to be local.
2026-08-08 15:54:28.946 - RealTimeSTT: realtimestt - DEBUG - Current realtime buffer size: 1138688
2026-08-08 15:54:29.868 - RealTimeSTT: realtimestt - DEBUG - _audio_data_worker writing audio data into queue.
2026-08-08 15:54:30.158 - RealTimeSTT: realtimestt - DEBUG - Realtime text detected (timer): Yeah, correct. Open AI 5.6. Yeah, this one I wrote myself. Is this is pike you two guys? Yes. Hey, pike you two is  cross platform and I can wrap it up in two-dexicutable. So it's better than taking two. It is better than taking it to voice commands. Yes. So instead of looking at your phone and typing stuff or putting stuff on a keyboard, you just use voice and keywords and just narrate the match. So as a robot scores, you can say they score level three and then anything else that you say that's unrelated.  will be recorded as notes. And now I was having some trouble with this yesterday with Eric. I don't know, I might have fixed it. Just like the real time STQ, which is one on whisper made. I use the other people on Google. This is local. Because everything has to be local right now. I can't make any of that.
2026-08-08 15:54:30.164 - RealTimeSTT: realtimestt - DEBUG - Current realtime buffer size: 1159168
2026-08-08 15:54:30.893 - RealTimeSTT: realtimestt - DEBUG - _audio_data_worker writing audio data into queue.
2026-08-08 15:54:31.417 - RealTimeSTT: realtimestt - DEBUG - Realtime text detected (timer): Yeah, correct. Open AI 5.6. Yeah, this one I wrote myself. Is this is pike you two guys? Yes. Hey, pike you two is  cross platform and I can wrap it up in two-dexicutable. So it's better than taking two. It is better than taking it to voice commands. Yes. So instead of looking at your phone and typing stuff or putting stuff on a keyboard, you just use voice and keywords and just narrate the match. So as a robot scores, you can say they score level three and then anything else that you say that's unrelated.  will be recorded as notes. And now I was having some trouble with this yesterday with Eric. I don't know, I might have fixed it. Just like the real time STQ, which is one on Whisper Mate. I use the people on Google. This is local. Because everything has to be local right now. I can't make any of that process. I gotta call.
2026-08-08 15:54:31.422 - RealTimeSTT: realtimestt - DEBUG - Current realtime buffer size: 1179648
2026-08-08 15:54:31.916 - RealTimeSTT: realtimestt - DEBUG - _audio_data_worker writing audio data into queue.
2026-08-08 15:54:32.653 - RealTimeSTT: realtimestt - DEBUG - Realtime text detected (timer): Yeah, correct. Open AI 5.6. Yeah, this one I wrote myself. Is this is pike you two guys? Yes. Hey, pike you two is  cross platform and I can wrap it up in two-dexicutable. So it's better than taking two. It is better than taking it to voice commands. Yes. So instead of looking at your phone and typing stuff or putting stuff on a keyboard, you just use voice and keywords and just narrate the match. So as a robot scores, you can say they score level three and then anything else that you say that's unrelated.  will be recorded as notes. And now I was having some trouble with this yesterday with Eric. I don't know, I might have fixed it. Just like the real time STQ, which is one on Whisper Mate. I use the other people on Google. This is local. Because everything has to be local right now. I can't make any of that process. I gotta call.
2026-08-08 15:54:32.659 - RealTimeSTT: realtimestt - DEBUG - Current realtime buffer size: 1198080
2026-08-08 15:54:32.940 - RealTimeSTT: realtimestt - DEBUG - _audio_data_worker writing audio data into queue.
2026-08-08 15:54:33.964 - RealTimeSTT: realtimestt - DEBUG - _audio_data_worker writing audio data into queue.
2026-08-08 15:54:34.067 - RealTimeSTT: realtimestt - DEBUG - Realtime text detected (timer): Yeah, correct. Open AI 5.6. Yeah, this one I wrote myself. Is this is pike you two guys? Yes. Hey, pike you two is  cross platform and I can wrap it up in two-dexicutable. So it's better than taking two. It is better than taking it to voice commands. Yes. So instead of looking at your phone and typing stuff or putting stuff on a keyboard, you just use voice and keywords and just narrate the match. So as a robot scores, you can say they score level three and then anything else that you say that's unrelated.  will be recorded as notes. And now I was having some trouble with this yesterday with Eric. I don't know, I might have fixed it. Just like the real time STQ, which is one on Whisper Mate. I use the other people on Google. This is local. Because everything has to be local right now. I can't make any of that process. I gotta call.
2026-08-08 15:54:34.073 - RealTimeSTT: realtimestt - DEBUG - Current realtime buffer size: 1221632
2026-08-08 15:54:34.988 - RealTimeSTT: realtimestt - DEBUG - _audio_data_worker writing audio data into queue.
2026-08-08 15:54:35.345 - RealTimeSTT: realtimestt - DEBUG - Realtime text detected (timer): Yeah, correct. Open AI 5.6. Yeah, this one I wrote myself. Is this is pike you two guys? Yes. Hey, pike you two is  cross platform and I can wrap it up in two-dexicutable. So it's better than taking two. It is better than taking it to voice commands. Yes. So instead of looking at your phone and typing stuff or putting stuff on a keyboard, you just use voice and keywords and just narrate the match. So as a robot scores, you can say they score level three and then anything else that you say that's unrelated.  will be recorded as notes. And now I was having some trouble with this yesterday with Eric. I don't know, I made a fix that. Just like the real time STQ, which is one on whisper made. I use the other people on Google. This is local. Because everything has to be local right now. I can't make any of that process. I gotta call it. Oh, because you're not allowed to have internet
2026-08-08 15:54:35.353 - RealTimeSTT: realtimestt - DEBUG - Current realtime buffer size: 1242112
2026-08-08 15:54:36.012 - RealTimeSTT: realtimestt - DEBUG - _audio_data_worker writing audio data into queue.
2026-08-08 15:54:36.638 - RealTimeSTT: realtimestt - DEBUG - Realtime text detected (timer): Yeah, correct. Open AI 5.6. Yeah, this one I wrote myself. Is this is pike you two guys? Yes. Hey, pike you two is  cross platform and I can wrap it up in two-dexicutable. So it's better than taking two. It is better than taking it to voice commands. Yes. So instead of looking at your phone and typing stuff or putting stuff on a keyboard, you just use voice and keywords and just narrate the match. So as a robot scores, you can say they score level three and then anything else that you say that's unrelated.  will be recorded as notes. And now I was having some trouble with this yesterday with Eric. I don't know, I might have fixed it. Just like the real time STQ, which is one on whisper made. I use the other people on Google. This is local. Because everything has to be local right now. I can't make any of that process. I gotta call it. Oh, because you know a lot to have internet connection. You know a lot to have.
2026-08-08 15:54:36.645 - RealTimeSTT: realtimestt - DEBUG - Current realtime buffer size: 1262592
2026-08-08 15:54:37.036 - RealTimeSTT: realtimestt - DEBUG - _audio_data_worker writing audio data into queue.
2026-08-08 15:54:37.899 - RealTimeSTT: realtimestt - DEBUG - Realtime text detected (timer): Yeah, correct. Open AI 5.6. Yeah, this one I wrote myself. Is this is pike you two guys? Yes. Hey, pike you two is  cross platform and I can wrap it up in two-dexicutable. So it's better than taking two. It is better than taking it to voice commands. Yes. So instead of looking at your phone and typing stuff or putting stuff on a keyboard, you just use voice and keywords and just narrate the match. So as a robot scores, you can say they score level three and then anything else that you say that's unrelated.  will be recorded as notes. And now I was having some trouble with this yesterday with Eric. I don't know, I might have fixed it. Just like the real time STQ, which is one on whisper made. I use the other people on Google. This is local. Because everything has to be local right now. I can't make any of that process. I gotta call it. Because you know a lot to have internet connection. You know a lot of wireless connections, I thought.
2026-08-08 15:54:37.906 - RealTimeSTT: realtimestt - DEBUG - Current realtime buffer size: 1283072
2026-08-08 15:54:38.060 - RealTimeSTT: realtimestt - DEBUG - _audio_data_worker writing audio data into queue.
2026-08-08 15:54:39.084 - RealTimeSTT: realtimestt - DEBUG - _audio_data_worker writing audio data into queue.
2026-08-08 15:54:39.293 - RealTimeSTT: realtimestt - DEBUG - Realtime text detected (timer): Yeah, correct. Open AI 5.6. Yeah, this one I wrote myself. Is this is pike you two guys? Yes. Hey, pike you two is  cross platform and I can wrap it up in two-dexicutable. So it's better than taking two. It is better than taking it to voice commands. Yes. So instead of looking at your phone and typing stuff or putting stuff on a keyboard, you just use voice and keywords and just narrate the match. So as a robot scores, you can say they score level three and then anything else that you say that's unrelated.  We'll be recorded as notes. And now I was having some trouble with this yesterday with Eric. I don't know. I made a fix that was speech at night station. Just like the real time STQ, which is one on whisper made. I used to have people want to do it once. This is local. Because everything has to be local right now. I can't make any of that process. I gotta call it. Because you know a lot to have internet connection. You know a lot of wireless connections that's on the robot.
2026-08-08 15:54:39.301 - RealTimeSTT: realtimestt - DEBUG - Current realtime buffer size: 1304576
2026-08-08 15:54:40.109 - RealTimeSTT: realtimestt - DEBUG - _audio_data_worker writing audio data into queue.
2026-08-08 15:54:40.566 - RealTimeSTT: realtimestt - DEBUG - Realtime text detected (timer): Yeah, correct. Open AI 5.6. Yeah, this one I wrote myself. Is this is pike you two guys? Yes. Hey, pike you two is  cross platform and I can wrap it up in two-dexicutable. So it's better than taking two. It is better than taking it to voice commands. Yes. So instead of looking at your phone and typing stuff or putting stuff on a keyboard, you just use voice and keywords and just narrate the match. So as a robot scores, you can say they score level three and then anything else that you say that's unrelated.  We'll be recorded as notes. And now I was having some trouble with this yesterday with Eric. I don't know. I made a fix that. Just like the real time STQ, which is one on whisper made. I used to have people want to do it once. This is local. Because everything has to be local right now. I can't make any of that process. I gotta call it. Because you know a lot to have internet connection. You know a lot of wireless connections that's on the robot.
2026-08-08 15:54:40.572 - RealTimeSTT: realtimestt - DEBUG - Current realtime buffer size: 1325056
2026-08-08 15:54:41.133 - RealTimeSTT: realtimestt - DEBUG - _audio_data_worker writing audio data into queue.
2026-08-08 15:54:41.904 - RealTimeSTT: realtimestt - DEBUG - Realtime text detected (timer): Yeah, correct. Open AI 5.6. Yeah, this one I wrote myself. Is this is pike you two guys? Yes. Hey, pike you two is  cross platform and I can wrap it up in two-dexicutable. So it's better than taking two. It is better than taking it to voice commands. Yes. So instead of looking at your phone and typing stuff or putting stuff on a keyboard, you just use voice and keywords and just narrate the match. So as a robot scores, you can say they score level three and then anything else that you say that's unrelated.  We'll be recorded as notes. And now I was having some trouble with this yesterday with Eric. I don't know. I made a fix that. Just like the real time STQ, which is one on whisper made. I used to have people want to do it once. This is local. Because everything has to be local right now. I can't make any of that process. I gotta call it. Because you know a lot to have internet connection. You know a lot of wireless connections that start in the robot. So yeah.
2026-08-08 15:54:41.910 - RealTimeSTT: realtimestt - DEBUG - Current realtime buffer size: 1347584
2026-08-08 15:54:42.157 - RealTimeSTT: realtimestt - DEBUG - _audio_data_worker writing audio data into queue.
2026-08-08 15:54:43.180 - RealTimeSTT: realtimestt - DEBUG - _audio_data_worker writing audio data into queue.
2026-08-08 15:54:43.395 - RealTimeSTT: realtimestt - DEBUG - Realtime text detected (timer): Yeah, correct. Open AI 5.6. Yeah, this one I wrote myself. Is this is pike you two guys? Yes. Hey, pike you two is  cross platform and I can wrap it up in two-dexicutable. So it's better than taking two. It is better than taking it to voice commands. Yes. So instead of looking at your phone and typing stuff or putting stuff on a keyboard, you just use voice and keywords and just narrate the match. So as a robot scores, you can say they score level three and then anything else that you say that's unrelated.  We'll be recorded as notes. And now I was having some trouble with this yesterday with Eric. I don't know. I made a fix that. Just like the real time STQ, which is one on whisper made. I used to have people want to do it once. This is local. Because everything has to be local right now. I can't make any of that process. I gotta call it. Because you know a lot to have internet connection. You know a lot of wireless connections that start in the robot. So yeah.  and we say match under.
2026-08-08 15:54:43.402 - RealTimeSTT: realtimestt - DEBUG - Current realtime buffer size: 1370112
2026-08-08 15:54:44.205 - RealTimeSTT: realtimestt - DEBUG - _audio_data_worker writing audio data into queue.
2026-08-08 15:54:44.919 - RealTimeSTT: realtimestt - DEBUG - Realtime text detected (timer): Yeah, correct. Open AI 5.6. Yeah, this one I wrote myself. Is this is pike you two guys? Yes. Hey, pike you two is  cross platform and I can wrap it up in two-dexicutable. So it's better than taking two. It is better than taking it to voice commands. Yes. So instead of looking at your phone and typing stuff or putting stuff on a keyboard, you just use voice and keywords and just narrate the match. So as a robot scores, you can say they score level three and then anything else that you say that's unrelated.  We'll be recorded as notes. And now I was having some trouble with this yesterday with Eric. I don't know. I made a fix that. Just like the real time STQ, which is one on whisper made. I used to have people want to do it once. This is local. Because everything has to be local right now. I can't make any of that process. I gotta call it. Because you know a lot to have internet connection. You know a lot of wireless connections that start in the robot. So yeah.  and we'll say match number six seven
2026-08-08 15:54:44.927 - RealTimeSTT: realtimestt - DEBUG - Current realtime buffer size: 1394688
2026-08-08 15:54:45.228 - RealTimeSTT: realtimestt - DEBUG - _audio_data_worker writing audio data into queue.
2026-08-08 15:54:46.253 - RealTimeSTT: realtimestt - DEBUG - _audio_data_worker writing audio data into queue.
2026-08-08 15:54:46.558 - RealTimeSTT: realtimestt - DEBUG - Realtime text detected (timer): Yeah, correct. Open AI 5.6. Yeah, this one I wrote myself. Is this is pike you two guys? Yes. Hey, pike you two is  cross platform and I can wrap it up in two-dexicutable. So it's better than taking two. It is better than taking it to voice commands. Yes. So instead of looking at your phone and typing stuff or putting stuff on a keyboard, you just use voice and keywords and just narrate the match. So as a robot scores, you can say they score level three and then anything else that you say that's unrelated.  We'll be recorded as notes. And now I was having some trouble with this yesterday with Eric. I don't know. I made a fix that. Just like the real time STQ, which is one on whisper made. I used to have people want to do it once. This is local. Because everything has to be local right now. I can't make any of that process. I gotta call it. Because you know a lot to have internet connection. You know a lot of wireless connections that start in the robot. So yeah.  and we'll say match number 67.
2026-08-08 15:54:46.566 - RealTimeSTT: realtimestt - DEBUG - Current realtime buffer size: 1421312
2026-08-08 15:54:47.276 - RealTimeSTT: realtimestt - DEBUG - _audio_data_worker writing audio data into queue.
2026-08-08 15:54:48.090 - RealTimeSTT: realtimestt - DEBUG - Realtime text detected (timer): Yeah, correct. Open AI 5.6. Yeah, this one I wrote myself. Is this is pike you two guys? Yes. Hey, pike you two is  cross platform and I can wrap it up in two-dexicutable. So it's better than taking two. It is better than taking it to voice commands. Yes. So instead of looking at your phone and typing stuff or putting stuff on a keyboard, you just use voice and keywords and just narrate the match. So as a robot scores, you can say they score level three and then anything else that you say that's unrelated.  We'll be recorded as notes. And now I was having some trouble with this yesterday with Eric. I don't know. I made a fix that. Just like the real time STQ, which is one on whisper made. I used to have people want to do it once. This is local. Because everything has to be local right now. I can't make any of that process. I gotta call it. Because you know a lot to have internet connection. You know a lot of wireless connections that start in the robot. So yeah.  and we'll say match number 67.
2026-08-08 15:54:48.098 - RealTimeSTT: realtimestt - DEBUG - Current realtime buffer size: 1445888
2026-08-08 15:54:48.300 - RealTimeSTT: realtimestt - DEBUG - _audio_data_worker writing audio data into queue.
2026-08-08 15:54:49.324 - RealTimeSTT: realtimestt - DEBUG - _audio_data_worker writing audio data into queue.
2026-08-08 15:54:49.720 - RealTimeSTT: realtimestt - DEBUG - Realtime text detected (timer): Yeah, correct. Open AI 5.6. Yeah, this one I wrote myself. Is this is pike you two guys? Yes. Hey, pike you two is  cross platform and I can wrap it up in two-dexicutable. So it's better than taking two. It is better than taking it to voice commands. Yes. So instead of looking at your phone and typing stuff or putting stuff on a keyboard, you just use voice and keywords and just narrate the match. So as a robot scores, you can say they score level three and then anything else that you say that's unrelated.  We'll be recorded as notes. And now I was having some trouble with this yesterday with Eric. I don't know. I made a fix that. Just like the real time STQ, which is one on whisper made. I used to have people want to do it once. This is local. Because everything has to be local right now. I can't make any of that process. I gotta call it. Because you know a lot to have internet connection. You know a lot of wireless connections that start in the robot. So yeah.  and we'll say match number 6.7 and we're not on the
2026-08-08 15:54:49.729 - RealTimeSTT: realtimestt - DEBUG - Current realtime buffer size: 1471488
2026-08-08 15:54:50.348 - RealTimeSTT: realtimestt - DEBUG - _audio_data_worker writing audio data into queue.
2026-08-08 15:54:51.290 - RealTimeSTT: realtimestt - DEBUG - Realtime text detected (timer): Yeah, correct. Open AI 5.6. Yeah, this one I wrote myself. Is this is pike you two guys? Yes. Hey, pike you two is  cross platform and I can wrap it up in two-dexicutable. So it's better than taking two. It is better than taking it to voice commands. Yes. So instead of looking at your phone and typing stuff or putting stuff on a keyboard, you just use voice and keywords and just narrate the match. So as a robot scores, you can say they score level three and then anything else that you say that's unrelated.  We'll be recorded as notes. And now I was having some trouble with this yesterday with Eric. I don't know. I made a fix that. Just like the real time STQ, which is one on whisper made. I used to have people want to do it once. This is local. Because everything has to be local right now. I can't make any of that process. I gotta call it. Because you know a lot to have internet connection. You know a lot of wireless connections that start in the robot. So yeah.  and we'll say match number 67 and we're not on this one, okay.
2026-08-08 15:54:51.298 - RealTimeSTT: realtimestt - DEBUG - Current realtime buffer size: 1497088
2026-08-08 15:54:51.373 - RealTimeSTT: realtimestt - DEBUG - _audio_data_worker writing audio data into queue.
2026-08-08 15:54:52.396 - RealTimeSTT: realtimestt - DEBUG - _audio_data_worker writing audio data into queue.
2026-08-08 15:54:52.823 - RealTimeSTT: realtimestt - DEBUG - Realtime text detected (timer): Yeah, correct. Open AI 5.6. Yeah, this one I wrote myself. Is this is pike you two guys? Yes. Hey, pike you two is  cross platform and I can wrap it up in two-dexicutable. So it's better than taking two. It is better than taking it to voice commands. Yes. So instead of looking at your phone and typing stuff or putting stuff on a keyboard, you just use voice and keywords and just narrate the match. So as a robot scores, you can say they score level three and then anything else that you say that's unrelated.  We'll be recorded as notes. And now I was having some trouble with this yesterday with Eric. I don't know. I made a fix that. Just like the real time STQ, which is one on whisper made. I used to have people want to do it once. This is local. Because everything has to be local right now. I can't make any of that process. I gotta call it. Because you know a lot to have internet connection. You know a lot of wireless connections that start in the robot. So yeah.  and we'll say match number 6.7 and we're not on this one. Every scale rolls is getting a number.
2026-08-08 15:54:52.831 - RealTimeSTT: realtimestt - DEBUG - Current realtime buffer size: 1520640
2026-08-08 15:54:53.420 - RealTimeSTT: realtimestt - DEBUG - _audio_data_worker writing audio data into queue.
2026-08-08 15:54:54.400 - RealTimeSTT: realtimestt - DEBUG - Realtime text detected (timer): Yeah, correct. Open AI 5.6. Yeah, this one I wrote myself. Is this is pike you two guys? Yes. Hey, pike you two is  cross platform and I can wrap it up in two-dexicutable. So it's better than taking two. It is better than taking it to voice commands. Yes. So instead of looking at your phone and typing stuff or putting stuff on a keyboard, you just use voice and keywords and just narrate the match. So as a robot scores, you can say they score level three and then anything else that you say that's unrelated.  We'll be recorded as notes. And now I was having some trouble with this yesterday with Eric. I don't know. I made a fix that. Just like the real time STQ, which is one on whisper made. I used to have people want to do it once. This is local. Because everything has to be local right now. I can't make any of that process. I gotta call it. Because you know a lot to have internet connection. You know a lot of wireless connections that start in the robot. So yeah.  We'll say match number 6.7. We're not on this one. Every scale rolls is getting a number and I get like a list of scouts.
2026-08-08 15:54:54.410 - RealTimeSTT: realtimestt - DEBUG - Current realtime buffer size: 1546240
2026-08-08 15:54:54.445 - RealTimeSTT: realtimestt - DEBUG - _audio_data_worker writing audio data into queue.
2026-08-08 15:54:55.468 - RealTimeSTT: realtimestt - DEBUG - _audio_data_worker writing audio data into queue.
2026-08-08 15:54:55.991 - RealTimeSTT: realtimestt - DEBUG - Realtime text detected (timer): Yeah, correct. Open AI 5.6. Yeah, this one I wrote myself. Is this is pike you two guys? Yes. Hey, pike you two is  cross platform and I can wrap it up in two-dexicutable. So it's better than taking two. It is better than taking it to voice commands. Yes. So instead of looking at your phone and typing stuff or putting stuff on a keyboard, you just use voice and keywords and just narrate the match. So as a robot scores, you can say they score level three and then anything else that you say that's unrelated.  We'll be recorded as notes. And now I was having some trouble with this yesterday with Eric. I don't know. I made a fix that. Just like the real time STQ, which is one on whisper made. I used to have people want to do it once. This is local. Because everything has to be local right now. I can't make any of that process. I gotta call it. Because you know a lot to have internet connection. You know a lot of wireless connections that start in the robot. So yeah.  We'll say match number 6.7. We're not on this one. Every scout rolls with a number and I get like a list of scouts with blue alliance and if you're scout number 5.
2026-08-08 15:54:55.999 - RealTimeSTT: realtimestt - DEBUG - Current realtime buffer size: 1572864
2026-08-08 15:54:56.493 - RealTimeSTT: realtimestt - DEBUG - _audio_data_worker writing audio data into queue.
2026-08-08 15:54:57.516 - RealTimeSTT: realtimestt - DEBUG - _audio_data_worker writing audio data into queue.
2026-08-08 15:54:57.589 - RealTimeSTT: realtimestt - DEBUG - Realtime text detected (timer): Yeah, correct. Open AI 5.6. Yeah, this one I wrote myself. Is this is pike you two guys? Yes. Hey, pike you two is  cross platform and I can wrap it up in two-dexicutable. So it's better than taking two. It is better than taking it to voice commands. Yes. So instead of looking at your phone and typing stuff or putting stuff on a keyboard, you just use voice and keywords and just narrate the match. So as a robot scores, you can say they score level three and then anything else that you say that's unrelated.  We'll be recorded as notes. And now I was having some trouble with this yesterday with Eric. I don't know. I made a fix that. Just like the real time STQ, which is one on whisper made. I used to have people want to do it once. This is local. Because everything has to be local right now. I can't make any of that process. I gotta call it. Because you know a lot to have internet connection. You know a lot of wireless connections that start in the robot. So yeah.  We'll say match number 67. We're not on this one. Every scout will also get a number and I get like a list of scouts with blue alliance and if you're scout number five and you'll be scouting.
2026-08-08 15:54:57.598 - RealTimeSTT: realtimestt - DEBUG - Current realtime buffer size: 1597440
2026-08-08 15:54:58.540 - RealTimeSTT: realtimestt - DEBUG - _audio_data_worker writing audio data into queue.
2026-08-08 15:54:59.170 - RealTimeSTT: realtimestt - DEBUG - Realtime text detected (timer): Yeah, correct. Open AI 5.6. Yeah, this one I wrote myself. Is this is pike you two guys? Yes. Hey, pike you two is  cross platform and I can wrap it up in two-dexicutable. So it's better than taking two. It is better than taking it to voice commands. Yes. So instead of looking at your phone and typing stuff or putting stuff on a keyboard, you just use voice and keywords and just narrate the match. So as a robot scores, you can say they score level three and then anything else that you say that's unrelated.  We'll be recorded as notes. And now I was having some trouble with this yesterday with Eric. I don't know. I made a fix that. Just like the real time STQ, which is one on whisper made. I used to have people want to do it once. This is local. Because everything has to be local right now. I can't make any of that process. I gotta call it. Because you know a lot to have internet connection. You know a lot of wireless connections that start in the robot. So yeah.  We'll say match number 6.7. We're not on this one. Every scout rolls with a number and I get like a list of scouts with blue alliance and if you're scout number 5 and you'll be scouting the 5th robot.
2026-08-08 15:54:59.181 - RealTimeSTT: realtimestt - DEBUG - Current realtime buffer size: 1623040
2026-08-08 15:54:59.565 - RealTimeSTT: realtimestt - DEBUG - _audio_data_worker writing audio data into queue.
2026-08-08 15:55:00.589 - RealTimeSTT: realtimestt - DEBUG - _audio_data_worker writing audio data into queue.
2026-08-08 15:55:00.761 - RealTimeSTT: realtimestt - DEBUG - Realtime text detected (timer): Yeah, correct. Open AI 5.6. Yeah, this one I wrote myself. Is this is pike you two guys? Yes. Hey, pike you two is  cross platform and I can wrap it up in two-dexicutable. So it's better than taking two. It is better than taking it to voice commands. Yes. So instead of looking at your phone and typing stuff or putting stuff on a keyboard, you just use voice and keywords and just narrate the match. So as a robot scores, you can say they score level three and then anything else that you say that's unrelated.  We'll be recorded as notes. And now I was having some trouble with this yesterday with Eric. I don't know. I made a fix that. Just like the real time STQ, which is one on whisper made. I used to have people want to do it once. This is local. Because everything has to be local right now. I can't make any of that process. I gotta call it. Because you know a lot to have internet connection. You know a lot of wireless connections that start in the robot. So yeah.  We'll say match number 6.7. We're not on this one. Every scout will also get a number and I get like a list of scouts with blue alliance and if you're scout number 5 and you'll be scouting the 5th robot, that will also be the...
2026-08-08 15:55:00.774 - RealTimeSTT: realtimestt - DEBUG - Current realtime buffer size: 1648640
2026-08-08 15:55:01.612 - RealTimeSTT: realtimestt - DEBUG - _audio_data_worker writing audio data into queue.
2026-08-08 15:55:02.431 - RealTimeSTT: realtimestt - DEBUG - Realtime text detected (timer): Yeah, correct. Open AI 5.6. Yeah, this one I wrote myself. Is this is pike you two guys? Yes. Hey, pike you two is  cross platform and I can wrap it up in two-dexicutable. So it's better than taking two. It is better than taking it to voice commands. Yes. So instead of looking at your phone and typing stuff or putting stuff on a keyboard, you just use voice and keywords and just narrate the match. So as a robot scores, you can say they score level three and then anything else that you say that's unrelated.  We'll be recorded as notes. And now I was having some trouble with this yesterday with Eric. I don't know. I made a fix that. Just like the real time STQ, which is one on whisper made. I used to have people want to do it once. This is local. Because everything has to be local right now. I can't make any of that process. I gotta call it. Because you know a lot to have internet connection. You know a lot of wireless connections that start in the robot. So yeah.  We'll say match number 6-7. We're not on this one. Every scout rolls with a number and I get a list of scouts with blue alliance. If you're scout number 5 and you'll be scouting the 5th robot, that will also be the middle robot on the right alliance.
2026-08-08 15:55:02.444 - RealTimeSTT: realtimestt - DEBUG - Current realtime buffer size: 1675264
2026-08-08 15:55:02.636 - RealTimeSTT: realtimestt - DEBUG - _audio_data_worker writing audio data into queue.
2026-08-08 15:55:03.660 - RealTimeSTT: realtimestt - DEBUG - _audio_data_worker writing audio data into queue.
2026-08-08 15:55:04.121 - RealTimeSTT: realtimestt - DEBUG - Realtime text detected (timer): Yeah, correct. Open AI 5.6. Yeah, this one I wrote myself. Is this is pike you two guys? Yes. Hey, pike you two is  cross platform and I can wrap it up in two-dexicutable. So it's better than taking two. It is better than taking it to voice commands. Yes. So instead of looking at your phone and typing stuff or putting stuff on a keyboard, you just use voice and keywords and just narrate the match. So as a robot scores, you can say they score level three and then anything else that you say that's unrelated.  We'll be recorded as notes. And now I was having some trouble with this yesterday with Eric. I don't know. I made a fix that. Just like the real time STQ, which is one on whisper made. I used to have people want to do it once. This is local. Because everything has to be local right now. I can't make any of that process. I gotta call it. Because you know a lot to have internet connection. You know a lot of wireless connections that start in the robot. So yeah.  and we'll say match number 6.7 and we're not on this one. Every scout will also get a number and I get like a list of scouts with blue alliance and if you're scout number 5 and you'll be scouting the 5th robot that will also be the middle robot on the right alliance so you'll
2026-08-08 15:55:04.133 - RealTimeSTT: realtimestt - DEBUG - Current realtime buffer size: 1701888
2026-08-08 15:55:04.684 - RealTimeSTT: realtimestt - DEBUG - _audio_data_worker writing audio data into queue.
2026-08-08 15:55:05.699 - RealTimeSTT: realtimestt - DEBUG - Realtime text detected (timer): Yeah, correct. Open AI 5.6. Yeah, this one I wrote myself. Is this is pike you two guys? Yes. Hey, pike you two is  cross platform and I can wrap it up in two-dexicutable. So it's better than taking two. It is better than taking it to voice commands. Yes. So instead of looking at your phone and typing stuff or putting stuff on a keyboard, you just use voice and keywords and just narrate the match. So as a robot scores, you can say they score level three and then anything else that you say that's unrelated.  We'll be recorded as notes. And now I was having some trouble with this yesterday with Eric. I don't know. I made a fix that. Just like the real time STQ, which is one on whisper made. I used to have people want to do it once. This is local. Because everything has to be local right now. I can't make any of that process. I gotta call it. Because you know a lot to have internet connection. You know a lot of wireless connections that start in the robot. So yeah.  We'll say match number 6.7. We're not on this one. Every scalar will also get a number and I get like a list of scouts with blue alliance and if you're scout number 5 and you'll be scouting the 5th robot, that will also be the middle robot on the right alliance. So you'll look at the same robot every single
2026-08-08 15:55:05.711 - RealTimeSTT: realtimestt - DEBUG - Current realtime buffer size: 1726464
2026-08-08 15:55:05.711 - RealTimeSTT: realtimestt - DEBUG - _audio_data_worker writing audio data into queue.
2026-08-08 15:55:06.732 - RealTimeSTT: realtimestt - DEBUG - _audio_data_worker writing audio data into queue.
2026-08-08 15:55:07.310 - RealTimeSTT: realtimestt - DEBUG - Realtime text detected (timer): Yeah, correct. Open AI 5.6. Yeah, this one I wrote myself. Is this is pike you two guys? Yes. Hey, pike you two is  cross platform and I can wrap it up in two-dexicutable. So it's better than taking two. It is better than taking it to voice commands. Yes. So instead of looking at your phone and typing stuff or putting stuff on a keyboard, you just use voice and keywords and just narrate the match. So as a robot scores, you can say they score level three and then anything else that you say that's unrelated.  We'll be recorded as notes. And now I was having some trouble with this yesterday with Eric. I don't know. I made a fix that. Just like the real time STQ, which is one on whisper made. I used to have people want to do it once. This is local. Because everything has to be local right now. I can't make any of that process. I gotta call it. Because you know a lot to have internet connection. You know a lot of wireless connections that start in the robot. So yeah.  We'll say match number 6.7. We're not on this one. Every scale rolls is going to number and I get like a list of scouts with blue alliance and if you're scout number 5 and you'll be scouting the 5th robot that will also view the middle robot on the battle alliance so you'll look at the same robot every single match like the same
2026-08-08 15:55:07.322 - RealTimeSTT: realtimestt - DEBUG - Current realtime buffer size: 1753088
2026-08-08 15:55:07.756 - RealTimeSTT: realtimestt - DEBUG - _audio_data_worker writing audio data into queue.
2026-08-08 15:55:08.780 - RealTimeSTT: realtimestt - DEBUG - _audio_data_worker writing audio data into queue.
2026-08-08 15:55:08.927 - RealTimeSTT: realtimestt - DEBUG - Realtime text detected (timer): Yeah, correct. Open AI 5.6. Yeah, this one I wrote myself. Is this is pike you two guys? Yes. Hey, pike you two is  cross platform and I can wrap it up in two-dexicutable. So it's better than taking two. It is better than taking it to voice commands. Yes. So instead of looking at your phone and typing stuff or putting stuff on a keyboard, you just use voice and keywords and just narrate the match. So as a robot scores, you can say they score level three and then anything else that you say that's unrelated.  We'll be recorded as notes. And now I was having some trouble with this yesterday with Eric. I don't know. I made a fix that. Just like the real time STQ, which is one on whisper made. I used to have people want to do it once. This is local. Because everything has to be local right now. I can't make any of that process. I gotta call it. Because you know a lot to have internet connection. You know a lot of wireless connections that start in the robot. So yeah.  We'll say match number 6.7. We're not on this one. Every scalar will also get a number and I get like a list of scouts with blue alliance. And if you're scout number 5 and you'll be scouting the 5th robot, that will also be the middle robot on the battle alliance. So you'll look at the same robot every single match, like the same starting location basically.
2026-08-08 15:55:08.942 - RealTimeSTT: realtimestt - DEBUG - Current realtime buffer size: 1778688
2026-08-08 15:55:09.804 - RealTimeSTT: realtimestt - DEBUG - _audio_data_worker writing audio data into queue.
2026-08-08 15:55:10.551 - RealTimeSTT: realtimestt - DEBUG - Realtime text detected (timer): Yeah, correct. Open AI 5.6. Yeah, this one I wrote myself. Is this is pike you two guys? Yes. Hey, pike you two is  cross platform and I can wrap it up in two-dexicutable. So it's better than taking two. It is better than taking it to voice commands. Yes. So instead of looking at your phone and typing stuff or putting stuff on a keyboard, you just use voice and keywords and just narrate the match. So as a robot scores, you can say they score level three and then anything else that you say that's unrelated.  We'll be recorded as notes. And now I was having some trouble with this yesterday with Eric. I don't know. I made a fix that. Just like the real time STQ, which is one on whisper made. I used to have people want to do it once. This is local. Because everything has to be local right now. I can't make any of that process. I gotta call it. Because you know a lot to have internet connection. You know a lot of wireless connections that start in the robot. So yeah.  We'll say match number 6.7. We're not on this one. Every scalar will also get a number and I get like a list of scouts with blue alliance. And if you're scout number 5 and you'll be scouting the 5th robot, that will also be the middle robot on the battle alliance. So you'll look at the same robot every single match, like the same starting location basically. So that'll be super nice and it'll keep
2026-08-08 15:55:10.563 - RealTimeSTT: realtimestt - DEBUG - Current realtime buffer size: 1804288
2026-08-08 15:55:10.828 - RealTimeSTT: realtimestt - DEBUG - _audio_data_worker writing audio data into queue.
2026-08-08 15:55:11.852 - RealTimeSTT: realtimestt - DEBUG - _audio_data_worker writing audio data into queue.
2026-08-08 15:55:12.234 - RealTimeSTT: realtimestt - DEBUG - Realtime text detected (timer): Yeah, correct. Open AI 5.6. Yeah, this one I wrote myself. Is this is pike you two guys? Yes. Hey, pike you two is  cross platform and I can wrap it up in two-dexicutable. So it's better than taking two. It is better than taking it to voice commands. Yes. So instead of looking at your phone and typing stuff or putting stuff on a keyboard, you just use voice and keywords and just narrate the match. So as a robot scores, you can say they score level three and then anything else that you say that's unrelated.  We'll be recorded as notes. And now I was having some trouble with this yesterday with Eric. I don't know. I made a fix that. Just like the real time STQ, which is one on whisper made. I used to have people want to do it once. This is local. Because everything has to be local right now. I can't make any of that process. I gotta call it. Because you know a lot to have internet connection. You know a lot of wireless connections that start in the robot. So yeah.  We'll say match number 6.7. We're not on this one. Every scout will also get a number and I get like a list of scouts with blue alliance. And if you're scout number 5 and you'll be scouting the 5th robot, that will also be the middle robot on the battle alliance. So you'll look at the same robot every single match, like the same starting location basically. So that'll be super nice and it'll keep the scouts organized.
2026-08-08 15:55:12.247 - RealTimeSTT: realtimestt - DEBUG - Current realtime buffer size: 1831936
2026-08-08 15:55:12.876 - RealTimeSTT: realtimestt - DEBUG - _audio_data_worker writing audio data into queue.
2026-08-08 15:55:13.901 - RealTimeSTT: realtimestt - DEBUG - _audio_data_worker writing audio data into queue.
2026-08-08 15:55:14.229 - RealTimeSTT: realtimestt - DEBUG - Realtime text detected (timer): Yeah, correct. Open AI 5.6. Yeah, this one I wrote myself. Is this is pike you two guys? Yes. Hey, pike you two is  cross platform and I can wrap it up in two-dexicutable. So it's better than taking two. It is better than taking it to voice commands. Yes. So instead of looking at your phone and typing stuff or putting stuff on a keyboard, you just use voice and keywords and just narrate the match. So as a robot scores, you can say they score level three and then anything else that you say that's unrelated.  We'll be recorded as notes. And now I was having some trouble with this yesterday with Eric. I don't know. I made a fix that. Just like the real time STQ, which is one on whisper made. I used to have people want to do it once. This is local. Because everything has to be local right now. I can't make any of that process. I gotta call it. Because you know a lot to have internet connection. You know a lot of wireless connections that start in the robot. So yeah.  We'll say match number 6.7. We're not on this one. Every scout will also get a number and I get like a list of scouts with blue alliance. And if you're scout number 5 and you'll be scouting the 5th robot, that will also be the middle robot on the battle alliance. So you'll look at the same robot every single match, like the same starting location basically. So that'll be super nice and it'll keep the scouts organized.
2026-08-08 15:55:14.240 - RealTimeSTT: realtimestt - DEBUG - Current realtime buffer size: 1863680
2026-08-08 15:55:14.924 - RealTimeSTT: realtimestt - DEBUG - _audio_data_worker writing audio data into queue.
2026-08-08 15:55:15.949 - RealTimeSTT: realtimestt - DEBUG - _audio_data_worker writing audio data into queue.
2026-08-08 15:55:16.116 - RealTimeSTT: realtimestt - DEBUG - Realtime text detected (timer): Yeah, correct. Open AI 5.6. Yeah, this one I wrote myself. Is this is pike you two guys? Yes. Hey, pike you two is  cross platform and I can wrap it up in two-dexicutable. So it's better than taking two. It is better than taking it to voice commands. Yes. So instead of looking at your phone and typing stuff or putting stuff on a keyboard, you just use voice and keywords and just narrate the match. So as a robot scores, you can say they score level three and then anything else that you say that's unrelated.  We'll be recorded as notes. And now I was having some trouble with this yesterday with Eric. I don't know. I made a fix that. Just like the real time STQ, which is one on whisper made. I used to have people want to do it once. This is local. Because everything has to be local right now. I can't make any of that process. I gotta call it. Because you know a lot to have internet connection. You know a lot of wireless connections that start in the robot. So yeah.  We'll say match number 6.7. We're not on this one. Every scout will also get a number and I get like a list of scouts with blue alliance. And if you're scout number 5 and you'll be scouting the 5th robot, that will also be the middle robot on the battle alliance. So you'll look at the same robot every single match, like the same starting location basically. So that'll be super nice and it'll keep the scouts organized.
2026-08-08 15:55:16.129 - RealTimeSTT: realtimestt - DEBUG - Current realtime buffer size: 1893376
2026-08-08 15:55:16.972 - RealTimeSTT: realtimestt - DEBUG - _audio_data_worker writing audio data into queue.
2026-08-08 15:55:17.996 - RealTimeSTT: realtimestt - DEBUG - _audio_data_worker writing audio data into queue.
2026-08-08 15:55:18.004 - RealTimeSTT: realtimestt - DEBUG - Realtime text detected (timer): Yeah, correct. Open AI 5.6. Yeah, this one I wrote myself. Is this is pike you two guys? Yes. Hey, pike you two is  cross platform and I can wrap it up in two-dexicutable. So it's better than taking two. It is better than taking it to voice commands. Yes. So instead of looking at your phone and typing stuff or putting stuff on a keyboard, you just use voice and keywords and just narrate the match. So as a robot scores, you can say they score level three and then anything else that you say that's unrelated.  We'll be recorded as notes. And now I was having some trouble with this yesterday with Eric. I don't know. I made a fix that. Just like the real time STQ, which is one on whisper made. I used to have people want to do it once. This is local. Because everything has to be local right now. I can't make any of that process. I gotta call it. Because you know a lot to have internet connection. You know a lot of wireless connections that start in the robot. So yeah.  We'll say match number 6.7. We're not on this one. Every scout will also get a number and I get like a list of scouts with blue alliance. And if you're scout number 5 and you'll be scouting the 5th robot, that will also be the middle robot on the battle alliance. So you'll look at the same robot every single match, like the same starting location basically. So that'll be super nice and it'll keep the scouts organized.  This takes a second.
2026-08-08 15:55:18.017 - RealTimeSTT: realtimestt - DEBUG - Current realtime buffer size: 1925120
2026-08-08 15:55:19.020 - RealTimeSTT: realtimestt - DEBUG - _audio_data_worker writing audio data into queue.
2026-08-08 15:55:19.826 - RealTimeSTT: realtimestt - DEBUG - Realtime text detected (timer): Yeah, correct. Open AI 5.6. Yeah, this one I wrote myself. Is this is pike you two guys? Yes. Hey, pike you two is  cross platform and I can wrap it up in two-dexicutable. So it's better than taking two. It is better than taking it to voice commands. Yes. So instead of looking at your phone and typing stuff or putting stuff on a keyboard, you just use voice and keywords and just narrate the match. So as a robot scores, you can say they score level three and then anything else that you say that's unrelated.  We'll be recorded as notes. And now I was having some trouble with this yesterday with Eric. I don't know. I made a fix that. Just like the real time STQ, which is one on whisper made. I used to have people want to do it once. This is local. Because everything has to be local right now. I can't make any of that process. I gotta call it. Because you know a lot to have internet connection. You know a lot of wireless connections that start in the robot. So yeah.  We'll say match number 6.7. We're not on this one. Every scout will also get a number and I get like a list of scouts with blue alliance. And if you're scout number 5 and you'll be scouting the 5th robot, that will also be the middle robot on the battle alliance. So you'll look at the same robot every single match, like the same starting location basically. So that'll be super nice and it'll keep the scouts organized.  This takes a second.
2026-08-08 15:55:19.839 - RealTimeSTT: realtimestt - DEBUG - Current realtime buffer size: 1953792
2026-08-08 15:55:20.047 - RealTimeSTT: realtimestt - DEBUG - _audio_data_worker writing audio data into queue.
2026-08-08 15:55:21.068 - RealTimeSTT: realtimestt - DEBUG - _audio_data_worker writing audio data into queue.
2026-08-08 15:55:21.656 - RealTimeSTT: realtimestt - DEBUG - Realtime text detected (timer): Yeah, correct. Open AI 5.6. Yeah, this one I wrote myself. Is this is pike you two guys? Yes. Hey, pike you two is  cross platform and I can wrap it up in two-dexicutable. So it's better than taking two. It is better than taking it to voice commands. Yes. So instead of looking at your phone and typing stuff or putting stuff on a keyboard, you just use voice and keywords and just narrate the match. So as a robot scores, you can say they score level three and then anything else that you say that's unrelated.  We'll be recorded as notes. And now I was having some trouble with this yesterday with Eric. I don't know. I made a fix that. Just like the real time STQ, which is one on whisper made. I used to have people want to do it once. This is local. Because everything has to be local right now. I can't make any of that process. I gotta call it. Because you know a lot to have internet connection. You know a lot of wireless connections that start in the robot. So yeah.  We'll say match number 6.7. We're not on this one. Every scout will also get a number and I get like a list of scouts with blue alliance. And if you're scout number 5 and you'll be scouting the 5th robot, that will also be the middle robot on the battle alliance. So you'll look at the same robot every single match, like the same starting location basically. So that'll be super nice and it'll keep the scouts organized.  This takes a second.
2026-08-08 15:55:21.670 - RealTimeSTT: realtimestt - DEBUG - Current realtime buffer size: 1982464
2026-08-08 15:55:22.092 - RealTimeSTT: realtimestt - DEBUG - _audio_data_worker writing audio data into queue.
2026-08-08 15:55:23.117 - RealTimeSTT: realtimestt - DEBUG - _audio_data_worker writing audio data into queue.
2026-08-08 15:55:23.784 - RealTimeSTT: realtimestt - DEBUG - Realtime text detected (timer): Yeah, correct. Open AI 5.6. Yeah, this one I wrote myself. Is this is pike you two guys? Yes. Hey, pike you two is  cross platform and I can wrap it up in two-dexicutable. So it's better than taking two. It is better than taking it to voice commands. Yes. So instead of looking at your phone and typing stuff or putting stuff on a keyboard, you just use voice and keywords and just narrate the match. So as a robot scores, you can say they score level three and then anything else that you say that's unrelated.  We'll be recorded as notes. And now I was having some trouble with this yesterday with Eric. I don't know. I made a fix that. Just like the real time STQ, which is one on whisper made. I used to have people want to do it once. This is local. Because everything has to be local right now. I can't make any of that process. I gotta call it. Because you know a lot to have internet connection. You know a lot of wireless connections that start in the robot. So yeah.  We'll say match number 6.7. We're not on this one. Every scout will also get a number and I get like a list of scouts with blue alliance. And if you're scout number 5 and you'll be scouting the 5th robot, that will also be the middle robot on the battle alliance. So you'll look at the same robot every single match, like the same starting location basically. So that'll be super nice and it'll keep the scouts organized.  This takes a second So now you can see the notes popping up
2026-08-08 15:55:23.800 - RealTimeSTT: realtimestt - DEBUG - Current realtime buffer size: 2016256
2026-08-08 15:55:24.140 - RealTimeSTT: realtimestt - DEBUG - _audio_data_worker writing audio data into queue.
2026-08-08 15:55:25.164 - RealTimeSTT: realtimestt - DEBUG - _audio_data_worker writing audio data into queue.
2026-08-08 15:55:25.645 - RealTimeSTT: realtimestt - DEBUG - Realtime text detected (timer): Yeah, correct. Open AI 5.6. Yeah, this one I wrote myself. Is this is pike you two guys? Yes. Hey, pike you two is  cross platform and I can wrap it up in two-dexicutable. So it's better than taking two. It is better than taking it to voice commands. Yes. So instead of looking at your phone and typing stuff or putting stuff on a keyboard, you just use voice and keywords and just narrate the match. So as a robot scores, you can say they score level three and then anything else that you say that's unrelated.  We'll be recorded as notes. And now I was having some trouble with this yesterday with Eric. I don't know. I made a fix that. Just like the real time STQ, which is one on whisper made. I used to have people want to do it once. This is local. Because everything has to be local right now. I can't make any of that process. I gotta call it. Because you know a lot to have internet connection. You know a lot of wireless connections that start in the robot. So yeah.  We'll say match number 6.7. We're not on this one. Every scout will also get a number and I get like a list of scouts with blue alliance. And if you're scout number 5 and you'll be scouting the 5th robot, that will also be the middle robot on the battle alliance. So you'll look at the same robot every single match, like the same starting location basically. So that'll be super nice and it'll keep the scouts organized.  This takes a second So now you can see the notes popping up in the bottom
2026-08-08 15:55:25.660 - RealTimeSTT: realtimestt - DEBUG - Current realtime buffer size: 2045952
2026-08-08 15:55:26.188 - RealTimeSTT: realtimestt - DEBUG - _audio_data_worker writing audio data into queue.
2026-08-08 15:55:27.212 - RealTimeSTT: realtimestt - DEBUG - _audio_data_worker writing audio data into queue.
2026-08-08 15:55:27.819 - RealTimeSTT: realtimestt - DEBUG - Realtime text detected (timer): Yeah, correct. Open AI 5.6. Yeah, this one I wrote myself. Is this is pike you two guys? Yes. Hey, pike you two is  cross platform and I can wrap it up in two-dexicutable. So it's better than taking two. It is better than taking it to voice commands. Yes. So instead of looking at your phone and typing stuff or putting stuff on a keyboard, you just use voice and keywords and just narrate the match. So as a robot scores, you can say they score level three and then anything else that you say that's unrelated.  We'll be recorded as notes. And now I was having some trouble with this yesterday with Eric. I don't know. I made a fix that. Just like the real time STQ, which is one on whisper made. I used to have people want to do it once. This is local. Because everything has to be local right now. I can't make any of that process. I gotta call it. Because you know a lot to have internet connection. You know a lot of wireless connections that start in the robot. So yeah.  We'll say match number 6.7. We're not on this one. Every scout will also get a number and I get like a list of scouts with blue alliance. And if you're scout number 5 and you'll be scouting the 5th robot, that will also be the middle robot on the battle alliance. So you'll look at the same robot every single match, like the same starting location basically. So that'll be super nice and it'll keep the scouts organized.  This takes a second So now you can see the notes popping up in the bottom which is kind of
2026-08-08 15:55:27.834 - RealTimeSTT: realtimestt - DEBUG - Current realtime buffer size: 2081792
2026-08-08 15:55:28.236 - RealTimeSTT: realtimestt - DEBUG - _audio_data_worker writing audio data into queue.
2026-08-08 15:55:29.260 - RealTimeSTT: realtimestt - DEBUG - _audio_data_worker writing audio data into queue.
2026-08-08 15:55:29.754 - RealTimeSTT: realtimestt - DEBUG - Realtime text detected (timer): Yeah, correct. Open AI 5.6. Yeah, this one I wrote myself. Is this is pike you two guys? Yes. Hey, pike you two is  cross platform and I can wrap it up in two-dexicutable. So it's better than taking two. It is better than taking it to voice commands. Yes. So instead of looking at your phone and typing stuff or putting stuff on a keyboard, you just use voice and keywords and just narrate the match. So as a robot scores, you can say they score level three and then anything else that you say that's unrelated.  We'll be recorded as notes. And now I was having some trouble with this yesterday with Eric. I don't know. I made a fix that. Just like the real time STQ, which is one on whisper made. I used to have people want to do it once. This is local. Because everything has to be local right now. I can't make any of that process. I gotta call it. Because you know a lot to have internet connection. You know a lot of wireless connections that start in the robot. So yeah.  We'll say match number 6.7. We're not on this one. Every scout will also get a number and I get like a list of scouts with blue alliance. And if you're scout number 5 and you'll be scouting the 5th robot, that will also be the middle robot on the battle alliance. So you'll look at the same robot every single match, like the same starting location basically. So that'll be super nice and it'll keep the scouts organized.  This takes a second. So now you can see the notes popping up in the bottom which is kind of janky.
2026-08-08 15:55:29.768 - RealTimeSTT: realtimestt - DEBUG - Current realtime buffer size: 2111488
2026-08-08 15:55:30.284 - RealTimeSTT: realtimestt - DEBUG - _audio_data_worker writing audio data into queue.
2026-08-08 15:55:31.308 - RealTimeSTT: realtimestt - DEBUG - _audio_data_worker writing audio data into queue.
2026-08-08 15:55:31.734 - RealTimeSTT: realtimestt - DEBUG - Realtime text detected (timer): Yeah, correct. Open AI 5.6. Yeah, this one I wrote myself. Is this is pike you two guys? Yes. Hey, pike you two is  cross platform and I can wrap it up in two-dexicutable. So it's better than taking two. It is better than taking it to voice commands. Yes. So instead of looking at your phone and typing stuff or putting stuff on a keyboard, you just use voice and keywords and just narrate the match. So as a robot scores, you can say they score level three and then anything else that you say that's unrelated.  We'll be recorded as notes. And now I was having some trouble with this yesterday with Eric. I don't know. I made a fix that. Just like the real time STQ, which is one on whisper made. I used to have people want to do it once. This is local. Because everything has to be local right now. I can't make any of that process. I gotta call it. Because you know a lot to have internet connection. You know a lot of wireless connections that start in the robot. So yeah.  We'll say match number 6.7. We're not on this one. Every scout will also get a number and I get like a list of scouts with blue alliance. And if you're scout number 5 and you'll be scouting the 5th robot, that will also be the middle robot on the battle alliance. So you'll look at the same robot every single match, like the same starting location basically. So that'll be super nice and it'll keep the scouts organized.  This takes a second So now you can see the notes popping up in the bottom which is kind of janky. Wait, why did that? That was like a one
2026-08-08 15:55:31.750 - RealTimeSTT: realtimestt - DEBUG - Current realtime buffer size: 2144256
2026-08-08 15:55:32.332 - RealTimeSTT: realtimestt - DEBUG - _audio_data_worker writing audio data into queue.
2026-08-08 15:55:33.356 - RealTimeSTT: realtimestt - DEBUG - _audio_data_worker writing audio data into queue.
2026-08-08 15:55:33.632 - RealTimeSTT: realtimestt - DEBUG - Realtime text detected (timer): Yeah, correct. Open AI 5.6. Yeah, this one I wrote myself. Is this is pike you two guys? Yes. Hey, pike you two is  cross platform and I can wrap it up in two-dexicutable. So it's better than taking two. It is better than taking it to voice commands. Yes. So instead of looking at your phone and typing stuff or putting stuff on a keyboard, you just use voice and keywords and just narrate the match. So as a robot scores, you can say they score level three and then anything else that you say that's unrelated.  We'll be recorded as notes. And now I was having some trouble with this yesterday with Eric. I don't know. I made a fix that. Just like the real time STQ, which is one on whisper made. I used to have people want to do it once. This is local. Because everything has to be local right now. I can't make any of that process. I gotta call it. Because you know a lot to have internet connection. You know a lot of wireless connections that start in the robot. So yeah.  We'll say match number 6.7. We're not on this one. Every scout will also get a number and I get like a list of scouts with blue alliance. And if you're scout number 5 and you'll be scouting the 5th robot, that will also be the middle robot on the battle alliance. So you'll look at the same robot every single match, like the same starting location basically. So that'll be super nice and it'll keep the scouts organized.  This takes a second. So now you can see the notes popping up in the bottom which is kind of janky. Why did that? That was like a long time ago.
2026-08-08 15:55:33.649 - RealTimeSTT: realtimestt - DEBUG - Current realtime buffer size: 2174976
2026-08-08 15:55:34.380 - RealTimeSTT: realtimestt - DEBUG - _audio_data_worker writing audio data into queue.
2026-08-08 15:55:35.404 - RealTimeSTT: realtimestt - DEBUG - _audio_data_worker writing audio data into queue.
2026-08-08 15:55:35.562 - RealTimeSTT: realtimestt - DEBUG - Realtime text detected (timer): Yeah, correct. Open AI 5.6. Yeah, this one I wrote myself. Is this is pike you two guys? Yes. Hey, pike you two is  cross platform and I can wrap it up in two-dexicutable. So it's better than taking two. It is better than taking it to voice commands. Yes. So instead of looking at your phone and typing stuff or putting stuff on a keyboard, you just use voice and keywords and just narrate the match. So as a robot scores, you can say they score level three and then anything else that you say that's unrelated.  We'll be recorded as notes. And now I was having some trouble with this yesterday with Eric. I don't know. I made a fix that. Just like the real time STQ, which is one on whisper made. I used to have people want to do it once. This is local. Because everything has to be local right now. I can't make any of that process. I gotta call it. Because you know a lot to have internet connection. You know a lot of wireless connections that start in the robot. So yeah.  We'll say match number 6.7. We're not on this one. Every scout will also get a number and I get like a list of scouts with blue alliance. And if you're scout number 5 and you'll be scouting the 5th robot, that will also be the middle robot on the battle alliance. So you'll look at the same robot every single match, like the same starting location basically. So that'll be super nice and it'll keep the scouts organized.  This takes a second So now you can see the notes popping up in the bottom which is kind of janky. Wait, why did that? That was like a long time ago. Okay, so I
2026-08-08 15:55:35.576 - RealTimeSTT: realtimestt - DEBUG - Current realtime buffer size: 2204672
2026-08-08 15:55:36.428 - RealTimeSTT: realtimestt - DEBUG - _audio_data_worker writing audio data into queue.
2026-08-08 15:55:37.452 - RealTimeSTT: realtimestt - DEBUG - _audio_data_worker writing audio data into queue.
2026-08-08 15:55:37.505 - RealTimeSTT: realtimestt - DEBUG - Realtime text detected (timer): Yeah, correct. Open AI 5.6. Yeah, this one I wrote myself. Is this is pike you two guys? Yes. Hey, pike you two is  cross platform and I can wrap it up in two-dexicutable. So it's better than taking two. It is better than taking it to voice commands. Yes. So instead of looking at your phone and typing stuff or putting stuff on a keyboard, you just use voice and keywords and just narrate the match. So as a robot scores, you can say they score level three and then anything else that you say that's unrelated.  We'll be recorded as notes. And now I was having some trouble with this yesterday with Eric. I don't know. I made a fix that. Just like the real time STQ, which is one on whisper made. I used to have people want to do it once. This is local. Because everything has to be local right now. I can't make any of that process. I gotta call it. Because you know a lot to have internet connection. You know a lot of wireless connections that start in the robot. So yeah.  We'll say match number 6.7. We're not on this one. Every scout will also get a number and I get like a list of scouts with blue alliance. And if you're scout number 5 and you'll be scouting the 5th robot, that will also be the middle robot on the battle alliance. So you'll look at the same robot every single match, like the same starting location basically. So that'll be super nice and it'll keep the scouts organized.  This takes a second So now you can see the notes popping up in the bottom which is kind of janky. Wait, why did that? That was like a long time ago. Okay, so I said I wrote this myself
2026-08-08 15:55:37.521 - RealTimeSTT: realtimestt - DEBUG - Current realtime buffer size: 2236416
2026-08-08 15:55:38.476 - RealTimeSTT: realtimestt - DEBUG - _audio_data_worker writing audio data into queue.
2026-08-08 15:55:39.500 - RealTimeSTT: realtimestt - DEBUG - _audio_data_worker writing audio data into queue.
2026-08-08 15:55:39.600 - RealTimeSTT: realtimestt - DEBUG - Realtime text detected (timer): Yeah, correct. Open AI 5.6. Yeah, this one I wrote myself. Is this is pike you two guys? Yes. Hey, pike you two is  cross platform and I can wrap it up in two-dexicutable. So it's better than taking two. It is better than taking it to voice commands. Yes. So instead of looking at your phone and typing stuff or putting stuff on a keyboard, you just use voice and keywords and just narrate the match. So as a robot scores, you can say they score level three and then anything else that you say that's unrelated.  We'll be recorded as notes. And now I was having some trouble with this yesterday with Eric. I don't know. I made a fix that. Just like the real time STQ, which is one on whisper made. I used to have people want to do it once. This is local. Because everything has to be local right now. I can't make any of that process. I gotta call it. Because you know a lot to have internet connection. You know a lot of wireless connections that start in the robot. So yeah.  We'll say match number 6.7. We're not on this one. Every scout will also get a number and I get like a list of scouts with blue alliance. And if you're scout number 5 and you'll be scouting the 5th robot, that will also be the middle robot on the battle alliance. So you'll look at the same robot every single match, like the same starting location basically. So that'll be super nice and it'll keep the scouts organized.  This takes a second So now you can see the notes popping up in the bottom which is kind of janky. Wait, why did that? That was like a long time ago. Okay, so I said I wrote this myself. That's why it's janky
2026-08-08 15:55:39.622 - RealTimeSTT: realtimestt - DEBUG - Current realtime buffer size: 2270208
2026-08-08 15:55:40.524 - RealTimeSTT: realtimestt - DEBUG - _audio_data_worker writing audio data into queue.
2026-08-08 15:55:41.548 - RealTimeSTT: realtimestt - DEBUG - _audio_data_worker writing audio data into queue.
2026-08-08 15:55:42.004 - RealTimeSTT: realtimestt - DEBUG - Realtime text detected (timer): Yeah, correct. Open AI 5.6. Yeah, this one I wrote myself. Is this is pike you two guys? Yes. Hey, pike you two is  cross platform and I can wrap it up in two-dexicutable. So it's better than taking two. It is better than taking it to voice commands. Yes. So instead of looking at your phone and typing stuff or putting stuff on a keyboard, you just use voice and keywords and just narrate the match. So as a robot scores, you can say they score level three and then anything else that you say that's unrelated.  We'll be recorded as notes. And now I was having some trouble with this yesterday with Eric. I don't know. I made a fix that. Just like the real time STQ, which is one on whisper made. I used to have people want to do it once. This is local. Because everything has to be local right now. I can't make any of that process. I gotta call it. Because you know a lot to have internet connection. You know a lot of wireless connections that start in the robot. So yeah.  We'll say match number 6.7. We're not on this one. Every scout will also get a number and I get like a list of scouts with blue alliance. And if you're scout number 5 and you'll be scouting the 5th robot, that will also be the middle robot on the battle alliance. So you'll look at the same robot every single match, like the same starting location basically. So that'll be super nice and it'll keep the scouts organized.  This takes a second So now you can see the notes popping up in the bottom, which is kind of janky. Wait, why did that? That was like a long time ago. Okay, so I said I wrote this myself. That's why it's janky. I need to fix it.
2026-08-08 15:55:42.021 - RealTimeSTT: realtimestt - DEBUG - Current realtime buffer size: 2308096
2026-08-08 15:55:42.572 - RealTimeSTT: realtimestt - DEBUG - _audio_data_worker writing audio data into queue.
2026-08-08 15:55:43.596 - RealTimeSTT: realtimestt - DEBUG - _audio_data_worker writing audio data into queue.
2026-08-08 15:55:44.620 - RealTimeSTT: realtimestt - DEBUG - _audio_data_worker writing audio data into queue.
2026-08-08 15:55:44.647 - RealTimeSTT: realtimestt - DEBUG - Realtime text detected (timer): Yeah, correct. Open AI 5.6. Yeah, this one I wrote myself. Is this is pike you two guys? Yes. Hey, pike you two is  cross platform and I can wrap it up in two-dexicutable. So it's better than taking two. It is better than taking it to voice commands. Yes. So instead of looking at your phone and typing stuff or putting stuff on a keyboard, you just use voice and keywords and just narrate the match. So as a robot scores, you can say they score level three and then anything else that you say that's unrelated.  We'll be recorded as notes. And now I was having some trouble with this yesterday with Eric. I don't know. I made a fix that. Just like the real time STQ, which is one on whisper made. I used to have people want to do it once. This is local. Because everything has to be local right now. I can't make any of that process. I gotta call it. Because you know a lot to have internet connection. You know a lot of wireless connections that start in the robot. So yeah.  We'll say match number 6.7. We're not on this one. Every scout will also get a number and I get like a list of scouts with blue alliance. And if you're scout number 5 and you'll be scouting the 5th robot, that will also be the middle robot on the battle alliance. So you'll look at the same robot every single match, like the same starting location basically. So that'll be super nice and it'll keep the scouts organized.  This takes a second So now you can see the notes popping up in the bottom, which is kind of janky. Wait, why did that? That was like a long time ago. Okay, so I said I wrote this myself. That's why it's janky. I need to fix it I focus a lot more on the other one
2026-08-08 15:55:44.668 - RealTimeSTT: realtimestt - DEBUG - Current realtime buffer size: 2351104
2026-08-08 15:55:45.644 - RealTimeSTT: realtimestt - DEBUG - _audio_data_worker writing audio data into queue.
2026-08-08 15:55:46.669 - RealTimeSTT: realtimestt - DEBUG - _audio_data_worker writing audio data into queue.
2026-08-08 15:55:47.250 - RealTimeSTT: realtimestt - DEBUG - Realtime text detected (timer): Yeah, correct. Open AI 5.6. Yeah, this one I wrote myself. Is this is pike you two guys? Yes. Hey, pike you two is  cross platform and I can wrap it up in two-dexicutable. So it's better than taking two. It is better than taking it to voice commands. Yes. So instead of looking at your phone and typing stuff or putting stuff on a keyboard, you just use voice and keywords and just narrate the match. So as a robot scores, you can say they score level three and then anything else that you say that's unrelated.  We'll be recorded as notes. And now I was having some trouble with this yesterday with Eric. I don't know. I made a fix that. Just like the real time STQ, which is one on whisper made. I used to have people want to do it once. This is local. Because everything has to be local right now. I can't make any of that process. I gotta call it. Because you know a lot to have internet connection. You know a lot of wireless connections that start in the robot. So yeah.  We'll say match number 6.7. We're not on this one. Every scout will also get a number and I get like a list of scouts with blue alliance. And if you're scout number 5 and you'll be scouting the 5th robot, that will also be the middle robot on the battle alliance. So you'll look at the same robot every single match, like the same starting location basically. So that'll be super nice and it'll keep the scouts organized.  This takes a second So now you can see the notes popping up in the bottom, which is kind of janky. Wait, why did that? That was like a long time ago. Okay, so I said I wrote this myself. That's why it's janky. I need to fix it. I focused a lot more on the other one, but
2026-08-08 15:55:47.269 - RealTimeSTT: realtimestt - DEBUG - Current realtime buffer size: 2392064
2026-08-08 15:55:47.692 - RealTimeSTT: realtimestt - DEBUG - _audio_data_worker writing audio data into queue.
2026-08-08 15:55:48.716 - RealTimeSTT: realtimestt - DEBUG - _audio_data_worker writing audio data into queue.
2026-08-08 15:55:49.740 - RealTimeSTT: realtimestt - DEBUG - _audio_data_worker writing audio data into queue.
2026-08-08 15:55:49.869 - RealTimeSTT: realtimestt - DEBUG - Realtime text detected (timer): Yeah, correct. Open AI 5.6. Yeah, this one I wrote myself. Is this is pike you two guys? Yes. Hey, pike you two is  cross platform and I can wrap it up in two-dexicutable. So it's better than taking two. It is better than taking it to voice commands. Yes. So instead of looking at your phone and typing stuff or putting stuff on a keyboard, you just use voice and keywords and just narrate the match. So as a robot scores, you can say they score level three and then anything else that you say that's unrelated.  We'll be recorded as notes. And now I was having some trouble with this yesterday with Eric. I don't know. I made a fix that. Just like the real time STQ, which is one on whisper made. I used to have people want to do it once. This is local. Because everything has to be local right now. I can't make any of that process. I gotta call it. Because you know a lot to have internet connection. You know a lot of wireless connections that start in the robot. So yeah.  We'll say match number 6.7. We're not on this one. Every scout will also get a number and I get like a list of scouts with blue alliance. And if you're scout number 5 and you'll be scouting the 5th robot, that will also be the middle robot on the battle alliance. So you'll look at the same robot every single match, like the same starting location basically. So that'll be super nice and it'll keep the scouts organized.  This takes a second So now you can see the notes popping up in the bottom, which is kind of janky. Wait, why did that? That was like a long time ago. Okay, so I said I wrote this myself. That's why it's janky. I need to fix it. I focus a lot more on the other one, but Okay, but if you say like it
2026-08-08 15:55:49.889 - RealTimeSTT: realtimestt - DEBUG - Current realtime buffer size: 2434048
2026-08-08 15:55:50.764 - RealTimeSTT: realtimestt - DEBUG - _audio_data_worker writing audio data into queue.
2026-08-08 15:55:51.788 - RealTimeSTT: realtimestt - DEBUG - _audio_data_worker writing audio data into queue.
2026-08-08 15:55:52.078 - RealTimeSTT: realtimestt - DEBUG - Realtime text detected (timer): Yeah, correct. Open AI 5.6. Yeah, this one I wrote myself. Is this is pike you two guys? Yes. Hey, pike you two is  cross platform and I can wrap it up in two-dexicutable. So it's better than taking two. It is better than taking it to voice commands. Yes. So instead of looking at your phone and typing stuff or putting stuff on a keyboard, you just use voice and keywords and just narrate the match. So as a robot scores, you can say they score level three and then anything else that you say that's unrelated.  We'll be recorded as notes. And now I was having some trouble with this yesterday with Eric. I don't know. I made a fix that. Just like the real time STQ, which is one on whisper made. I used to have people want to do it once. This is local. Because everything has to be local right now. I can't make any of that process. I gotta call it. Because you know a lot to have internet connection. You know a lot of wireless connections that start in the robot. So yeah.  We'll say match number 6.7. We're not on this one. Every scout will also get a number and I get like a list of scouts with blue alliance. And if you're scout number 5 and you'll be scouting the 5th robot, that will also be the middle robot on the battle alliance. So you'll look at the same robot every single match, like the same starting location basically. So that'll be super nice and it'll keep the scouts organized.  This takes a second So now you can see the notes popping up in the bottom, which is kind of janky. Wait, why did that? That was like a long time ago. Okay, so I said I wrote this myself. That's why it's janky. I need to fix it. I focus a lot more on the other one, but  But if you say like it's scored on the middle level, please
2026-08-08 15:55:52.096 - RealTimeSTT: realtimestt - DEBUG - Current realtime buffer size: 2469888
2026-08-08 15:55:52.812 - RealTimeSTT: realtimestt - DEBUG - _audio_data_worker writing audio data into queue.
2026-08-08 15:55:53.836 - RealTimeSTT: realtimestt - DEBUG - _audio_data_worker writing audio data into queue.
2026-08-08 15:55:54.296 - RealTimeSTT: realtimestt - DEBUG - Realtime text detected (timer): Yeah, correct. Open AI 5.6. Yeah, this one I wrote myself. Is this is pike you two guys? Yes. Hey, pike you two is  cross platform and I can wrap it up in two-dexicutable. So it's better than taking two. It is better than taking it to voice commands. Yes. So instead of looking at your phone and typing stuff or putting stuff on a keyboard, you just use voice and keywords and just narrate the match. So as a robot scores, you can say they score level three and then anything else that you say that's unrelated.  We'll be recorded as notes. And now I was having some trouble with this yesterday with Eric. I don't know. I made a fix that. Just like the real time STQ, which is one on whisper made. I used to have people want to do it once. This is local. Because everything has to be local right now. I can't make any of that process. I gotta call it. Because you know a lot to have internet connection. You know a lot of wireless connections that start in the robot. So yeah.  We'll say match number 6.7. We're not on this one. Every scout will also get a number and I get like a list of scouts with blue alliance. And if you're scout number 5 and you'll be scouting the 5th robot, that will also be the middle robot on the battle alliance. So you'll look at the same robot every single match, like the same starting location basically. So that'll be super nice and it'll keep the scouts organized.  This takes a second So now you can see the notes popping up in the bottom, which is kind of janky. Wait, why did that? That was like a long time ago. Okay, so I said I wrote this myself. That's why it's janky. I need to fix it. I focus a lot more on the other one, but  but if you say like it's scored on the middle level please that's good on the
2026-08-08 15:55:54.313 - RealTimeSTT: realtimestt - DEBUG - Current realtime buffer size: 2504704
2026-08-08 15:55:54.860 - RealTimeSTT: realtimestt - DEBUG - _audio_data_worker writing audio data into queue.
2026-08-08 15:55:55.884 - RealTimeSTT: realtimestt - DEBUG - _audio_data_worker writing audio data into queue.
2026-08-08 15:55:56.503 - RealTimeSTT: realtimestt - DEBUG - Realtime text detected (timer): Yeah, correct. Open AI 5.6. Yeah, this one I wrote myself. Is this is pike you two guys? Yes. Hey, pike you two is  cross platform and I can wrap it up in two-dexicutable. So it's better than taking two. It is better than taking it to voice commands. Yes. So instead of looking at your phone and typing stuff or putting stuff on a keyboard, you just use voice and keywords and just narrate the match. So as a robot scores, you can say they score level three and then anything else that you say that's unrelated.  We'll be recorded as notes. And now I was having some trouble with this yesterday with Eric. I don't know. I made a fix that. Just like the real time STQ, which is one on whisper made. I used to have people want to do it once. This is local. Because everything has to be local right now. I can't make any of that process. I gotta call it. Because you know a lot to have internet connection. You know a lot of wireless connections that start in the robot. So yeah.  We'll say match number 6.7. We're not on this one. Every scout will also get a number and I get like a list of scouts with blue alliance. And if you're scout number 5 and you'll be scouting the 5th robot, that will also be the middle robot on the battle alliance. So you'll look at the same robot every single match, like the same starting location basically. So that'll be super nice and it'll keep the scouts organized.  This takes a second So now you can see the notes popping up in the bottom, which is kind of janky. Wait, why did that? That was like a long time ago. Okay, so I said I wrote this myself. That's why it's janky. I need to fix it. I focus a lot more on the other one, but  But if you say like it's scored on the middle level, please That's good on the middle level
2026-08-08 15:55:56.523 - RealTimeSTT: realtimestt - DEBUG - Current realtime buffer size: 2540544
2026-08-08 15:55:56.908 - RealTimeSTT: realtimestt - DEBUG - _audio_data_worker writing audio data into queue.
2026-08-08 15:55:57.932 - RealTimeSTT: realtimestt - DEBUG - _audio_data_worker writing audio data into queue.
2026-08-08 15:55:58.645 - RealTimeSTT: realtimestt - DEBUG - Realtime text detected (timer): Yeah, correct. Open AI 5.6. Yeah, this one I wrote myself. Is this is pike you two guys? Yes. Hey, pike you two is  cross platform and I can wrap it up in two-dexicutable. So it's better than taking two. It is better than taking it to voice commands. Yes. So instead of looking at your phone and typing stuff or putting stuff on a keyboard, you just use voice and keywords and just narrate the match. So as a robot scores, you can say they score level three and then anything else that you say that's unrelated.  We'll be recorded as notes. And now I was having some trouble with this yesterday with Eric. I don't know. I made a fix that. Just like the real time STQ, which is one on whisper made. I used to have people want to do it once. This is local. Because everything has to be local right now. I can't make any of that process. I gotta call it. Because you know a lot to have internet connection. You know a lot of wireless connections that start in the robot. So yeah.  We'll say match number 6.7. We're not on this one. Every scout will also get a number and I get like a list of scouts with blue alliance. And if you're scout number 5 and you'll be scouting the 5th robot, that will also be the middle robot on the battle alliance. So you'll look at the same robot every single match, like the same starting location basically. So that'll be super nice and it'll keep the scouts organized.  This takes a second So now you can see the notes popping up in the bottom, which is kind of janky. Wait, why did that? That was like a long time ago. Okay, so I said I wrote this myself. That's why it's janky. I need to fix it. I focus a lot more on the other one, but  But if you say like it's scored on the middle level, please. That's good on the middle level. Yes. So then you get nasty.
2026-08-08 15:55:58.664 - RealTimeSTT: realtimestt - DEBUG - Current realtime buffer size: 2574336
2026-08-08 15:55:58.956 - RealTimeSTT: realtimestt - DEBUG - _audio_data_worker writing audio data into queue.
2026-08-08 15:55:59.980 - RealTimeSTT: realtimestt - DEBUG - _audio_data_worker writing audio data into queue.
2026-08-08 15:56:00.871 - RealTimeSTT: realtimestt - DEBUG - Realtime text detected (timer): Yeah, correct. Open AI 5.6. Yeah, this one I wrote myself. Is this is pike you two guys? Yes. Hey, pike you two is  cross platform and I can wrap it up in two-dexicutable. So it's better than taking two. It is better than taking it to voice commands. Yes. So instead of looking at your phone and typing stuff or putting stuff on a keyboard, you just use voice and keywords and just narrate the match. So as a robot scores, you can say they score level three and then anything else that you say that's unrelated.  We'll be recorded as notes. And now I was having some trouble with this yesterday with Eric. I don't know. I made a fix that. Just like the real time STQ, which is one on whisper made. I used to have people want to do it once. This is local. Because everything has to be local right now. I can't make any of that process. I gotta call it. Because you know a lot to have internet connection. You know a lot of wireless connections that start in the robot. So yeah.  We'll say match number 6.7. We're not on this one. Every scout will also get a number and I get like a list of scouts with blue alliance. And if you're scout number 5 and you'll be scouting the 5th robot, that will also be the middle robot on the battle alliance. So you'll look at the same robot every single match, like the same starting location basically. So that'll be super nice and it'll keep the scouts organized.  This takes a second So now you can see the notes popping up in the bottom, which is kind of janky. Wait, why did that? That was like a long time ago. Okay, so I said I wrote this myself. That's why it's janky. I need to fix it. I focus a lot more on the other one, but  But if you say like it's scored on the middle level, please. That's good on the middle level. Yes. So then you get nasty.
2026-08-08 15:56:00.890 - RealTimeSTT: realtimestt - DEBUG - Current realtime buffer size: 2610176
2026-08-08 15:56:01.004 - RealTimeSTT: realtimestt - DEBUG - _audio_data_worker writing audio data into queue.
2026-08-08 15:56:02.028 - RealTimeSTT: realtimestt - DEBUG - _audio_data_worker writing audio data into queue.
2026-08-08 15:56:03.052 - RealTimeSTT: realtimestt - DEBUG - _audio_data_worker writing audio data into queue.
2026-08-08 15:56:03.052 - RealTimeSTT: realtimestt - DEBUG - Realtime text detected (timer): Yeah, correct. Open AI 5.6. Yeah, this one I wrote myself. Is this is pike you two guys? Yes. Hey, pike you two is  cross platform and I can wrap it up in two-dexicutable. So it's better than taking two. It is better than taking it to voice commands. Yes. So instead of looking at your phone and typing stuff or putting stuff on a keyboard, you just use voice and keywords and just narrate the match. So as a robot scores, you can say they score level three and then anything else that you say that's unrelated.  We'll be recorded as notes. And now I was having some trouble with this yesterday with Eric. I don't know. I made a fix that. Just like the real time STQ, which is one on whisper made. I used to have people want to do it once. This is local. Because everything has to be local right now. I can't make any of that process. I gotta call it. Because you know a lot to have internet connection. You know a lot of wireless connections that start in the robot. So yeah.  We'll say match number 6.7. We're not on this one. Every scout will also get a number and I get like a list of scouts with blue alliance. And if you're scout number 5 and you'll be scouting the 5th robot, that will also be the middle robot on the battle alliance. So you'll look at the same robot every single match, like the same starting location basically. So that'll be super nice and it'll keep the scouts organized.  This takes a second So now you can see the notes popping up in the bottom, which is kind of janky. Wait, why did that? That was like a long time ago. Okay, so I said I wrote this myself. That's why it's janky. I need to fix it. I focus a lot more on the other one, but  But if you say like it's scored on the middle level, please. That's good on the middle level. Yes. So then you get nasty.
2026-08-08 15:56:03.070 - RealTimeSTT: realtimestt - DEBUG - Current realtime buffer size: 2646016
2026-08-08 15:56:04.076 - RealTimeSTT: realtimestt - DEBUG - _audio_data_worker writing audio data into queue.
2026-08-08 15:56:05.100 - RealTimeSTT: realtimestt - DEBUG - _audio_data_worker writing audio data into queue.
2026-08-08 15:56:05.259 - RealTimeSTT: realtimestt - DEBUG - Realtime text detected (timer): Yeah, correct. Open AI 5.6. Yeah, this one I wrote myself. Is this is pike you two guys? Yes. Hey, pike you two is  cross platform and I can wrap it up in two-dexicutable. So it's better than taking two. It is better than taking it to voice commands. Yes. So instead of looking at your phone and typing stuff or putting stuff on a keyboard, you just use voice and keywords and just narrate the match. So as a robot scores, you can say they score level three and then anything else that you say that's unrelated.  We'll be recorded as notes. And now I was having some trouble with this yesterday with Eric. I don't know. I made a fix that. Just like the real time STQ, which is one on whisper made. I used to have people want to do it once. This is local. Because everything has to be local right now. I can't make any of that process. I gotta call it. Because you know a lot to have internet connection. You know a lot of wireless connections that start in the robot. So yeah.  We'll say match number 6.7. We're not on this one. Every scout will also get a number and I get like a list of scouts with blue alliance. And if you're scout number 5 and you'll be scouting the 5th robot, that will also be the middle robot on the battle alliance. So you'll look at the same robot every single match, like the same starting location basically. So that'll be super nice and it'll keep the scouts organized.  This takes a second So now you can see the notes popping up in the bottom, which is kind of janky. Wait, why did that? That was like a long time ago. Okay, so I said I wrote this myself. That's why it's janky. I need to fix it. I focus a lot more on the other one, but  But if you say like it's scored on the middle level, please That's good on the middle level. Yes So then you get lastly You can also check if you
2026-08-08 15:56:05.279 - RealTimeSTT: realtimestt - DEBUG - Current realtime buffer size: 2680832
2026-08-08 15:56:06.124 - RealTimeSTT: realtimestt - DEBUG - _audio_data_worker writing audio data into queue.
2026-08-08 15:56:07.148 - RealTimeSTT: realtimestt - DEBUG - _audio_data_worker writing audio data into queue.
2026-08-08 15:56:07.547 - RealTimeSTT: realtimestt - DEBUG - Realtime text detected (timer): Yeah, correct. Open AI 5.6. Yeah, this one I wrote myself. Is this is pike you two guys? Yes. Hey, pike you two is  cross platform and I can wrap it up in two-dexicutable. So it's better than taking two. It is better than taking it to voice commands. Yes. So instead of looking at your phone and typing stuff or putting stuff on a keyboard, you just use voice and keywords and just narrate the match. So as a robot scores, you can say they score level three and then anything else that you say that's unrelated.  We'll be recorded as notes. And now I was having some trouble with this yesterday with Eric. I don't know. I made a fix that. Just like the real time STQ, which is one on whisper made. I used to have people want to do it once. This is local. Because everything has to be local right now. I can't make any of that process. I gotta call it. Because you know a lot to have internet connection. You know a lot of wireless connections that start in the robot. So yeah.  We'll say match number 6.7. We're not on this one. Every scout will also get a number and I get like a list of scouts with blue alliance. And if you're scout number 5 and you'll be scouting the 5th robot, that will also be the middle robot on the battle alliance. So you'll look at the same robot every single match, like the same starting location basically. So that'll be super nice and it'll keep the scouts organized.  This takes a second So now you can see the notes popping up in the bottom, which is kind of janky. Wait, why did that? That was like a long time ago. Okay, so I said I wrote this myself. That's why it's janky. I need to fix it. I focus a lot more on the other one, but  But if you say like it's scored on the middle level, please That's good on the middle level. Yes, so then you get lastly We can also check if a robot is like broken in a match and then you can see
2026-08-08 15:56:07.637 - RealTimeSTT: realtimestt - DEBUG - Current realtime buffer size: 2716672
2026-08-08 15:56:08.214 - RealTimeSTT: realtimestt - DEBUG - _audio_data_worker writing audio data into queue.
2026-08-08 15:56:09.239 - RealTimeSTT: realtimestt - DEBUG - _audio_data_worker writing audio data into queue.
2026-08-08 15:56:09.895 - RealTimeSTT: realtimestt - DEBUG - Realtime text detected (timer): Yeah, correct. Open AI 5.6. Yeah, this one I wrote myself. Is this is pike you two guys? Yes. Hey, pike you two is  cross platform and I can wrap it up in two-dexicutable. So it's better than taking two. It is better than taking it to voice commands. Yes. So instead of looking at your phone and typing stuff or putting stuff on a keyboard, you just use voice and keywords and just narrate the match. So as a robot scores, you can say they score level three and then anything else that you say that's unrelated.  We'll be recorded as notes. And now I was having some trouble with this yesterday with Eric. I don't know. I made a fix that. Just like the real time STQ, which is one on whisper made. I used to have people want to do it once. This is local. Because everything has to be local right now. I can't make any of that process. I gotta call it. Because you know a lot to have internet connection. You know a lot of wireless connections that start in the robot. So yeah.  We'll say match number 6.7. We're not on this one. Every scout will also get a number and I get like a list of scouts with blue alliance. And if you're scout number 5 and you'll be scouting the 5th robot, that will also be the middle robot on the battle alliance. So you'll look at the same robot every single match, like the same starting location basically. So that'll be super nice and it'll keep the scouts organized.  This takes a second So now you can see the notes popping up in the bottom, which is kind of janky. Wait, why did that? That was like a long time ago. Okay, so I said I wrote this myself. That's why it's janky. I need to fix it. I focus a lot more on the other one, but  But if you say like it's scored on the middle level, please That's good on the middle level. Yes So then you get lastly We can also check if a robot is like broken in a match and then you can see statistics on the other thing of how often robot
2026-08-08 15:56:09.915 - RealTimeSTT: realtimestt - DEBUG - Current realtime buffer size: 2754560
2026-08-08 15:56:10.262 - RealTimeSTT: realtimestt - DEBUG - _audio_data_worker writing audio data into queue.
2026-08-08 15:56:11.286 - RealTimeSTT: realtimestt - DEBUG - _audio_data_worker writing audio data into queue.
2026-08-08 15:56:12.141 - RealTimeSTT: realtimestt - DEBUG - Realtime text detected (timer): Yeah, correct. Open AI 5.6. Yeah, this one I wrote myself. Is this is pike you two guys? Yes. Hey, pike you two is  cross platform and I can wrap it up in two-dexicutable. So it's better than taking two. It is better than taking it to voice commands. Yes. So instead of looking at your phone and typing stuff or putting stuff on a keyboard, you just use voice and keywords and just narrate the match. So as a robot scores, you can say they score level three and then anything else that you say that's unrelated.  We'll be recorded as notes. And now I was having some trouble with this yesterday with Eric. I don't know. I made a fix that. Just like the real time STQ, which is one on whisper made. I used to have people want to do it once. This is local. Because everything has to be local right now. I can't make any of that process. I gotta call it. Because you know a lot to have internet connection. You know a lot of wireless connections that start in the robot. So yeah.  We'll say match number 6.7. We're not on this one. Every scout will also get a number and I get like a list of scouts with blue alliance. And if you're scout number 5 and you'll be scouting the 5th robot, that will also be the middle robot on the battle alliance. So you'll look at the same robot every single match, like the same starting location basically. So that'll be super nice and it'll keep the scouts organized.  This takes a second So now you can see the notes popping up in the bottom, which is kind of janky. Wait, why did that? That was like a long time ago. Okay, so I said I wrote this myself. That's why it's janky. I need to fix it. I focus a lot more on the other one, but  But if you say like it's grown on the middle level, please That's good on the middle level. Yes So then you get lastly We can also check if a robot is like broken in a match and then you can see statistics on the other thing of how often robots break Which is super nice
2026-08-08 15:56:12.163 - RealTimeSTT: realtimestt - DEBUG - Current realtime buffer size: 2791424
2026-08-08 15:56:12.310 - RealTimeSTT: realtimestt - DEBUG - _audio_data_worker writing audio data into queue.
2026-08-08 15:56:13.334 - RealTimeSTT: realtimestt - DEBUG - _audio_data_worker writing audio data into queue.
2026-08-08 15:56:14.358 - RealTimeSTT: realtimestt - DEBUG - _audio_data_worker writing audio data into queue.
2026-08-08 15:56:14.446 - RealTimeSTT: realtimestt - DEBUG - Realtime text detected (timer): Yeah, correct. Open AI 5.6. Yeah, this one I wrote myself. Is this is pike you two guys? Yes. Hey, pike you two is  cross platform and I can wrap it up in two-dexicutable. So it's better than taking two. It is better than taking it to voice commands. Yes. So instead of looking at your phone and typing stuff or putting stuff on a keyboard, you just use voice and keywords and just narrate the match. So as a robot scores, you can say they score level three and then anything else that you say that's unrelated.  We'll be recorded as notes. And now I was having some trouble with this yesterday with Eric. I don't know. I made a fix that. Just like the real time STQ, which is one on whisper made. I used to have people want to do it once. This is local. Because everything has to be local right now. I can't make any of that process. I gotta call it. Because you know a lot to have internet connection. You know a lot of wireless connections that start in the robot. So yeah.  We'll say match number 6.7. We're not on this one. Every scout will also get a number and I get like a list of scouts with blue alliance. And if you're scout number 5 and you'll be scouting the 5th robot, that will also be the middle robot on the battle alliance. So you'll look at the same robot every single match, like the same starting location basically. So that'll be super nice and it'll keep the scouts organized.  This takes a second So now you can see the notes popping up in the bottom, which is kind of janky. Wait, why did that? That was like a long time ago. Okay, so I said I wrote this myself. That's why it's janky. I need to fix it. I focus a lot more on the other one, but  But if you say like it's grown on the middle level, please That's good on the middle level. Yes, so then you get lastly We can also check if a robot is like broken in a match and then you can see statistics on the other thing of how often robots break Which is super nice. I don't have anything implemented for pit
2026-08-08 15:56:14.465 - RealTimeSTT: realtimestt - DEBUG - Current realtime buffer size: 2828288
2026-08-08 15:56:15.382 - RealTimeSTT: realtimestt - DEBUG - _audio_data_worker writing audio data into queue.
2026-08-08 15:56:16.406 - RealTimeSTT: realtimestt - DEBUG - _audio_data_worker writing audio data into queue.
2026-08-08 15:56:16.710 - RealTimeSTT: realtimestt - DEBUG - Realtime text detected (timer): Yeah, correct. Open AI 5.6. Yeah, this one I wrote myself. Is this is pike you two guys? Yes. Hey, pike you two is  cross platform and I can wrap it up in two-dexicutable. So it's better than taking two. It is better than taking it to voice commands. Yes. So instead of looking at your phone and typing stuff or putting stuff on a keyboard, you just use voice and keywords and just narrate the match. So as a robot scores, you can say they score level three and then anything else that you say that's unrelated.  We'll be recorded as notes. And now I was having some trouble with this yesterday with Eric. I don't know. I made a fix that. Just like the real time STQ, which is one on whisper made. I used to have people want to do it once. This is local. Because everything has to be local right now. I can't make any of that process. I gotta call it. Because you know a lot to have internet connection. You know a lot of wireless connections that start in the robot. So yeah.  We'll say match number 6.7. We're not on this one. Every scout will also get a number and I get like a list of scouts with blue alliance. And if you're scout number 5 and you'll be scouting the 5th robot, that will also be the middle robot on the battle alliance. So you'll look at the same robot every single match, like the same starting location basically. So that'll be super nice and it'll keep the scouts organized.  This takes a second So now you can see the notes popping up in the bottom, which is kind of janky. Wait, why did that? That was like a long time ago. Okay, so I said I wrote this myself. That's why it's janky. I need to fix it. I focus a lot more on the other one, but  But if you say like it's grown on the middle level, please That's good on the middle level. Yes. So then you get lastly We can also check if a robot is like broken in a match and then you can see statistics on the other thing of how often robots break Which is super nice. I don't have anything implemented for scouting. I just realized so if you want
2026-08-08 15:56:16.730 - RealTimeSTT: realtimestt - DEBUG - Current realtime buffer size: 2863104
2026-08-08 15:56:17.430 - RealTimeSTT: realtimestt - DEBUG - _audio_data_worker writing audio data into queue.
2026-08-08 15:56:18.454 - RealTimeSTT: realtimestt - DEBUG - _audio_data_worker writing audio data into queue.
2026-08-08 15:56:18.988 - RealTimeSTT: realtimestt - DEBUG - Realtime text detected (timer): Yeah, correct. Open AI 5.6. Yeah, this one I wrote myself. Is this is pike you two guys? Yes. Hey, pike you two is  cross platform and I can wrap it up in two-dexicutable. So it's better than taking two. It is better than taking it to voice commands. Yes. So instead of looking at your phone and typing stuff or putting stuff on a keyboard, you just use voice and keywords and just narrate the match. So as a robot scores, you can say they score level three and then anything else that you say that's unrelated.  We'll be recorded as notes. And now I was having some trouble with this yesterday with Eric. I don't know. I made a fix that. Just like the real time STQ, which is one on whisper made. I used to have people want to do it once. This is local. Because everything has to be local right now. I can't make any of that process. I gotta call it. Because you know a lot to have internet connection. You know a lot of wireless connections that start in the robot. So yeah.  We'll say match number 6.7. We're not on this one. Every scout will also get a number and I get like a list of scouts with blue alliance. And if you're scout number 5 and you'll be scouting the 5th robot, that will also be the middle robot on the battle alliance. So you'll look at the same robot every single match, like the same starting location basically. So that'll be super nice and it'll keep the scouts organized.  This takes a second So now you can see the notes popping up in the bottom, which is kind of janky. Wait, why did that? That was like a long time ago. Okay, so I said I wrote this myself. That's why it's janky. I need to fix it. I focus a lot more on the other one, but  But if you say like it's grown in the middle level, please That's good in the middle level. Yes So then you get lastly We can also check if a robot is like broken in a match and then you can see statistics on the other thing of how often robots break Which is super nice. I don't have anything implemented for pin scouting. I just realized so if you wanted to do pin scouting, that's not super hard to implement even
2026-08-08 15:56:19.010 - RealTimeSTT: realtimestt - DEBUG - Current realtime buffer size: 2899968
2026-08-08 15:56:19.478 - RealTimeSTT: realtimestt - DEBUG - _audio_data_worker writing audio data into queue.
2026-08-08 15:56:20.502 - RealTimeSTT: realtimestt - DEBUG - _audio_data_worker writing audio data into queue.
2026-08-08 15:56:21.506 - RealTimeSTT: realtimestt - DEBUG - Realtime text detected (timer): Yeah, correct. Open AI 5.6. Yeah, this one I wrote myself. Is this is pike you two guys? Yes. Hey, pike you two is  cross platform and I can wrap it up in two-dexicutable. So it's better than taking two. It is better than taking it to voice commands. Yes. So instead of looking at your phone and typing stuff or putting stuff on a keyboard, you just use voice and keywords and just narrate the match. So as a robot scores, you can say they score level three and then anything else that you say that's unrelated.  We'll be recorded as notes. And now I was having some trouble with this yesterday with Eric. I don't know. I made a fix that. Just like the real time STQ, which is one on whisper made. I used to have people want to do it once. This is local. Because everything has to be local right now. I can't make any of that process. I gotta call it. Because you know a lot to have internet connection. You know a lot of wireless connections that start in the robot. So yeah.  We'll say match number 6.7. We're not on this one. Every scout will also get a number and I get like a list of scouts with blue alliance. And if you're scout number 5 and you'll be scouting the 5th robot, that will also be the middle robot on the battle alliance. So you'll look at the same robot every single match, like the same starting location basically. So that'll be super nice and it'll keep the scouts organized.  This takes a second So now you can see the notes popping up in the bottom, which is kind of janky. Wait, why did that? That was like a long time ago. Okay, so I said I wrote this myself. That's why it's janky. I need to fix it. I focus a lot more on the other one, but  But if you say like it's grown in the middle level, please. That's grown in the middle level. Yes. So then you get lastly. We can also check if a robot is like broken in a match. And then you can see statistics on the other thing of how often robots break, which is super nice. I don't have anything implemented for pin scouting. I just realized. So if you wanted to do pin scouting, that's not super hard to implement either.  This just saves JSON files.
2026-08-08 15:56:21.525 - RealTimeSTT: realtimestt - DEBUG - Current realtime buffer size: 2939904
2026-08-08 15:56:21.527 - RealTimeSTT: realtimestt - DEBUG - _audio_data_worker writing audio data into queue.
2026-08-08 15:56:22.550 - RealTimeSTT: realtimestt - DEBUG - _audio_data_worker writing audio data into queue.
2026-08-08 15:56:23.574 - RealTimeSTT: realtimestt - DEBUG - _audio_data_worker writing audio data into queue.
2026-08-08 15:56:23.941 - RealTimeSTT: realtimestt - DEBUG - Realtime text detected (timer): Yeah, correct. Open AI 5.6. Yeah, this one I wrote myself. Is this is pike you two guys? Yes. Hey, pike you two is  cross platform and I can wrap it up in two-dexicutable. So it's better than taking two. It is better than taking it to voice commands. Yes. So instead of looking at your phone and typing stuff or putting stuff on a keyboard, you just use voice and keywords and just narrate the match. So as a robot scores, you can say they score level three and then anything else that you say that's unrelated.  We'll be recorded as notes. And now I was having some trouble with this yesterday with Eric. I don't know. I made a fix that. Just like the real time STQ, which is one on whisper made. I used to have people want to do it once. This is local. Because everything has to be local right now. I can't make any of that process. I gotta call it. Because you know a lot to have internet connection. You know a lot of wireless connections that start in the robot. So yeah.  We'll say match number 6.7. We're not on this one. Every scout will also get a number and I get like a list of scouts with blue alliance. And if you're scout number 5 and you'll be scouting the 5th robot, that will also be the middle robot on the battle alliance. So you'll look at the same robot every single match, like the same starting location basically. So that'll be super nice and it'll keep the scouts organized.  This takes a second So now you can see the notes popping up in the bottom, which is kind of janky. Wait, why did that? That was like a long time ago. Okay, so I said I wrote this myself. That's why it's janky. I need to fix it. I focus a lot more on the other one, but  But if you say like it's grown in the middle level, please. That's grown in the middle level. Yes. So then you get lastly. We can also check if a robot is like broken in a match. And then you can see statistics on the other thing of how often robots break, which is super nice. I don't have anything implemented for pin scouting. I just realized. So if you wanted to do pin scouting, that's not super hard to implement either.  This just saves JSON files to like a directory.
2026-08-08 15:56:23.961 - RealTimeSTT: realtimestt - DEBUG - Current realtime buffer size: 2979840
2026-08-08 15:56:24.598 - RealTimeSTT: realtimestt - DEBUG - _audio_data_worker writing audio data into queue.
2026-08-08 15:56:25.622 - RealTimeSTT: realtimestt - DEBUG - _audio_data_worker writing audio data into queue.
2026-08-08 15:56:26.409 - RealTimeSTT: realtimestt - DEBUG - Realtime text detected (timer): Yeah, correct. Open AI 5.6. Yeah, this one I wrote myself. Is this is pike you two guys? Yes. Hey, pike you two is  cross platform and I can wrap it up in two-dexicutable. So it's better than taking two. It is better than taking it to voice commands. Yes. So instead of looking at your phone and typing stuff or putting stuff on a keyboard, you just use voice and keywords and just narrate the match. So as a robot scores, you can say they score level three and then anything else that you say that's unrelated.  We'll be recorded as notes. And now I was having some trouble with this yesterday with Eric. I don't know. I made a fix that. Just like the real time STQ, which is one on whisper made. I used to have people want to do it once. This is local. Because everything has to be local right now. I can't make any of that process. I gotta call it. Because you know a lot to have internet connection. You know a lot of wireless connections that start in the robot. So yeah.  We'll say match number 6.7. We're not on this one. Every scout will also get a number and I get like a list of scouts with blue alliance. And if you're scout number 5 and you'll be scouting the 5th robot, that will also be the middle robot on the battle alliance. So you'll look at the same robot every single match, like the same starting location basically. So that'll be super nice and it'll keep the scouts organized.  This takes a second So now you can see the notes popping up in the bottom, which is kind of janky. Wait, why did that? That was like a long time ago. Okay, so I said I wrote this myself. That's why it's janky. I need to fix it. I focus a lot more on the other one, but  But if you say like it's grown in the middle level, please. That's grown in the middle level. Yes. So then you get lastly. We can also check if a robot is like broken in a match. And then you can see statistics on the other thing of how often robots break, which is super nice. I don't have anything implemented for pin scouting. I just realized. So if you wanted to do pin scouting, that's not super hard to implement either.  This just saves JSON files to like a directory. Then you can set that directory onto a USB.
2026-08-08 15:56:26.427 - RealTimeSTT: realtimestt - DEBUG - Current realtime buffer size: 3018752
2026-08-08 15:56:26.648 - RealTimeSTT: realtimestt - DEBUG - _audio_data_worker writing audio data into queue.
2026-08-08 15:56:27.670 - RealTimeSTT: realtimestt - DEBUG - _audio_data_worker writing audio data into queue.
2026-08-08 15:56:28.694 - RealTimeSTT: realtimestt - DEBUG - _audio_data_worker writing audio data into queue.
2026-08-08 15:56:28.852 - RealTimeSTT: realtimestt - DEBUG - Realtime text detected (timer): Yeah, correct. Open AI 5.6. Yeah, this one I wrote myself. Is this is pike you two guys? Yes. Hey, pike you two is  cross platform and I can wrap it up in two-dexicutable. So it's better than taking two. It is better than taking it to voice commands. Yes. So instead of looking at your phone and typing stuff or putting stuff on a keyboard, you just use voice and keywords and just narrate the match. So as a robot scores, you can say they score level three and then anything else that you say that's unrelated.  We'll be recorded as notes. And now I was having some trouble with this yesterday with Eric. I don't know. I made a fix that. Just like the real time STQ, which is one on whisper made. I used to have people want to do it once. This is local. Because everything has to be local right now. I can't make any of that process. I gotta call it. Because you know a lot to have internet connection. You know a lot of wireless connections that start in the robot. So yeah.  We'll say match number 6.7. We're not on this one. Every scout will also get a number and I get like a list of scouts with blue alliance. And if you're scout number 5 and you'll be scouting the 5th robot, that will also be the middle robot on the battle alliance. So you'll look at the same robot every single match, like the same starting location basically. So that'll be super nice and it'll keep the scouts organized.  This takes a second So now you can see the notes popping up in the bottom, which is kind of janky. Wait, why did that? That was like a long time ago. Okay, so I said I wrote this myself. That's why it's janky. I need to fix it. I focus a lot more on the other one, but  But if you say like it's grown in the middle level, please. That's grown in the middle level. Yes. So then you get lastly. We can also check if a robot is like broken in a match. And then you can see statistics on the other thing of how often robots break, which is super nice. I don't have anything implemented for pin scouting. I just realized. So if you wanted to do pin scouting, that's not super hard to implement either.  This just saves JSON files to like a directory. Then you can set that directory onto a USB stick and then move the USB stick into it.
2026-08-08 15:56:28.874 - RealTimeSTT: realtimestt - DEBUG - Current realtime buffer size: 3057664
2026-08-08 15:56:29.718 - RealTimeSTT: realtimestt - DEBUG - _audio_data_worker writing audio data into queue.
2026-08-08 15:56:30.742 - RealTimeSTT: realtimestt - DEBUG - _audio_data_worker writing audio data into queue.
2026-08-08 15:56:31.332 - RealTimeSTT: realtimestt - DEBUG - Realtime text detected (timer): Yeah, correct. Open AI 5.6. Yeah, this one I wrote myself. Is this is pike you two guys? Yes. Hey, pike you two is  cross platform and I can wrap it up in two-dexicutable. So it's better than taking two. It is better than taking it to voice commands. Yes. So instead of looking at your phone and typing stuff or putting stuff on a keyboard, you just use voice and keywords and just narrate the match. So as a robot scores, you can say they score level three and then anything else that you say that's unrelated.  We'll be recorded as notes. And now I was having some trouble with this yesterday with Eric. I don't know. I made a fix that. Just like the real time STQ, which is one on whisper made. I used to have people want to do it once. This is local. Because everything has to be local right now. I can't make any of that process. I gotta call it. Because you know a lot to have internet connection. You know a lot of wireless connections that start in the robot. So yeah.  We'll say match number 6.7. We're not on this one. Every scout will also get a number and I get like a list of scouts with blue alliance. And if you're scout number 5 and you'll be scouting the 5th robot, that will also be the middle robot on the battle alliance. So you'll look at the same robot every single match, like the same starting location basically. So that'll be super nice and it'll keep the scouts organized.  This takes a second So now you can see the notes popping up in the bottom, which is kind of janky. Wait, why did that? That was like a long time ago. Okay, so I said I wrote this myself. That's why it's janky. I need to fix it. I focus a lot more on the other one, but  But if you say like it's grown in the middle level, please. That's grown in the middle level. Yes. So then you get lastly. We can also check if a robot is like broken in a match. And then you can see statistics on the other thing of how often robots break, which is super nice. I don't have anything implemented for pin scouting. I just realized. So if you wanted to do pin scouting, that's not super hard to implement either.  This just saves JSON files to like a directory. Then you can set that directory onto a USB stick and then move the USB stick into the other one.
2026-08-08 15:56:31.359 - RealTimeSTT: realtimestt - DEBUG - Current realtime buffer size: 3098624
2026-08-08 15:56:31.767 - RealTimeSTT: realtimestt - DEBUG - _audio_data_worker writing audio data into queue.
2026-08-08 15:56:32.790 - RealTimeSTT: realtimestt - DEBUG - _audio_data_worker writing audio data into queue.
2026-08-08 15:56:33.814 - RealTimeSTT: realtimestt - DEBUG - _audio_data_worker writing audio data into queue.
2026-08-08 15:56:34.007 - RealTimeSTT: realtimestt - DEBUG - Realtime text detected (timer): Yeah, correct. Open AI 5.6. Yeah, this one I wrote myself. Is this is pike you two guys? Yes. Hey, pike you two is  cross platform and I can wrap it up in two-dexicutable. So it's better than taking two. It is better than taking it to voice commands. Yes. So instead of looking at your phone and typing stuff or putting stuff on a keyboard, you just use voice and keywords and just narrate the match. So as a robot scores, you can say they score level three and then anything else that you say that's unrelated.  We'll be recorded as notes. And now I was having some trouble with this yesterday with Eric. I don't know. I made a fix that. Just like the real time STQ, which is one on whisper made. I used to have people want to do it once. This is local. Because everything has to be local right now. I can't make any of that process. I gotta call it. Because you know a lot to have internet connection. You know a lot of wireless connections that start in the robot. So yeah.  We'll say match number 6.7. We're not on this one. Every scout will also get a number and I get like a list of scouts with blue alliance. And if you're scout number 5 and you'll be scouting the 5th robot, that will also be the middle robot on the battle alliance. So you'll look at the same robot every single match, like the same starting location basically. So that'll be super nice and it'll keep the scouts organized.  This takes a second So now you can see the notes popping up in the bottom, which is kind of janky. Wait, why did that? That was like a long time ago. Okay, so I said I wrote this myself. That's why it's janky. I need to fix it. I focus a lot more on the other one, but  But if you say like it's grown in the middle level, please. That's grown in the middle level. Yes. So then you get lastly. We can also check if a robot is like broken in a match. And then you can see statistics on the other thing of how often robots break, which is super nice. I don't have anything implemented for pin scouting. I just realized. So if you wanted to do pin scouting, that's not super hard to implement either.  This just saves JSON files to like a directory. Then you can set that directory onto a USB stick and then move the USB stick into the other one. That's how you can get all the scouts synchronized without internet.
2026-08-08 15:56:34.027 - RealTimeSTT: realtimestt - DEBUG - Current realtime buffer size: 3140608
2026-08-08 15:56:34.838 - RealTimeSTT: realtimestt - DEBUG - _audio_data_worker writing audio data into queue.
2026-08-08 15:56:35.862 - RealTimeSTT: realtimestt - DEBUG - _audio_data_worker writing audio data into queue.
2026-08-08 15:56:36.512 - RealTimeSTT: realtimestt - DEBUG - Realtime text detected (timer): Yeah, correct. Open AI 5.6. Yeah, this one I wrote myself. Is this is pike you two guys? Yes. Hey, pike you two is  cross platform and I can wrap it up in two-dexicutable. So it's better than taking two. It is better than taking it to voice commands. Yes. So instead of looking at your phone and typing stuff or putting stuff on a keyboard, you just use voice and keywords and just narrate the match. So as a robot scores, you can say they score level three and then anything else that you say that's unrelated.  We'll be recorded as notes. And now I was having some trouble with this yesterday with Eric. I don't know. I made a fix that. Just like the real time STQ, which is one on whisper made. I used to have people want to do it once. This is local. Because everything has to be local right now. I can't make any of that process. I gotta call it. Because you know a lot to have internet connection. You know a lot of wireless connections that start in the robot. So yeah.  We'll say match number 6.7. We're not on this one. Every scout will also get a number and I get like a list of scouts with blue alliance. And if you're scout number 5 and you'll be scouting the 5th robot, that will also be the middle robot on the battle alliance. So you'll look at the same robot every single match, like the same starting location basically. So that'll be super nice and it'll keep the scouts organized.  This takes a second So now you can see the notes popping up in the bottom, which is kind of janky. Wait, why did that? That was like a long time ago. Okay, so I said I wrote this myself. That's why it's janky. I need to fix it. I focus a lot more on the other one, but  But if you say like it's grown in the middle level, please. That's grown in the middle level. Yes. So then you get lastly. We can also check if a robot is like broken in a match. And then you can see statistics on the other thing of how often robots break, which is super nice. I don't have anything implemented for pin scouting. I just realized. So if you wanted to do pin scouting, that's not super hard to implement either.  This just saves JSON files to like a directory. Then you can set that directory onto a USB stick and then move the USB stick into the other one. That's how you can get all the scouts synchronized without internet. Yeah, that is a better idea than both Slack and...
2026-08-08 15:56:36.532 - RealTimeSTT: realtimestt - DEBUG - Current realtime buffer size: 3180544
2026-08-08 15:56:36.886 - RealTimeSTT: realtimestt - DEBUG - _audio_data_worker writing audio data into queue.
2026-08-08 15:56:37.910 - RealTimeSTT: realtimestt - DEBUG - _audio_data_worker writing audio data into queue.
2026-08-08 15:56:38.934 - RealTimeSTT: realtimestt - DEBUG - _audio_data_worker writing audio data into queue.
2026-08-08 15:56:39.091 - RealTimeSTT: realtimestt - DEBUG - Realtime text detected (timer): Yeah, correct. Open AI 5.6. Yeah, this one I wrote myself. Is this is pike you two guys? Yes. Hey, pike you two is  cross platform and I can wrap it up in two-dexicutable. So it's better than taking two. It is better than taking it to voice commands. Yes. So instead of looking at your phone and typing stuff or putting stuff on a keyboard, you just use voice and keywords and just narrate the match. So as a robot scores, you can say they score level three and then anything else that you say that's unrelated.  We'll be recorded as notes. And now I was having some trouble with this yesterday with Eric. I don't know. I made a fix that. Just like the real time STQ, which is one on whisper made. I used to have people want to do it once. This is local. Because everything has to be local right now. I can't make any of that process. I gotta call it. Because you know a lot to have internet connection. You know a lot of wireless connections that start in the robot. So yeah.  We'll say match number 6.7. We're not on this one. Every scout will also get a number and I get like a list of scouts with blue alliance. And if you're scout number 5 and you'll be scouting the 5th robot, that will also be the middle robot on the battle alliance. So you'll look at the same robot every single match, like the same starting location basically. So that'll be super nice and it'll keep the scouts organized.  This takes a second So now you can see the notes popping up in the bottom, which is kind of janky. Wait, why did that? That was like a long time ago. Okay, so I said I wrote this myself. That's why it's janky. I need to fix it. I focus a lot more on the other one, but  But if you say like it's grown in the middle level, please. That's grown in the middle level. Yes. So then you get lastly. We can also check if a robot is like broken in a match. And then you can see statistics on the other thing of how often robots break, which is super nice. I don't have anything implemented for pin scouting. I just realized. So if you wanted to do pin scouting, that's not super hard to implement either.  This just saves JSON files to like a directory. Then you can set that directory onto a USB stick and then move the USB stick into the other one. That's how you can get all the scouts synchronized without internet. Yeah that is a better idea than both Slack and QR code. Yeah slacking QR codes are like a little bit now.
2026-08-08 15:56:39.113 - RealTimeSTT: realtimestt - DEBUG - Current realtime buffer size: 3221504
2026-08-08 15:56:39.958 - RealTimeSTT: realtimestt - DEBUG - _audio_data_worker writing audio data into queue.
2026-08-08 15:56:40.982 - RealTimeSTT: realtimestt - DEBUG - _audio_data_worker writing audio data into queue.
2026-08-08 15:56:41.637 - RealTimeSTT: realtimestt - DEBUG - Realtime text detected (timer): Yeah, correct. Open AI 5.6. Yeah, this one I wrote myself. Is this is pike you two guys? Yes. Hey, pike you two is  cross platform and I can wrap it up in two-dexicutable. So it's better than taking two. It is better than taking it to voice commands. Yes. So instead of looking at your phone and typing stuff or putting stuff on a keyboard, you just use voice and keywords and just narrate the match. So as a robot scores, you can say they score level three and then anything else that you say that's unrelated.  We'll be recorded as notes. And now I was having some trouble with this yesterday with Eric. I don't know. I made a fix that. Just like the real time STQ, which is one on whisper made. I used to have people want to do it once. This is local. Because everything has to be local right now. I can't make any of that process. I gotta call it. Because you know a lot to have internet connection. You know a lot of wireless connections that start in the robot. So yeah.  We'll say match number 6.7. We're not on this one. Every scout will also get a number and I get like a list of scouts with blue alliance. And if you're scout number 5 and you'll be scouting the 5th robot, that will also be the middle robot on the battle alliance. So you'll look at the same robot every single match, like the same starting location basically. So that'll be super nice and it'll keep the scouts organized.  This takes a second So now you can see the notes popping up in the bottom, which is kind of janky. Wait, why did that? That was like a long time ago. Okay, so I said I wrote this myself. That's why it's janky. I need to fix it. I focus a lot more on the other one, but  But if you say like it's grown in the middle level, please. That's grown in the middle level. Yes. So then you get lastly. We can also check if a robot is like broken in a match. And then you can see statistics on the other thing of how often robots break, which is super nice. I don't have anything implemented for pin scouting. I just realized. So if you wanted to do pin scouting, that's not super hard to implement either.  This just saves JSON files to like a directory. Then you can set that directory onto a USB stick and then move the USB stick into the other one. That's how you can get all the scouts synchronized without internet. Yeah, that is a better idea than both Slack and QR code. Yeah, Slack and QR codes are like a little bit nasty. So I was like, okay, QR codes is pretty nice.
2026-08-08 15:56:41.662 - RealTimeSTT: realtimestt - DEBUG - Current realtime buffer size: 3262464
2026-08-08 15:56:42.006 - RealTimeSTT: realtimestt - DEBUG - _audio_data_worker writing audio data into queue.
2026-08-08 15:56:43.030 - RealTimeSTT: realtimestt - DEBUG - _audio_data_worker writing audio data into queue.
2026-08-08 15:56:44.054 - RealTimeSTT: realtimestt - DEBUG - _audio_data_worker writing audio data into queue.
2026-08-08 15:56:44.214 - RealTimeSTT: realtimestt - DEBUG - Realtime text detected (timer): Yeah, correct. Open AI 5.6. Yeah, this one I wrote myself. Is this is pike you two guys? Yes. Hey, pike you two is  cross platform and I can wrap it up in two-dexicutable. So it's better than taking two. It is better than taking it to voice commands. Yes. So instead of looking at your phone and typing stuff or putting stuff on a keyboard, you just use voice and keywords and just narrate the match. So as a robot scores, you can say they score level three and then anything else that you say that's unrelated.  We'll be recorded as notes. And now I was having some trouble with this yesterday with Eric. I don't know. I made a fix that. Just like the real time STQ, which is one on whisper made. I used to have people want to do it once. This is local. Because everything has to be local right now. I can't make any of that process. I gotta call it. Because you know a lot to have internet connection. You know a lot of wireless connections that start in the robot. So yeah.  We'll say match number 6.7. We're not on this one. Every scout will also get a number and I get like a list of scouts with blue alliance. And if you're scout number 5 and you'll be scouting the 5th robot, that will also be the middle robot on the battle alliance. So you'll look at the same robot every single match, like the same starting location basically. So that'll be super nice and it'll keep the scouts organized.  This takes a second So now you can see the notes popping up in the bottom, which is kind of janky. Wait, why did that? That was like a long time ago. Okay, so I said I wrote this myself. That's why it's janky. I need to fix it. I focus a lot more on the other one, but  But if you say like it's grown in the middle level, please. That's grown in the middle level. Yes. So then you get lastly. We can also check if a robot is like broken in a match. And then you can see statistics on the other thing of how often robots break, which is super nice. I don't have anything implemented for pin scouting. I just realized. So if you wanted to do pin scouting, that's not super hard to implement either.  This just saves JSON files to like a directory. Then you can set that directory onto a USB stick and then move the USB stick into the other one. That's how you can get all the scouts synchronized without internet. Yeah, that is a better idea than both Slack and QR code. Yeah, Slack and QR codes are like a little bit nasty. So I was like, okay, QR codes is pretty nice. That's if you did this before my interview.
2026-08-08 15:56:44.236 - RealTimeSTT: realtimestt - DEBUG - Current realtime buffer size: 3303424
2026-08-08 15:56:45.078 - RealTimeSTT: realtimestt - DEBUG - _audio_data_worker writing audio data into queue.
2026-08-08 15:56:46.102 - RealTimeSTT: realtimestt - DEBUG - _audio_data_worker writing audio data into queue.
2026-08-08 15:56:46.868 - RealTimeSTT: realtimestt - DEBUG - Realtime text detected (timer): Yeah, correct. Open AI 5.6. Yeah, this one I wrote myself. Is this is pike you two guys? Yes. Hey, pike you two is  cross platform and I can wrap it up in two-dexicutable. So it's better than taking two. It is better than taking it to voice commands. Yes. So instead of looking at your phone and typing stuff or putting stuff on a keyboard, you just use voice and keywords and just narrate the match. So as a robot scores, you can say they score level three and then anything else that you say that's unrelated.  We'll be recorded as notes. And now I was having some trouble with this yesterday with Eric. I don't know. I made a fix that. Just like the real time STQ, which is one on whisper made. I used to have people want to do it once. This is local. Because everything has to be local right now. I can't make any of that process. I gotta call it. Because you know a lot to have internet connection. You know a lot of wireless connections that start in the robot. So yeah.  We'll say match number 6.7. We're not on this one. Every scout will also get a number and I get like a list of scouts with blue alliance. And if you're scout number 5 and you'll be scouting the 5th robot, that will also be the middle robot on the battle alliance. So you'll look at the same robot every single match, like the same starting location basically. So that'll be super nice and it'll keep the scouts organized.  This takes a second So now you can see the notes popping up in the bottom, which is kind of janky. Wait, why did that? That was like a long time ago. Okay, so I said I wrote this myself. That's why it's janky. I need to fix it. I focus a lot more on the other one, but  But if you say like it's grown in the middle level, please. That's grown in the middle level. Yes. So then you get lastly. We can also check if a robot is like broken in a match. And then you can see statistics on the other thing of how often robots break, which is super nice. I don't have anything implemented for pin scouting. I just realized. So if you wanted to do pin scouting, that's not super hard to implement either.  This just saves JSON files to like a directory. Then you can set that directory onto a USB stick and then move the USB stick into the other one. That's how you can get all the scouts synchronized without internet. Yeah, that is a better idea than both Slack and QR code. Yeah, Slack and QR codes are like a little bit nasty. So I was like, okay, QR codes is pretty nice. That's if you did this before my interview. Well, you just wanted to collect it.
2026-08-08 15:56:46.892 - RealTimeSTT: realtimestt - DEBUG - Current realtime buffer size: 3345408
2026-08-08 15:56:47.126 - RealTimeSTT: realtimestt - DEBUG - _audio_data_worker writing audio data into queue.
2026-08-08 15:56:48.150 - RealTimeSTT: realtimestt - DEBUG - _audio_data_worker writing audio data into queue.
2026-08-08 15:56:49.174 - RealTimeSTT: realtimestt - DEBUG - _audio_data_worker writing audio data into queue.
2026-08-08 15:56:49.511 - RealTimeSTT: realtimestt - DEBUG - Realtime text detected (timer): Yeah, correct. Open AI 5.6. Yeah, this one I wrote myself. Is this is pike you two guys? Yes. Hey, pike you two is  cross platform and I can wrap it up in two-dexicutable. So it's better than taking two. It is better than taking it to voice commands. Yes. So instead of looking at your phone and typing stuff or putting stuff on a keyboard, you just use voice and keywords and just narrate the match. So as a robot scores, you can say they score level three and then anything else that you say that's unrelated.  We'll be recorded as notes. And now I was having some trouble with this yesterday with Eric. I don't know. I made a fix that. Just like the real time STQ, which is one on whisper made. I used to have people want to do it once. This is local. Because everything has to be local right now. I can't make any of that process. I gotta call it. Because you know a lot to have internet connection. You know a lot of wireless connections that start in the robot. So yeah.  We'll say match number 6.7. We're not on this one. Every scout will also get a number and I get like a list of scouts with blue alliance. And if you're scout number 5 and you'll be scouting the 5th robot, that will also be the middle robot on the battle alliance. So you'll look at the same robot every single match, like the same starting location basically. So that'll be super nice and it'll keep the scouts organized.  This takes a second So now you can see the notes popping up in the bottom, which is kind of janky. Wait, why did that? That was like a long time ago. Okay, so I said I wrote this myself. That's why it's janky. I need to fix it. I focus a lot more on the other one, but  But if you say like it's grown in the middle level, please. That's grown in the middle level. Yes. So then you get lastly. We can also check if a robot is like broken in a match. And then you can see statistics on the other thing of how often robots break, which is super nice. I don't have anything implemented for pin scouting. I just realized. So if you wanted to do pin scouting, that's not super hard to implement either.  This just saves JSON files to like a directory. Then you can set that directory onto a USB stick and then move the USB stick into the other one. That's how you can get all the scouts synchronized without internet. Yeah, that is a better idea than both Slack and QR code. Yeah, Slack and QR codes are like a little bit nasty. So I was like, okay, QR codes is pretty nice. That's if you did this before my interview. Well, you just wanted to collect the retaining board points like you guys in three games.
2026-08-08 15:56:49.537 - RealTimeSTT: realtimestt - DEBUG - Current realtime buffer size: 3389440
2026-08-08 15:56:50.198 - RealTimeSTT: realtimestt - DEBUG - _audio_data_worker writing audio data into queue.
2026-08-08 15:56:51.222 - RealTimeSTT: realtimestt - DEBUG - _audio_data_worker writing audio data into queue.
2026-08-08 15:56:52.246 - RealTimeSTT: realtimestt - DEBUG - _audio_data_worker writing audio data into queue.
2026-08-08 15:56:52.257 - RealTimeSTT: realtimestt - DEBUG - Realtime text detected (timer): Yeah, correct. Open AI 5.6. Yeah, this one I wrote myself. Is this is pike you two guys? Yes. Hey, pike you two is  cross platform and I can wrap it up in two-dexicutable. So it's better than taking two. It is better than taking it to voice commands. Yes. So instead of looking at your phone and typing stuff or putting stuff on a keyboard, you just use voice and keywords and just narrate the match. So as a robot scores, you can say they score level three and then anything else that you say that's unrelated.  We'll be recorded as notes. And now I was having some trouble with this yesterday with Eric. I don't know. I made a fix that. Just like the real time STQ, which is one on whisper made. I used to have people want to do it once. This is local. Because everything has to be local right now. I can't make any of that process. I gotta call it. Because you know a lot to have internet connection. You know a lot of wireless connections that start in the robot. So yeah.  We'll say match number 6.7. We're not on this one. Every scout will also get a number and I get like a list of scouts with blue alliance. And if you're scout number 5 and you'll be scouting the 5th robot, that will also be the middle robot on the battle alliance. So you'll look at the same robot every single match, like the same starting location basically. So that'll be super nice and it'll keep the scouts organized.  This takes a second So now you can see the notes popping up in the bottom, which is kind of janky. Wait, why did that? That was like a long time ago. Okay, so I said I wrote this myself. That's why it's janky. I need to fix it. I focus a lot more on the other one, but  But if you say like it's grown in the middle level, please. That's grown in the middle level. Yes. So then you get lastly. We can also check if a robot is like broken in a match. And then you can see statistics on the other thing of how often robots break, which is super nice. I don't have anything implemented for pin scouting. I just realized. So if you wanted to do pin scouting, that's not super hard to implement either.  This just saves JSON files to like a directory. Then you can set that directory onto a USB stick and then move the USB stick into the other one. That's how you can get all the scouts synchronized without internet. Yeah, that is a better idea than both Slack and QR code. Yeah, Slack and QR codes are like a little bit nasty. So I was like, okay, QR codes is pretty nice. That's if you did this before my interview. Well, you just wanted to collect the retaining board points.  You guys have a great day to check it out. I'm like I said.
2026-08-08 15:56:52.268 - RealTimeSTT: realtimestt - DEBUG - Current realtime buffer size: 3432448
2026-08-08 15:56:53.270 - RealTimeSTT: realtimestt - DEBUG - _audio_data_worker writing audio data into queue.
2026-08-08 15:56:54.294 - RealTimeSTT: realtimestt - DEBUG - _audio_data_worker writing audio data into queue.
2026-08-08 15:56:54.961 - RealTimeSTT: realtimestt - DEBUG - Realtime text detected (timer): Yeah, correct. Open AI 5.6. Yeah, this one I wrote myself. Is this is pike you two guys? Yes. Hey, pike you two is  cross platform and I can wrap it up in two-dexicutable. So it's better than taking two. It is better than taking it to voice commands. Yes. So instead of looking at your phone and typing stuff or putting stuff on a keyboard, you just use voice and keywords and just narrate the match. So as a robot scores, you can say they score level three and then anything else that you say that's unrelated.  We'll be recorded as notes. And now I was having some trouble with this yesterday with Eric. I don't know. I made a fix that. Just like the real time STQ, which is one on whisper made. I used to have people want to do it once. This is local. Because everything has to be local right now. I can't make any of that process. I gotta call it. Because you know a lot to have internet connection. You know a lot of wireless connections that start in the robot. So yeah.  We'll say match number 6.7. We're not on this one. Every scout will also get a number and I get like a list of scouts with blue alliance. And if you're scout number 5 and you'll be scouting the 5th robot, that will also be the middle robot on the battle alliance. So you'll look at the same robot every single match, like the same starting location basically. So that'll be super nice and it'll keep the scouts organized.  This takes a second So now you can see the notes popping up in the bottom, which is kind of janky. Wait, why did that? That was like a long time ago. Okay, so I said I wrote this myself. That's why it's janky. I need to fix it. I focus a lot more on the other one, but  But if you say like it's grown in the middle level, please. That's grown in the middle level. Yes. So then you get lastly. We can also check if a robot is like broken in a match. And then you can see statistics on the other thing of how often robots break, which is super nice. I don't have anything implemented for pin scouting. I just realized. So if you wanted to do pin scouting, that's not super hard to implement either.  This just saves JSON files to like a directory. Then you can set that directory onto a USB stick and then move the USB stick into the other one. That's how you can get all the scouts synchronized without internet. Yeah, that is a better idea than both Slack and QR code. Yeah, Slack and QR codes are like a little bit nasty. So I was like, okay, QR codes is pretty nice. That's if you did this before my interview. Well, you just wanted to collect the retaining board points.  It's a little bit janky
2026-08-08 15:56:54.971 - RealTimeSTT: realtimestt - DEBUG - Current realtime buffer size: 3475456
2026-08-08 15:56:55.318 - RealTimeSTT: realtimestt - DEBUG - _audio_data_worker writing audio data into queue.
2026-08-08 15:56:56.343 - RealTimeSTT: realtimestt - DEBUG - _audio_data_worker writing audio data into queue.
2026-08-08 15:56:57.366 - RealTimeSTT: realtimestt - DEBUG - _audio_data_worker writing audio data into queue.
2026-08-08 15:56:58.246 - RealTimeSTT: realtimestt - DEBUG - Realtime text detected (timer): Yeah, correct. Open AI 5.6. Yeah, this one I wrote myself. Is this is pike you two guys? Yes. Hey, pike you two is  cross platform and I can wrap it up in two-dexicutable. So it's better than taking two. It is better than taking it to voice commands. Yes. So instead of looking at your phone and typing stuff or putting stuff on a keyboard, you just use voice and keywords and just narrate the match. So as a robot scores, you can say they score level three and then anything else that you say that's unrelated.  We'll be recorded as notes. And now I was having some trouble with this yesterday with Eric. I don't know. I made a fix that. Just like the real time STQ, which is one on whisper made. I used to have people want to do it once. This is local. Because everything has to be local right now. I can't make any of that process. I gotta call it. Because you know a lot to have internet connection. You know a lot of wireless connections that start in the robot. So yeah.  We'll say match number 6.7. We're not on this one. Every scout will also get a number and I get like a list of scouts with blue alliance. And if you're scout number 5 and you'll be scouting the 5th robot, that will also be the middle robot on the battle alliance. So you'll look at the same robot every single match, like the same starting location basically. So that'll be super nice and it'll keep the scouts organized.  This takes a second So now you can see the notes popping up in the bottom, which is kind of janky. Wait, why did that? That was like a long time ago. Okay, so I said I wrote this myself. That's why it's janky. I need to fix it. I focus a lot more on the other one, but  But if you say like it's grown in the middle level, please. That's grown in the middle level. Yes. So then you get lastly. We can also check if a robot is like broken in a match. And then you can see statistics on the other thing of how often robots break, which is super nice. I don't have anything implemented for pin scouting. I just realized. So if you wanted to do pin scouting, that's not super hard to implement either.  This just saves JSON files to like a directory. Then you can set that directory onto a USB stick and then move the USB stick into the other one. That's how you can get all the scouts synchronized without internet. Yeah, that is a better idea than both Slack and QR code. Yeah, Slack and QR codes are like a little bit nasty. So I was like, okay, QR codes is pretty nice. That's if you did this before my interview. Well, you just wanted to collect the retaining board points.  It's a little bit janky.
2026-08-08 15:56:58.257 - RealTimeSTT: realtimestt - DEBUG - Current realtime buffer size: 3528704
2026-08-08 15:56:58.390 - RealTimeSTT: realtimestt - DEBUG - _audio_data_worker writing audio data into queue.
2026-08-08 15:56:59.414 - RealTimeSTT: realtimestt - DEBUG - _audio_data_worker writing audio data into queue.
2026-08-08 15:57:00.438 - RealTimeSTT: realtimestt - DEBUG - _audio_data_worker writing audio data into queue.
2026-08-08 15:57:01.047 - RealTimeSTT: realtimestt - DEBUG - Realtime text detected (timer): Yeah, correct. Open AI 5.6. Yeah, this one I wrote myself. Is this is pike you two guys? Yes. Hey, pike you two is  cross platform and I can wrap it up in two-dexicutable. So it's better than taking two. It is better than taking it to voice commands. Yes. So instead of looking at your phone and typing stuff or putting stuff on a keyboard, you just use voice and keywords and just narrate the match. So as a robot scores, you can say they score level three and then anything else that you say that's unrelated.  We'll be recorded as notes. And now I was having some trouble with this yesterday with Eric. I don't know. I made a fix that. Just like the real time STQ, which is one on whisper made. I used to have people want to do it once. This is local. Because everything has to be local right now. I can't make any of that process. I gotta call it. Because you know a lot to have internet connection. You know a lot of wireless connections that start in the robot. So yeah.  We'll say match number 6.7. We're not on this one. Every scout will also get a number and I get like a list of scouts with blue alliance. And if you're scout number 5 and you'll be scouting the 5th robot, that will also be the middle robot on the battle alliance. So you'll look at the same robot every single match, like the same starting location basically. So that'll be super nice and it'll keep the scouts organized.  This takes a second So now you can see the notes popping up in the bottom, which is kind of janky. Wait, why did that? That was like a long time ago. Okay, so I said I wrote this myself. That's why it's janky. I need to fix it. I focus a lot more on the other one, but  But if you say like it's grown in the middle level, please. That's grown in the middle level. Yes. So then you get lastly. We can also check if a robot is like broken in a match. And then you can see statistics on the other thing of how often robots break, which is super nice. I don't have anything implemented for pin scouting. I just realized. So if you wanted to do pin scouting, that's not super hard to implement either.  This just saves JSON files to like a directory. Then you can set that directory onto a USB stick and then move the USB stick into the other one. That's how you can get all the scouts synchronized without internet. Yeah, that is a better idea than both Slack and QR code. Yeah, Slack and QR codes are like a little bit nasty. So I was like, okay, QR codes is pretty nice. That's if you did this before my interview. Well, you just wanted to collect the retaining board points.  It's a little bit janky.
2026-08-08 15:57:01.059 - RealTimeSTT: realtimestt - DEBUG - Current realtime buffer size: 3573760
2026-08-08 15:57:01.462 - RealTimeSTT: realtimestt - DEBUG - _audio_data_worker writing audio data into queue.
2026-08-08 15:57:02.486 - RealTimeSTT: realtimestt - DEBUG - _audio_data_worker writing audio data into queue.
2026-08-08 15:57:03.177 - RealTimeSTT: realtimestt - DEBUG - Finishing recording thread
2026-08-08 15:57:03.180 - RealTimeSTT: realtimestt - DEBUG - Terminating reader process
2026-08-08 15:57:03.186 - RealTimeSTT: realtimestt - DEBUG - No samples removed, final audio length: 3607552
2026-08-08 15:57:03.186 - RealTimeSTT: realtimestt - INFO - State changed from 'recording' to 'inactive'
2026-08-08 15:57:03.289 - RealTimeSTT: realtimestt - DEBUG - Terminating transcription process
2026-08-08 15:57:03.289 - RealTimeSTT: realtimestt - DEBUG - Finishing realtime thread
2026-08-08 15:57:04.189 - RealTimeSTT: realtimestt - DEBUG - Realtime text detected (timer): Yeah, correct. Open AI 5.6. Yeah, this one I wrote myself. Is this is pike you two guys? Yes. Hey, pike you two is  cross platform and I can wrap it up in two-dexicutable. So it's better than taking two. It is better than taking it to voice commands. Yes. So instead of looking at your phone and typing stuff or putting stuff on a keyboard, you just use voice and keywords and just narrate the match. So as a robot scores, you can say they score level three and then anything else that you say that's unrelated.  We'll be recorded as notes. And now I was having some trouble with this yesterday with Eric. I don't know. I made a fix that. Just like the real time STQ, which is one on whisper made. I used to have people want to do it once. This is local. Because everything has to be local right now. I can't make any of that process. I gotta call it. Because you know a lot to have internet connection. You know a lot of wireless connections that start in the robot. So yeah.  We'll say match number 6.7. We're not on this one. Every scout will also get a number and I get like a list of scouts with blue alliance. And if you're scout number 5 and you'll be scouting the 5th robot, that will also be the middle robot on the battle alliance. So you'll look at the same robot every single match, like the same starting location basically. So that'll be super nice and it'll keep the scouts organized.  This takes a second So now you can see the notes popping up in the bottom, which is kind of janky. Wait, why did that? That was like a long time ago. Okay, so I said I wrote this myself. That's why it's janky. I need to fix it. I focus a lot more on the other one, but  But if you say like it's grown in the middle level, please. That's grown in the middle level. Yes. So then you get lastly. We can also check if a robot is like broken in a match. And then you can see statistics on the other thing of how often robots break, which is super nice. I don't have anything implemented for pin scouting. I just realized. So if you wanted to do pin scouting, that's not super hard to implement either.  This just saves JSON files to like a directory. Then you can set that directory onto a USB stick and then move the USB stick into the other one. That's how you can get all the scouts synchronized without internet. Yeah, that is a better idea than both Slack and QR code. Yeah, Slack and QR codes are like a little bit nasty. So I was like, okay, QR codes is pretty nice. That's if you did this before my interview. Well, you just wanted to collect the retaining board points.  It's a little bit janky.
2026-08-08 15:57:04.189 - RealTimeSTT: realtimestt - DEBUG - Realtime worker stopped
